"﻿""Ключевое слово""";Результатов в Яндексе;Слов;Символов;Частотность Весь мир;"""!Частотность !Весь !мир""";Позиция в выдаче Яндекса;360.yandex.com
аутсорсинг;8000000;1;10;143498;14173;1;360.yandex.com
аутсортинг;4000;1;10;689;19;1;360.yandex.com
скачать яндекс календарь на айфон;297000;5;33;55;36;1;360.yandex.com
инсорсинг это;2000000;2;13;223;95;1;360.yandex.com
в коворкинге что это;9000;4;20;329;29;1;360.yandex.com
как настроить переадресацию в яндекс почте;1000000;6;42;142;66;1;360.yandex.com
как настроить переадресацию на яндекс почте;1000000;6;43;111;20;1;360.yandex.com
что такое миссия организации;548000;4;28;366;122;1;360.yandex.com
как сохранить на яндекс диск и отправить ссылку;1000000;8;47;461;87;1;360.yandex.com
яндекс 360 для бизнеса что это;1000000;6;30;175;116;1;360.yandex.com
что спросить на собеседовании у кандидата;421000;6;41;184;49;1;360.yandex.com
коворкинг что;2000000;2;13;14609;184;1;360.yandex.com
офер это в работе;2000000;4;17;121;120;1;360.yandex.com
как переслать письмо в яндекс почте;1000000;6;35;189;27;1;360.yandex.com
аутсерсинг;8000000;1;10;299;100;1;360.yandex.com
миссия организации это;2000000;3;22;3303;578;1;360.yandex.com
как сделать переадресацию почты;1000000;4;31;1059;17;1;360.yandex.com
календарь яндекс приложение на ios;2000000;5;34;9;6;1;360.yandex.com
яндекс календарь скачать ios;52000;4;28;262;9;1;360.yandex.com
какие домены есть у яндекс почты;2000000;6;32;18;13;1;360.yandex.com
рабочая почта яндекс team;2000000;4;25;23;9;1;360.yandex.com
как закинуть на яндекс диск и дать ссылку;1000000;8;41;18;11;1;360.yandex.com
сохранить на яндекс диск редактировать копию;833000;6;44;253;8;1;360.yandex.com
добавить яндекс календарь в iphone;991000;5;34;62;14;1;360.yandex.com
меры безопасности в сети интернет;2000000;5;33;241;12;1;360.yandex.com
correo yandex;118000;2;13;25;13;1;360.yandex.com
space yandex;134000;2;12;259;10;1;360.yandex.com
переадресация яндекс почты на другую почту;2000000;6;42;257;15;1;360.yandex.com
https mail yandex ru touch compose to billing liveinternet ru;2000000;10;61;14;14;1;360.yandex.com
как настроить яндекс календарь на iphone;368000;6;40;8;8;1;360.yandex.com
как добавить яндекс календарь в айфон;941000;6;37;35;13;1;360.yandex.com
что такое персональные данные субъекта;1000000;5;38;241;17;1;360.yandex.com
как передать файлы через облако яндекс;745000;6;38;13;6;1;360.yandex.com
яндекс диск почта;1000000;3;17;3634;697;2;360.yandex.com
как отправить облаком файл яндекс;1000000;5;33;135;0;1;360.yandex.com
как отправить файлы через облако яндекс;4000;6;39;14;1;1;360.yandex.com
диск яндекс открыть;1000000;3;19;16648;9963;2;360.yandex.com
передать файл через файлообменник яндекс;993000;5;40;1;0;1;360.yandex.com
яндекс почта для бизнеса;2000000;4;24;1622;933;2;360.yandex.com
подключить яндекс календарь на iphone;5000;5;37;11;3;1;360.yandex.com
как в яндекс почте поменять шрифт по умолчанию;94000;8;46;2;0;1;360.yandex.com
яндекс почта com вход;2000000;4;21;77;2;1;360.yandex.com
аутсортинг что это;2000000;3;18;3;0;1;360.yandex.com
как сделать переадресацию яндекс почты;2000000;5;38;197;3;1;360.yandex.com
yandex mail sign in;50000;4;19;7;3;1;360.yandex.com
яндекс 360 для бизнеса;1000000;4;22;5159;2766;2;360.yandex.com
облако сообщений;132000;2;16;2945;2;1;360.yandex.com
как сделать переадресацию на почте яндекс;1000000;6;41;138;5;1;360.yandex.com
яндекс 365;528000;2;10;3423;397;2;360.yandex.com
ежедневник яндекс;410000;2;17;398;107;2;360.yandex.com
yandex 360 mail;668000;3;15;1035;123;2;360.yandex.com
мэйл почта яндекс;1000000;3;17;537;259;2;360.yandex.com
скачать яндекс диск для windows 11;2000000;6;34;144;118;2;360.yandex.com
яндекс word online;174000;3;18;202;187;2;360.yandex.com
documents yandex;130000;2;16;1495;114;2;360.yandex.com
360 яндекс почта вход;2000000;4;21;688;325;2;360.yandex.com
стоимость яндекс диск;106000;3;21;637;243;2;360.yandex.com
https disk yandex;1000000;3;17;176475;311;2;360.yandex.com
https disk yandex ru i;2000000;5;22;53700;164;2;360.yandex.com
http disk yandex ru;1000000;4;19;2933;352;2;360.yandex.com
яндекс диск вход в личный кабинет через телефон;2000000;8;47;614;313;2;360.yandex.com
яндекс диск скачать для windows 11;2000000;6;34;144;118;2;360.yandex.com
яндексдиск ру;2000000;2;13;1397;288;2;360.yandex.com
https disk yandex ru d;2000000;5;22;97208;381;2;360.yandex.com
яндекс диск для windows скачать;997000;5;31;819;105;2;360.yandex.com
почта яндекс ю;4000;3;14;80;46;2;360.yandex.com
почта яндекс 4;623000;3;14;870;58;2;360.yandex.com
яндекс диск цена тарифы;1000000;4;23;163;66;2;360.yandex.com
корпоративная почта яндекс 360;377000;4;30;155;55;2;360.yandex.com
яндекс 360 календарь;764000;3;20;179;62;2;360.yandex.com
скачать яндекс диск на пк виндовс 10;959000;7;36;62;48;2;360.yandex.com
скачать яндекс диск на ноутбук бесплатно на русском языке;1000000;9;57;76;76;2;360.yandex.com
яндекс почта рабочая;1000000;3;20;1736;66;2;360.yandex.com
офис 360 яндекс;659000;3;15;155;72;2;360.yandex.com
яндекс диск скачать для компьютера;44000;5;34;172;59;2;360.yandex.com
почта яндекс 360 вход в личный кабинет;2000000;7;38;81;78;2;360.yandex.com
почта яндекс россии;2000000;3;19;2419;75;2;360.yandex.com
переадресация яндекс почты;45000;3;26;1030;54;2;360.yandex.com
яндекс диск для пк скачать;1000000;5;26;677;72;2;360.yandex.com
яндекс диск скачать windows;1000000;4;27;3057;98;2;360.yandex.com
яндекс диск скачать на пк виндовс 10;2000000;7;36;60;46;2;360.yandex.com
яндекс дайджест;487000;2;15;148;31;2;360.yandex.com
365 яндекс почта;1000000;3;16;128;32;2;360.yandex.com
клиент яндекс диск;638000;3;18;293;40;2;360.yandex.com
яндекс корп почта;1000000;3;17;76;32;2;360.yandex.com
яндекс диск для студентов;569000;4;25;73;35;2;360.yandex.com
яндекс диск приложение для windows 10 скачать;3000000;7;45;33;32;2;360.yandex.com
управление яндекс 360;587000;3;21;415;41;2;360.yandex.com
как создать группу в яндекс почте для рассылки;5000;8;46;86;37;2;360.yandex.com
как добавить календарь яндекс в iphone;1000000;6;38;47;40;2;360.yandex.com
почта яндекс ру личный кабинет;2000000;5;30;199;33;2;360.yandex.com
войти в почту яндекс на свою страницу через логин и пароль с телефона;383000;13;69;136;43;2;360.yandex.com
яндекс диск подписка на год;2000000;5;27;99;41;2;360.yandex.com
почта 365 яндекс;1000000;3;16;135;32;2;360.yandex.com
яндекс диск скачать для виндовс;972000;5;31;293;40;2;360.yandex.com
скачать программу яндекс диск;1000000;4;29;413;45;2;360.yandex.com
программа яндекс диск скачать;4000;4;29;412;30;2;360.yandex.com
яндекс 360 лк;513000;3;13;48;26;2;360.yandex.com
яндекс диск сколько стоит подписка;116000;5;34;84;26;2;360.yandex.com
яндекс диск программа скачать;1000000;4;29;406;27;2;360.yandex.com
сколько стоит подписка яндекс диск;221000;5;34;87;26;2;360.yandex.com
диск яндекс скачать на виндовс 10;2000000;6;33;123;27;2;360.yandex.com
почта яндекс юа;1000000;3;15;37;26;2;360.yandex.com
365 почта яндекс;913000;3;16;127;30;2;360.yandex.com
яндекс диск 1 терабайт;4000000;4;22;98;27;2;360.yandex.com
яндекс диск скачать пк;906000;4;22;6032;29;2;360.yandex.com
скачать программу яндекс диск на компьютер бесплатно на русском языке;3000000;10;69;26;26;2;360.yandex.com
яндекс 365 почта;1000000;3;16;127;30;2;360.yandex.com
доменное имя яндекс;791000;3;19;196;29;2;360.yandex.com
яндекс диск 360 скачать;296000;4;23;81;26;2;360.yandex.com
яндекс диск ска;541000;3;15;34;27;2;360.yandex.com
яндекс почта 365;1000000;3;16;127;30;2;360.yandex.com
синхронизация яндекс календаря с iphone;578000;5;39;44;25;2;360.yandex.com
вход в яндекс 360;93000;4;17;678;21;2;360.yandex.com
календарь яндекса;788000;2;17;34976;21;2;360.yandex.com
яндекс диск десктоп скачать;941000;4;27;31;22;2;360.yandex.com
яндекс диск скачать на компьютер windows 10 с официального сайта microsoft;117000;11;74;21;21;2;360.yandex.com
https mail yandex ru inbox;2000000;5;26;677;22;2;360.yandex.com
подписка яндекс премиум 360;1000000;4;27;311;21;2;360.yandex.com
как поделиться видео через яндекс диск;2000000;6;38;32;24;2;360.yandex.com
яндекс почта м;2000000;3;14;164;22;2;360.yandex.com
яндекс органайзер;7000;2;17;229;23;2;360.yandex.com
скачать яндекс диск для виндовс 10 64 бит с официального сайта;3000000;11;62;22;22;2;360.yandex.com
почта 360 для бизнеса;1000000;4;21;268;24;2;360.yandex.com
органайзер яндекс;401000;2;17;237;23;2;360.yandex.com
хранилище фото яндекс диск облако;1000000;5;33;24;21;2;360.yandex.com
как подключить свой домен к яндекс почте;1000000;7;40;31;22;2;360.yandex.com
роста яндекс почта вход в почту;2000000;6;31;24;24;2;360.yandex.com
почта яндекс нижний новгород;100000;4;28;47;20;2;360.yandex.com
https calendar yandex ru;2000000;4;24;612;16;2;360.yandex.com
яндекс диск скачать клиент;583000;4;26;47;16;2;360.yandex.com
windows 10 скачать яндекс диск;2000000;5;30;2155;17;2;360.yandex.com
z lbcr crfxfnm;177000;3;14;29;16;2;360.yandex.com
yandex почта бизнес;1000000;3;19;85;16;2;360.yandex.com
яндекс диск полная версия;1000000;4;25;149;16;2;360.yandex.com
сколько стоит подписка на яндекс диск;2000000;6;37;48;19;2;360.yandex.com
как отправить файлы через яндекс диск на почту;1000000;8;46;32;17;2;360.yandex.com
яндекс почта старая версия вход в почту;670000;7;39;20;18;2;360.yandex.com
как в яндекс почте настроить шрифт;99000;6;34;47;16;2;360.yandex.com
яндекс диск для компьютера скачать бесплатно;2000000;6;44;29;19;2;360.yandex.com
яндекс почта нижний новгород;54000;4;28;44;18;2;360.yandex.com
стоимость яндекс диска 1 тб;3000000;5;27;97;16;2;360.yandex.com
купить хранилище яндекс диск;1000000;4;28;34;17;2;360.yandex.com
яндекс диск скачать на компьютер windows;1000000;6;40;1782;20;2;360.yandex.com
яндекс почта для бизнеса бесплатно;2000000;5;34;27;15;2;360.yandex.com
как установить яндекс календарь на айфон;1000000;6;40;15;13;2;360.yandex.com
аутсорсинг яндекс;437000;2;17;168;13;2;360.yandex.com
как настроить телемост яндекс;514000;4;29;172;14;2;360.yandex.com
вход в электронную почту яндекс через логин и пароль с телефона войти;3000000;12;69;20;13;2;360.yandex.com
яндекс почта официальный;1000000;3;24;808;13;2;360.yandex.com
яндекс диск скачать windows 11;2000000;5;30;367;13;2;360.yandex.com
запись в яндекс телемост;865000;4;24;331;14;2;360.yandex.com
все тарифы яндекс диск;599000;4;22;62;13;2;360.yandex.com
яндекс 360 семейный премиум;392000;4;27;87;14;2;360.yandex.com
mail yandex ru вход в почту с телефона на свою страницу через логин и пароль;3000000;15;76;13;13;2;360.yandex.com
яндекс диск открыть мобильная версия моя страница;2000000;7;49;18;15;2;360.yandex.com
яндекс телемост как настроить;89000;4;29;172;14;2;360.yandex.com
почта яндекс4;3000000;2;13;13;13;2;360.yandex.com
входящая яндекс бесплатная почта;2000000;4;32;892;14;2;360.yandex.com
яндекс диск для виндовс 7 скачать бесплатно;3000000;7;43;20;15;2;360.yandex.com
как архивировать письма в яндекс почте;326000;6;38;25;13;2;360.yandex.com
пересылка писем с яндекса на другой ящик;689000;7;40;18;11;2;360.yandex.com
яндекс диск цена за 1т на год;3000000;7;29;13;11;2;360.yandex.com
яндекс диск download;697000;3;20;84;12;2;360.yandex.com
yandex domain;165000;2;13;2793;11;2;360.yandex.com
e mail yandex;940000;3;13;2043;11;2;360.yandex.com
размер яндекс диска бесплатно сколько;1000000;5;37;12;11;2;360.yandex.com
яндекс почта бизнес аккаунт;2000000;4;27;59;13;2;360.yandex.com
яндекс диск сколько памяти;67000;4;26;331;12;2;360.yandex.com
что такое яндекс 360 почта;444000;5;26;22;12;2;360.yandex.com
яндекс почта россия;2000000;3;19;2373;11;2;360.yandex.com
яндекс диск 360 бесплатно;2000000;4;25;71;13;2;360.yandex.com
переадресация в яндекс почте;1000000;4;28;443;12;2;360.yandex.com
почта яндекс россия;2000000;3;19;2419;11;2;360.yandex.com
https mail yandex ru touch tab relevant вход https mail yandex ru почта майл;2000000;14;76;16;12;2;360.yandex.com
яндекс 360 доменная почта;1000000;4;25;48;13;2;360.yandex.com
яндекс дмк;1000000;2;10;25;11;2;360.yandex.com
яндекс переписки;390000;2;16;2096;10;2;360.yandex.com
аналог зума от яндекс;442000;4;21;17;10;2;360.yandex.com
как отправить с яндекс диска файл;1000000;6;33;300;10;2;360.yandex.com
яндекс календарь распечатать;472000;3;28;63;10;2;360.yandex.com
yandex posta;803000;2;12;32;10;2;360.yandex.com
yandex mailbox;53000;2;14;69;10;2;360.yandex.com
яндекс диск последняя версия;2000000;4;28;295;11;2;360.yandex.com
яндекс диск сколько памяти бесплатно;338000;5;36;113;10;2;360.yandex.com
календарь в яндексе;706000;3;19;3895;11;2;360.yandex.com
яндекс диск цена за 1т;3000000;5;22;23;10;2;360.yandex.com
как отправить видео с яндекс диска;3000000;6;34;298;11;2;360.yandex.com
яндекс 360 для бизнеса почта для домена;1000000;7;39;23;11;2;360.yandex.com
почта яндекс сом;1000000;3;16;39;10;2;360.yandex.com
сколько бесплатно на яндекс диске;636000;5;33;520;11;2;360.yandex.com
что такое облако на компьютере;99000;5;30;25;11;2;360.yandex.com
яндекс workspace;400000;2;16;133;9;2;360.yandex.com
яндекс мэй;501000;2;10;56;7;2;360.yandex.com
яндекс почта новосибирск;6000;3;24;35;8;2;360.yandex.com
365 бизнес яндекс;1000000;3;17;76;8;2;360.yandex.com
яндекс диск скачать на пк виндовс 7;3000000;7;35;9;8;2;360.yandex.com
как в яндекс почте настроить переадресацию всех писем;1000000;8;53;10;8;2;360.yandex.com
360 yandex ru premium plans;1000000;5;27;122;8;2;360.yandex.com
безлимит фото;384000;2;13;1195;9;2;360.yandex.com
как подключить почту к домену яндекс;347000;6;36;69;8;2;360.yandex.com
текущая версия яндекс диск;938000;4;26;98;8;2;360.yandex.com
как закачать фото на яндекс диск и поделиться ссылкой;2000000;9;53;11;8;2;360.yandex.com
создать почту яндекс 360;559000;4;24;83;9;2;360.yandex.com
яндекс календарь онлайн органайзер;8000;4;34;9;9;2;360.yandex.com
сколько бесплатных гб на яндекс диске;1000000;6;37;74;8;2;360.yandex.com
яндекс диск 3 тб;3000000;4;16;170;8;2;360.yandex.com
яндекс почта бизнес личный кабинет;935000;5;34;58;9;2;360.yandex.com
яндекс диск купить место тарифы;1000000;5;31;23;7;2;360.yandex.com
яндекс дик скачать;916000;3;18;70;5;2;360.yandex.com
переадресация писем яндекс;503000;3;26;290;6;2;360.yandex.com
яндекс ru главная почта;3000000;4;23;33;6;2;360.yandex.com
умная почта яндекс;548000;3;18;170;6;2;360.yandex.com
скачать яндекс диск для windows 10 бесплатно;1000000;7;44;29;6;2;360.yandex.com
файловый менеджер яндекс;554000;3;24;610;6;2;360.yandex.com
почта яндекс 360 вход в личный;2000000;6;30;87;7;2;360.yandex.com
яндекс диск скачать виндовс;1000000;4;27;818;6;2;360.yandex.com
скачать яндекс диск бесплатно на компьютер виндовс 10;5000;8;53;11;7;2;360.yandex.com
yandex kz почта войти;2000000;4;21;27;6;2;360.yandex.com
другая почта на яндексе вход;2000000;5;28;65;7;2;360.yandex.com
настроить переадресацию в яндекс почте;1000000;5;38;171;7;2;360.yandex.com
яндекс диск установить скачать;627000;4;30;121;6;2;360.yandex.com
yandex disk купить;1000000;3;18;30;6;2;360.yandex.com
яндекс почта как настроить переадресацию всех писем;1000000;7;51;22;7;2;360.yandex.com
яндекс почта самара;44000;3;19;31;5;2;360.yandex.com
yandex disk цена;6000;3;16;80;3;2;360.yandex.com
яндекс премиум что это такое;1000000;5;28;39;4;2;360.yandex.com
чндекс дис;87000;2;10;4;4;2;360.yandex.com
яндекс почта 360 вход на мою страницу;82000;7;37;25;3;2;360.yandex.com
ya ry почта;1000000;3;11;8;4;2;360.yandex.com
что значит загружать в безлимит на яндекс;667000;7;41;51;3;2;360.yandex.com
яндекс дс4;2000000;2;10;7;5;2;360.yandex.com
как отправить видео через яндекс диск с телефона на телефон;3000000;10;59;4;4;2;360.yandex.com
как залить фото на яндекс диск и дать ссылку;2000000;9;44;15;5;2;360.yandex.com
почтовый клиент яндекс для windows 7;2000000;6;36;5;4;2;360.yandex.com
сколько стоит яндекс диск в месяц;1000000;6;33;7;5;2;360.yandex.com
yandex planner;87000;2;14;34;5;2;360.yandex.com
яндекс мали;307000;2;11;79;3;2;360.yandex.com
mail yandex ru l;1000000;4;16;212;4;2;360.yandex.com
скачать яндекс диск бесплатно на ноутбук;1000000;6;40;87;5;2;360.yandex.com
коммерческая почта яндекс;1000000;3;25;22;3;2;360.yandex.com
скачать яндекс диск для windows 10 с официального сайта;2000000;9;55;2;1;2;360.yandex.com
как передать фото через яндекс диск другому человеку;2000000;8;52;2;2;2;360.yandex.com
яндекс 360 стандарт;599000;3;19;22;2;2;360.yandex.com
яндекс календарь скачать бесплатно на компьютер;75000;6;47;2;2;2;360.yandex.com
яндекс каллен;484000;2;13;3;2;2;360.yandex.com
официальный сайт почтового сервиса от компании яндекс;189000;7;53;1;1;2;360.yandex.com
как подключить доменную почту к яндексу;568000;6;39;6;3;2;360.yandex.com
яндекс почта английскими;1000000;3;24;939;2;2;360.yandex.com
аутсординг;9000000;1;10;37;2;2;360.yandex.com
mail yandex md;5000;3;14;4;2;2;360.yandex.com
mail ya ry;540000;3;10;6;3;2;360.yandex.com
войти в почту яндекс на свою страницу через логин и пароль бесплатно;2000000;12;68;24;2;2;360.yandex.com
yandex bahasa inggris;144000;3;21;7;2;2;360.yandex.com
как скинуть файлы через яндекс диск;728000;6;35;28;2;2;360.yandex.com
яндекс почта на английском языке;695000;5;32;335;3;2;360.yandex.com
переадресация почты yandex;1000000;3;26;12;1;2;360.yandex.com
почта яндекс украина;114000;3;20;25;0;2;360.yandex.com
диск скачать на компьютер windows 10;393000;6;36;1832;0;2;360.yandex.com
m ya ru mail;2000000;4;12;10;1;2;360.yandex.com
la yandex ru;1000000;3;12;318;0;2;360.yandex.com
скачать яндекс диск для windows 10 64 bit;3000000;8;41;2;0;2;360.yandex.com
https mail yandex ua;1000000;4;20;20;0;2;360.yandex.com
yandex переадресация почты;1000000;3;26;14;1;2;360.yandex.com
login to yandex mail;102000;4;20;4;0;2;360.yandex.com
el yandex ru;2000000;3;12;519;1;2;360.yandex.com
email de yandex;760000;3;15;3;0;2;360.yandex.com
яндекс диск 4а;3000000;3;14;4;1;2;360.yandex.com
яндекс почта войти через логин и пароль с мобильника;2000000;9;52;160;1;2;360.yandex.com
yandex ru mom;579000;3;13;284;0;2;360.yandex.com
премиум 200 гб яндекс;1000000;4;21;60;1;2;360.yandex.com
yandex mail inbox;464000;3;17;1220;1;2;360.yandex.com
mail yandex;577000;2;11;148522;37151;3;360.yandex.com
яндекс диск войти моя страница вход;3000000;6;35;1090;455;3;360.yandex.com
яндекс диск войти в личный кабинет войти;2000000;7;40;4017;585;3;360.yandex.com
яндекс диск приложение скачать;2000000;4;30;1704;895;3;360.yandex.com
войти в яндекс почту личный кабинет;2000000;6;35;29870;563;3;360.yandex.com
docs yandex;197000;2;11;10066;799;3;360.yandex.com
яндекс диск вход в личный кабинет вход;2000000;7;38;10145;544;3;360.yandex.com
почта для бизнеса яндекс;2000000;4;24;1683;975;3;360.yandex.com
скачать яндекс диск приложение;2000000;4;30;1682;881;3;360.yandex.com
яндекс диск личный кабинет;1000000;4;26;15307;916;3;360.yandex.com
яндекс диск вход на мою страницу;2000000;6;32;1175;608;3;360.yandex.com
яндекс диск зайти;704000;3;17;3599;1216;3;360.yandex.com
почта яндекс для бизнеса;2000000;4;24;1683;975;3;360.yandex.com
вход в яндекс диск в личный кабинет;2000000;7;35;10692;563;3;360.yandex.com
приложение яндекс диск скачать;2000000;4;30;1712;902;3;360.yandex.com
диск яндекс диск войти;2000000;4;22;32420;2033;3;360.yandex.com
бизнес почта яндекс;1000000;3;19;2682;411;3;360.yandex.com
яндекс рассылки;655000;2;15;5108;195;3;360.yandex.com
яндекс диск приложение для windows 11;2000000;6;37;242;224;3;360.yandex.com
скачать яндекс 360;844000;3;18;804;298;3;360.yandex.com
яндекс войти в свою почту;2000000;5;25;7579;223;3;360.yandex.com
мой яндекс диск войти на свою страницу;2000000;7;38;296;247;3;360.yandex.com
яндекс презентации онлайн создать бесплатно;2000000;5;43;272;209;3;360.yandex.com
яндекс почта бизнес;1000000;3;19;2521;375;3;360.yandex.com
облако яндекс диск войти;2000000;4;24;747;279;3;360.yandex.com
яндекс вход в аккаунт почта;410000;5;27;505;346;3;360.yandex.com
зайти в яндекс диск;1000000;4;19;1284;240;3;360.yandex.com
disk yandex download;501000;3;20;897;376;3;360.yandex.com
яндекс файл;355000;2;11;101534;349;3;360.yandex.com
яндекс диск войти на свою страницу;2000000;6;34;876;214;3;360.yandex.com
почта яндекс личный кабинет войти в личный кабинет вход на личную страницу;2000000;12;74;705;301;3;360.yandex.com
яндекс премиум 360;793000;3;18;1979;401;3;360.yandex.com
тарифы яндекс диска;644000;3;19;5571;194;3;360.yandex.com
облако яндекс диск войти на свою страницу;2000000;7;41;273;128;3;360.yandex.com
яндекс диск вход в свой аккаунт;1000000;6;31;179;138;3;360.yandex.com
yandex documents;155000;2;16;1497;141;3;360.yandex.com
яд диск;173000;2;7;218;136;3;360.yandex.com
бесплатная электронная яндекс почта;1000000;4;35;6932;139;3;360.yandex.com
место на яндекс диске купить;1000000;5;28;425;130;3;360.yandex.com
я диск вход;2000000;3;11;296;181;3;360.yandex.com
yadi;36000;1;4;17384;140;3;360.yandex.com
почта полная версия яндекс;962000;4;26;555;160;3;360.yandex.com
яндекс плиск;386000;2;12;154;139;3;360.yandex.com
дис4 яндекс;2000000;2;11;228;191;3;360.yandex.com
войти в почту по логину и паролю яндекс;2000000;8;39;1006;180;3;360.yandex.com
яндекс 360 почта для бизнеса;1000000;5;28;235;131;3;360.yandex.com
яндекс дикс диск;671000;3;16;236;143;3;360.yandex.com
войти в почту яндекс на свою почту через логин и пароль;2000000;11;55;609;192;3;360.yandex.com
яндекс почта 360 для бизнеса;1000000;5;28;216;127;3;360.yandex.com
облако яндекс для фото;1000000;4;22;232;93;3;360.yandex.com
электронная почта моя войти яндекс;1000000;5;34;3167;95;3;360.yandex.com
яндекс диск войти моя страница с телефона для просмотра;3000000;9;55;418;108;3;360.yandex.com
емайл сайт;2000000;2;10;1210;95;3;360.yandex.com
yandex 360 почта;1000000;3;16;323;98;3;360.yandex.com
вход в почту яндекс ру вход в почту моя страница;2000000;10;48;666;94;3;360.yandex.com
приложение яндекс диск для windows;1000000;5;34;776;120;3;360.yandex.com
почта яндекс вход в почту mail yandex ru;2000000;8;40;962;102;3;360.yandex.com
яндекс диск открыть войти;2000000;4;25;451;117;3;360.yandex.com
стоимость яндекс 360;904000;3;20;291;97;3;360.yandex.com
регистрации почта яндекс;146000;3;24;39269;123;3;360.yandex.com
почта зайти в почту вход яндекс;178000;6;31;1588;118;3;360.yandex.com
почта ящик яндекс;941000;3;17;13739;94;3;360.yandex.com
яндекс диск приложение для windows;1000000;5;34;772;114;3;360.yandex.com
зайти на яндекс диск;751000;4;20;1084;127;3;360.yandex.com
почта личная яндекс;1000000;3;19;71069;93;3;360.yandex.com
рабочая почта яндекс;1000000;3;20;1761;70;3;360.yandex.com
https mail yandex ru touch tab relevant вход https mail yandex ru почта;2000000;13;71;602;74;3;360.yandex.com
яндекс диск установить на компьютер windows 11;2000000;7;46;82;80;3;360.yandex.com
яндекс 360 офис;541000;3;15;154;72;3;360.yandex.com
яндекс главная страница почта;3000000;4;29;223;78;3;360.yandex.com
яндекс почта вход через логин и пароль;196000;7;38;5148;71;3;360.yandex.com
яндекс почта войти mail yandex ru;96000;6;33;955;88;3;360.yandex.com
почта яндекс легкая версия вход;2000000;5;31;160;80;3;360.yandex.com
яндекс 360 документы;702000;3;20;342;84;3;360.yandex.com
эл почта моя яндекс;837000;4;19;1436;75;3;360.yandex.com
с яндекс диск;3000000;3;13;67844;91;3;360.yandex.com
яндекс диск программа для windows;1000000;5;33;153;87;3;360.yandex.com
яндекс письма входящие;282000;3;22;2413;72;3;360.yandex.com
почта яндекс войти в почтовый ящик уже существующий;2000000;8;51;193;83;3;360.yandex.com
создать почту для бизнеса яндекс;899000;5;32;122;93;3;360.yandex.com
яндекс диск облако тарифы;655000;4;25;74;68;3;360.yandex.com
яндекс почта gmail;1000000;3;18;1673;54;3;360.yandex.com
электронная почта яндекс моя войти в почту;499000;7;42;1786;55;3;360.yandex.com
yandex почта личный кабинет;1000000;4;27;1076;60;3;360.yandex.com
корпоративный мессенджер яндекс;571000;3;31;104;55;3;360.yandex.com
почта моя электронная яндекс войти в почту;428000;7;42;1769;57;3;360.yandex.com
домены почты яндекс;948000;3;19;5371;55;3;360.yandex.com
яндекс почта вход на мою электронную почту вход;2000000;8;47;5046;64;3;360.yandex.com
войти в яндекс почту на свою страницу через логин;3000000;9;49;552;57;3;360.yandex.com
виджет календарь яндекс;565000;3;23;288;62;3;360.yandex.com
почта яндекс найти;2000000;3;18;4974;57;3;360.yandex.com
yandex ru электронная почта;2000000;4;27;5316;65;3;360.yandex.com
купить подписку яндекс диск;517000;4;27;178;63;3;360.yandex.com
яндекс 360 корпоративная почта;1000000;4;30;155;55;3;360.yandex.com
электронная почта вход на мою почту яндекс;2000000;7;42;5046;61;3;360.yandex.com
бесплатная яндекс почта войти в почту;3000000;6;37;344;68;3;360.yandex.com
яндекс почта обычная;1000000;3;20;506;53;3;360.yandex.com
стоимость подписки яндекс 360;345000;4;29;70;44;3;360.yandex.com
эл почта яндекс моя страница;2000000;5;28;1135;48;3;360.yandex.com
почта ya ru вход в почту моя страница;3000000;8;37;56;51;3;360.yandex.com
yandex pochta uz;205000;3;16;47;47;3;360.yandex.com
яндекс домены почты;209000;3;19;5016;50;3;360.yandex.com
яндекс диск вход в личный кабинет через логин и пароль;2000000;10;54;156;45;3;360.yandex.com
почта майл вход в почту яндекс;2000000;6;30;529;52;3;360.yandex.com
моя электронная почта яндекс показать;63000;5;37;501;51;3;360.yandex.com
почта яндекс вход в почту майл;2000000;6;30;529;52;3;360.yandex.com
войти на яндекс почту свою;2000000;5;26;12071;49;3;360.yandex.com
почта майл яндекс вход в почту;1000000;6;30;529;52;3;360.yandex.com
почта яндекс майл вход в почту;2000000;6;30;529;52;3;360.yandex.com
почта яндекс проверить;147000;3;22;1652;46;3;360.yandex.com
яндекс календарь скачать на компьютер;2000000;5;37;58;51;3;360.yandex.com
disk yandex ru client disk;1000000;5;26;3030;53;3;360.yandex.com
почта со своим доменом на яндексе;1000000;6;33;194;43;3;360.yandex.com
яндекс диск windows 10;2000000;4;22;3267;39;3;360.yandex.com
яндекс диск скачать мак;838000;4;23;236;40;3;360.yandex.com
яндекс 365 для бизнеса;1000000;4;22;66;41;3;360.yandex.com
яндекс ежедневник онлайн;2000000;3;24;74;40;3;360.yandex.com
yandex ru email;2000000;3;15;2068;40;3;360.yandex.com
почта уандех ru войти в почту;3000000;6;29;40;39;3;360.yandex.com
эл почта моя страница вход на мою страницу яндекс;2000000;9;49;548;42;3;360.yandex.com
управление яндекс почтой;999000;3;24;565;41;3;360.yandex.com
яндекс календарь виджет на рабочий стол;899000;6;39;64;42;3;360.yandex.com
почта яндекса регистрация;2000000;3;25;39269;40;3;360.yandex.com
яндекс 360 подписка купить;2000000;4;26;220;42;3;360.yandex.com
эл почта яндекс вход на мою страницу моя страница;2000000;9;49;548;42;3;360.yandex.com
эл почта яндекс войти на мою страницу вход в личный кабинет войти;3000000;12;65;54;39;3;360.yandex.com
как создать группу для рассылки в яндекс почте;2000000;8;46;91;41;3;360.yandex.com
зайти на яндекс почту по логину и паролю;932000;8;40;96;43;3;360.yandex.com
домен яндекс почты;961000;3;18;6242;39;3;360.yandex.com
яндекс диск что это такое и как пользоваться;738000;8;44;39;32;3;360.yandex.com
яндекс вход в мою почту моя страница;2000000;7;36;23384;34;3;360.yandex.com
как посмотреть почту яндекс;1000000;4;27;4323;37;3;360.yandex.com
моя электронная почта вход яндекс;1000000;5;33;5575;34;3;360.yandex.com
вход в личный кабинет яндекс почты;2000000;6;34;27996;36;3;360.yandex.com
почта yandex team;825000;3;17;231;33;3;360.yandex.com
ежедневник онлайн яндекс;2000000;3;24;76;38;3;360.yandex.com
яндекс диск клиент;806000;3;18;297;37;3;360.yandex.com
электронная почта вход в мой почтовый ящик на яндекс почту;2000000;10;58;65;37;3;360.yandex.com
yandex почта войти в почтовый ящик;75000;6;34;339;35;3;360.yandex.com
ya ru почта вход в почтовый ящик на яндексе;2000000;9;43;38;38;3;360.yandex.com
электронная почта яндекс моя вход;504000;5;33;5639;37;3;360.yandex.com
яндекс диск desktop;497000;3;19;61;33;3;360.yandex.com
1 тб яндекс диск цена;4000000;5;21;73;37;3;360.yandex.com
майл yandex;641000;2;11;894;38;3;360.yandex.com
почтовый ящик яндекс почта;863000;4;26;9431;31;3;360.yandex.com
почта яндекс полная версия для компьютера;329000;6;41;30;29;3;360.yandex.com
mail yandex ru регистрация;3000000;4;26;115;30;3;360.yandex.com
яндекс диск для windows 11;2000000;5;26;405;30;3;360.yandex.com
моя почта на яндексе посмотреть входящие письма;2000000;7;47;45;29;3;360.yandex.com
что такое яндекс премиум;576000;4;24;158;30;3;360.yandex.com
яндекс диск расширение;562000;3;22;188;29;3;360.yandex.com
почта яндекс бизнес 360;3000;4;23;298;30;3;360.yandex.com
yandex mail create;614000;3;18;517;30;3;360.yandex.com
моя электронная почта в яндексе;976000;5;31;2337;30;3;360.yandex.com
create yandex mail;612000;3;18;517;30;3;360.yandex.com
вход электронная почта яндекс ру;2000000;5;32;275;30;3;360.yandex.com
яндекс планировщик ежедневник онлайн;1000000;4;36;30;30;3;360.yandex.com
z yltrc gjxnf;172000;3;13;30;29;3;360.yandex.com
вход в яндекс диск через логин и пароль;2000000;8;39;191;30;3;360.yandex.com
вход в почту яндекс моя почта зайти;1000000;7;35;1691;31;3;360.yandex.com
disk yandex windows;291000;3;19;330;29;3;360.yandex.com
яндекс майл почта вход на мою страницу;2000000;7;38;227;26;3;360.yandex.com
яндекс почта вход на мою страницу войти через логин и пароль электронная почта вход;569000;14;83;190;27;3;360.yandex.com
открыть почту на яндексе зарегистрированную мою;1000000;6;47;74;27;3;360.yandex.com
yandex disk desktop;263000;3;19;79;26;3;360.yandex.com
как поделиться фото с яндекс диска;1000000;6;34;47;27;3;360.yandex.com
скачать диск на пк;865000;4;18;10662;26;3;360.yandex.com
входящие яндекс почта моя страница;2000000;5;34;12832;28;3;360.yandex.com
почта яндекс бай вход в почту моя страница;2000000;8;42;62;27;3;360.yandex.com
зарегистрировать почту yandex;1000000;3;29;217;28;3;360.yandex.com
как загрузить архив на яндекс диск и создать ссылку;2000000;9;51;27;27;3;360.yandex.com
где моя яндекс почта;62000;4;20;331;29;3;360.yandex.com
почта яндекс через браузер;776000;4;26;366;28;3;360.yandex.com
электронную почту яндекс;50000;3;24;66720;26;3;360.yandex.com
подписка яндекс диск 1 тб;7000;5;25;53;28;3;360.yandex.com
корпоративная почта на яндексе со своим доменом;1000000;7;47;40;29;3;360.yandex.com
войти в свою почту яндекс на свою страницу через логин и пароль;3000000;12;63;438;26;3;360.yandex.com
яндекс 360 ворд;182000;3;15;43;22;3;360.yandex.com
яндекс диск disk yandex ru;2000000;5;26;1126;24;3;360.yandex.com
яндекс 360 для студентов;577000;4;24;51;25;3;360.yandex.com
яндекс диск скачать бесплатно на русском;1000000;6;40;744;24;3;360.yandex.com
яндекс почта войти в почту моя страница вход открыть;2000000;9;52;2005;24;3;360.yandex.com
установить яндекс диск на пк;1000000;5;28;67;23;3;360.yandex.com
яндекс диск тарифы для бизнеса;1000000;5;30;26;25;3;360.yandex.com
майл yandex ru почта;2000000;4;20;349;24;3;360.yandex.com
яндекс календарь приложение для windows;2000000;5;39;40;25;3;360.yandex.com
войти в личную почту яндекс;654000;5;27;31345;24;3;360.yandex.com
яндекс диск премиум скачать;202000;4;27;247;25;3;360.yandex.com
яндекс диск загружать в безлимит что значит;81000;7;43;104;25;3;360.yandex.com
яндекс доменное имя;502000;3;19;184;23;3;360.yandex.com
почта яндекс вход моя страница войти;640000;6;36;8703;25;3;360.yandex.com
эл почта яндекс вход в личный кабинет;2000000;7;37;80;25;3;360.yandex.com
яндекс почта завести почту;1000000;4;26;5469;22;3;360.yandex.com
сколько места дает яндекс диск;1000000;5;30;195;20;3;360.yandex.com
яндекс почта регистрация вход в почту;2000000;6;37;163;20;3;360.yandex.com
обычная яндекс почта вход;2000000;4;25;35;22;3;360.yandex.com
новый почтовый ящик яндекс;2000000;4;26;4306;20;3;360.yandex.com
яндекс диск приложение для пк;1000000;5;29;34;21;3;360.yandex.com
электронная почта вход на мою страницу яндекс с телефона;324000;9;56;127;20;3;360.yandex.com
яндекс почтовый адрес;918000;3;21;923;22;3;360.yandex.com
зайти в эл почту яндекс;1000000;5;23;28;21;3;360.yandex.com
яндекс диск для mac;666000;4;19;306;22;3;360.yandex.com
яндекс 360 телефон;1000000;3;18;1122;20;3;360.yandex.com
сколько стоит место на яндекс диске;218000;6;35;29;22;3;360.yandex.com
электронная почта личный кабинет войти в личный яндекс;2000000;8;54;233;22;3;360.yandex.com
яндекс почта пк версия;2000000;4;22;65;20;3;360.yandex.com
https mail yandex ru touch folder 3;4000000;7;35;34;22;3;360.yandex.com
тарифы yandex cloud;280000;3;19;65;22;3;360.yandex.com
cnn почта яндекс;1000000;3;16;25;20;3;360.yandex.com
yandex домены;101000;2;13;1668;18;3;360.yandex.com
как скинуть яндекс диск другому человеку;971000;6;40;125;19;3;360.yandex.com
яндекс почта войти в личный кабинет вход почту моя;2000000;9;50;670;19;3;360.yandex.com
yandex яндекс почта;1000000;3;19;8137;19;3;360.yandex.com
yandex ru вход на почту мой личный;3000000;7;34;41;19;3;360.yandex.com
яндекс диск для виндовс 7;2000000;5;25;73;19;3;360.yandex.com
моя эл почта вход на мою страницу яндекс;1000000;8;40;579;20;3;360.yandex.com
почта яндекс по английски;5000;4;25;312;19;3;360.yandex.com
зайти в почту яндекс ру;2000000;5;23;91;20;3;360.yandex.com
как загрузить фото в яндекс диск и отправить ссылку;899000;9;51;23;19;3;360.yandex.com
почта яндекс моя личная страница вход;2000000;6;37;1688;20;3;360.yandex.com
зайти почту яндекс;261000;3;18;15874;20;3;360.yandex.com
яндекс диск установка;601000;3;21;653;19;3;360.yandex.com
яндекс электр почта;642000;3;19;76;20;3;360.yandex.com
яндекс почта войти на свою почту вход моя страница;1000000;9;50;545;20;3;360.yandex.com
войти на свою почту в яндексе;2000000;6;29;5591;18;3;360.yandex.com
яндекс почта вход в личный кабинет вход на личную страницу войти;2000000;11;64;705;16;3;360.yandex.com
яндекс телемост купить;1000000;3;22;30;17;3;360.yandex.com
gjxnf zyltrc;51000;2;12;331;18;3;360.yandex.com
почта яндекс входящие 1;2000000;4;23;97;17;3;360.yandex.com
mail yandex ru войти в мой почтовый ящик с телефона;3000000;10;51;17;17;3;360.yandex.com
моя электронная почта вход на мою электронную почту яндекс;2000000;9;58;5115;16;3;360.yandex.com
электронная почта входящие яндекс;1000000;4;33;7367;18;3;360.yandex.com
яндекс ру почта регистрация создать почтовый ящик бесплатно;3000000;8;59;18;17;3;360.yandex.com
яндекс пересылка;455000;2;16;939;18;3;360.yandex.com
безлимитный яндекс диск;525000;3;23;364;17;3;360.yandex.com
как выложить файлы на яндекс диск и отправить ссылки;118000;9;52;20;18;3;360.yandex.com
зайти в свой почтовый ящик на яндексе;341000;7;37;52;18;3;360.yandex.com
яндекс майл войти;4000;3;17;772;17;3;360.yandex.com
почта яндекс вход в личный почтовый ящик;2000000;7;40;63;18;3;360.yandex.com
завести почту в яндексе бесплатно;2000000;5;33;115;18;3;360.yandex.com
яндекс телемост где сохраняется запись;2000000;5;38;34;16;3;360.yandex.com
войти в почту яндекс ру вход;2000000;6;28;365;15;3;360.yandex.com
яндекс диск на mac os;742000;5;21;50;15;3;360.yandex.com
яндекс диск мак ос;368000;4;18;135;16;3;360.yandex.com
установить почтовый ящик на яндексе;503000;5;35;45;15;3;360.yandex.com
почта яндекс почта войти на свою почту входящие письма;2000000;9;54;30;15;3;360.yandex.com
яндекс диск оплата подписки;276000;4;27;29;15;3;360.yandex.com
уандех почта войти в почту;2000000;5;26;78;16;3;360.yandex.com
регистрация домена яндекс;1000000;3;25;66;15;3;360.yandex.com
почта яндекс войти в свою электронную почту yandex ru вход в почту моя страница войти;115000;15;85;25;16;3;360.yandex.com
что можно хранить в облаке;5000;5;26;25;15;3;360.yandex.com
как отправить документы через яндекс диск;1000000;6;41;28;16;3;360.yandex.com
почта завести почтовый ящик на яндексе;1000000;6;38;68;16;3;360.yandex.com
открыть почту яндекс мою страницу;2000000;5;33;5076;15;3;360.yandex.com
яндекс почта вход на почту с телефона по логину и паролю;2000000;11;56;178;16;3;360.yandex.com
зайти в свою электронную почту на свою страницу яндекс почта;402000;10;60;55;16;3;360.yandex.com
яндекс почта зайти в почту вход моя страница яндекс;2000000;9;51;1654;15;3;360.yandex.com
как в яндекс почте изменить шрифт по умолчанию;1000000;8;46;22;14;3;360.yandex.com
post yandex ru;2000000;3;14;973;14;3;360.yandex.com
сколько гигабайт на яндекс диске бесплатно;2000000;6;42;35;14;3;360.yandex.com
почта яндекс войти в мою почту моя;2000000;7;34;32302;14;3;360.yandex.com
планировщик дел яндекс;823000;3;22;29;14;3;360.yandex.com
яндекс почта авторизация вход;1000000;4;29;50;14;3;360.yandex.com
яндекс диск скачать для виндовс 7;3000000;6;33;47;14;3;360.yandex.com
входящие письма электронная почта яндекс;2000000;5;40;160;14;3;360.yandex.com
как настроить яндекс телемост;370000;4;29;172;14;3;360.yandex.com
эл почта яндекс вход в почту через логин и пароль;2000000;10;49;30;14;3;360.yandex.com
яндекс ру почта войти на свою страницу;3000000;7;38;61;14;3;360.yandex.com
почта яндекс вход в почту через логин и пароль яндекс с телефона войти;364000;13;70;222;14;3;360.yandex.com
яндекс диск пробный период;665000;4;26;25;14;3;360.yandex.com
электронная почта яндекс войти в почту моя страница вход на мою страницу;2000000;12;72;487;14;3;360.yandex.com
яндекс почта по логину и паролю;1000000;6;31;3767;15;3;360.yandex.com
яндекс диск на windows;318000;4;22;2451;14;3;360.yandex.com
приложение яндекс диск что это;1000000;5;30;39;13;3;360.yandex.com
почта яндекс вод;1000000;3;16;45;13;3;360.yandex.com
как передать фото через яндекс диск;1000000;6;35;32;13;3;360.yandex.com
яндекс почта войти в почту через логин и пароль с телефона войти вход;3000000;13;69;227;13;3;360.yandex.com
открыть почту яндекс ру мою страницу;2000000;6;36;41;13;3;360.yandex.com
яндекс аутсорсинг;899000;2;17;254;13;3;360.yandex.com
ян почта яндекс моя страница;2000000;5;28;14;14;3;360.yandex.com
яндекс маел;488000;2;11;31;13;3;360.yandex.com
mail yandex ru вход в почту с телефона на свою почту на яндексе войти;1000000;14;69;138;13;3;360.yandex.com
яндекс диск клиент windows;748000;4;26;21;13;3;360.yandex.com
как настроить переадресацию в яндекс почте на другой адрес;2000000;9;58;34;14;3;360.yandex.com
яндекс пошта вхід;346000;3;17;15;14;3;360.yandex.com
как отправить файл на яндекс диск другому человеку;2000000;8;50;19;13;3;360.yandex.com
почта яндекс мой кабинет;648000;4;24;1383;13;3;360.yandex.com
почта яндекс ру войти в свой почтовый ящик;3000000;8;42;22;14;3;360.yandex.com
яндекс почта вход на почту войти через логин и пароль;2000000;10;53;803;13;3;360.yandex.com
создать электронный ящик яндекс;146000;4;31;485;12;3;360.yandex.com
веб приложение яндекс почта;2000000;4;27;40;12;3;360.yandex.com
https mail ya ru;2000000;4;16;713;12;3;360.yandex.com
yandex ru главная почта вход;731000;5;28;68;12;3;360.yandex.com
эл почта яндекс войти на мою страницу вход в личный;2000000;10;51;63;12;3;360.yandex.com
сколько стоит терабайт на яндекс диске;2000000;6;38;16;12;3;360.yandex.com
моя электронная почта яндекс вход на мою страницу личный кабинет;1000000;10;64;156;13;3;360.yandex.com
пойти в яндекс почту;1000000;4;20;29;12;3;360.yandex.com
яндекс почта вход на почту с телефона войти через логин и пароль по номеру;3000000;14;74;24;13;3;360.yandex.com
зайти на почту yandex ru;2000000;5;24;155;12;3;360.yandex.com
вход в почту яндекс ру моя страница;3000000;7;35;705;13;3;360.yandex.com
яндекс ру почта вход на мою страницу электронная почта;2000000;9;54;133;13;3;360.yandex.com
завести ящик на яндексе регистрация бесплатно;3000000;6;45;83;12;3;360.yandex.com
яндекс диск как пишется правильно;622000;5;33;16;13;3;360.yandex.com
https mail yandex ru почта вход;2000000;6;31;632;13;3;360.yandex.com
как поставить переадресацию в яндекс почте;1000000;6;42;22;12;3;360.yandex.com
яндекс фото облако открыть;923000;4;26;12;11;3;360.yandex.com
электронный ящик на яндексе войти в почтовый ящик;173000;8;49;14;11;3;360.yandex.com
как поделиться фото через яндекс диск;684000;6;37;11;11;3;360.yandex.com
яндекс диск передать файл;800000;4;25;321;11;3;360.yandex.com
почта уандех ru вход на мою страницу;3000000;7;36;20;11;3;360.yandex.com
зайти на почту яндекс через логин и пароль с телефона;209000;10;53;24;11;3;360.yandex.com
яндекс диск для виндовс 11;2000000;5;26;43;11;3;360.yandex.com
электронная почта вход на мою страницу в yandex ру вход;1000000;10;55;12;11;3;360.yandex.com
как изменить размер шрифта в яндекс почте на компьютере;2000000;9;55;11;11;3;360.yandex.com
яндекс почта пк;784000;3;15;1368;11;3;360.yandex.com
andex почта;461000;2;11;41;12;3;360.yandex.com
яндекс таблицы совместная работа;1000000;4;32;163;11;3;360.yandex.com
скачать яндекс диск для windows 7 32 bit;2000000;8;40;17;11;3;360.yandex.com
яндекс телемост тарифы для бизнеса;908000;5;34;11;11;3;360.yandex.com
mail yandex ru войти в почтовый ящик через логин и пароль;2000000;11;57;15;12;3;360.yandex.com
яндекс диск полная версия для компьютера;1000000;6;40;11;11;3;360.yandex.com
яндекс трансляции онлайн;2000000;3;24;295;9;3;360.yandex.com
yandex ru календарь;753000;3;19;483;10;3;360.yandex.com
yandex календарь android;699000;3;24;55;10;3;360.yandex.com
эл почта яндекс личный кабинет;125000;5;30;137;10;3;360.yandex.com
вход на страницу яндекс почта;2000000;5;29;24793;10;3;360.yandex.com
яндекс почта зайти в почту на свою;1000000;7;34;1201;9;3;360.yandex.com
создать бизнес почту яндекс;6000;4;27;168;10;3;360.yandex.com
сервис яндекс 360 для бизнеса что это;2000000;7;37;34;10;3;360.yandex.com
яндекс почта web версия;2000000;4;23;13;10;3;360.yandex.com
зайти в мою почту яндекс;1000000;5;24;1248;10;3;360.yandex.com
mail yandex ru вход в почту через логин и пароль с телефона;3000000;12;59;137;10;3;360.yandex.com
yandex task manager;88000;3;19;17;10;3;360.yandex.com
ya mai;85000;2;6;54;10;3;360.yandex.com
обзор яндекс диск;697000;3;17;54;10;3;360.yandex.com
домен yandex ru;1000000;3;15;934;11;3;360.yandex.com
почта яндекс вход в почту через логин с телефона;2000000;9;48;268;9;3;360.yandex.com
создать почтовый ящик yandex;106000;4;28;400;9;3;360.yandex.com
яндекс почта омск;1000000;3;17;26;9;3;360.yandex.com
яндекс тим ру почта вход;3000000;5;24;9;9;3;360.yandex.com
майл яндекс почта вход на почту личный кабинет;2000000;8;46;10;9;3;360.yandex.com
яндекс 360 стандарт 100 гб на год;2000000;7;33;9;9;3;360.yandex.com
как в яндекс почте сделать переадресацию писем на другой ящик;2000000;10;61;9;9;3;360.yandex.com
скачать яндекс облако на компьютер бесплатно;2000000;6;44;9;9;3;360.yandex.com
яндекс бизнес 365;1000000;3;17;70;9;3;360.yandex.com
яндекс почта зайти в почту вход моя страница яндекс войти в почту;553000;12;65;157;9;3;360.yandex.com
yandex business mail;509000;3;20;42;9;3;360.yandex.com
моя почта яндекс зайти;1000000;4;22;1564;9;3;360.yandex.com
моя страница на яндекс почте вход мою страницу;2000000;8;46;22840;9;3;360.yandex.com
моя электронная почта войти в мою электронную почту в яндексе через телефон бесплатно;3000000;13;85;26;9;3;360.yandex.com
зайти на свою электронную почту на яндексе;2000000;7;42;280;9;3;360.yandex.com
сколько гб дает яндекс диск бесплатно;3000000;6;37;18;9;3;360.yandex.com
яндекс почта онлайн регистрация;2000000;4;31;23;9;3;360.yandex.com
как загрузить на яндекс диск файл и получить ссылку для скачивания;2000000;11;66;10;8;3;360.yandex.com
как работать с яндекс телемост;1000000;5;30;23;8;3;360.yandex.com
почта яндекс й;2000000;3;14;36;8;3;360.yandex.com
яндекс диск на виндовс 10;2000000;5;25;188;8;3;360.yandex.com
скачать яндекс диск для windows 7 64 bit;2000000;8;40;10;8;3;360.yandex.com
как в яндекс почте поставить переадресацию на другую почту;2000000;9;58;9;8;3;360.yandex.com
mail yandex ru вход в почту с телефона на свою почту электронную;3000000;12;64;23;8;3;360.yandex.com
как отправить фотографии через яндекс диск;1000000;6;42;16;8;3;360.yandex.com
яндекс почта личный кабинет войти моя;2000000;6;37;938;8;3;360.yandex.com
приложение яндекс календарь для windows 10;882000;6;42;10;8;3;360.yandex.com
мой яндекс диск войти на свою страницу с телефона вход;2000000;10;54;14;9;3;360.yandex.com
вход в почту яндекс моя почта войти через логин и пароль;1000000;11;56;571;8;3;360.yandex.com
яндекс диск приложение для windows 7;3000000;6;36;8;8;3;360.yandex.com
открыть мою почту на яндексе;1000000;5;28;741;8;3;360.yandex.com
яндекс трекер скачать на пк;1000000;5;27;14;9;3;360.yandex.com
яндекс диск закачать;413000;3;20;612;8;3;360.yandex.com
yandex mail ru почта вход в электронную;512000;7;39;383;7;3;360.yandex.com
яндекс диск прайс;638000;3;17;27;7;3;360.yandex.com
yandex почта регистрация создать;82000;4;32;112;8;3;360.yandex.com
yandex ms;26000;2;9;1316;7;3;360.yandex.com
яндекс теам почта;1000000;3;17;10;7;3;360.yandex.com
yandex почта вход в почту моя страница;1000000;7;38;368;7;3;360.yandex.com
моя почта на яндексе посмотреть входящие письма на почту яндекс;2000000;10;63;49;8;3;360.yandex.com
общий документ яндекс;865000;3;21;350;7;3;360.yandex.com
почтовый ящик яндекс вход в почту через логин и пароль войти;519000;11;60;33;8;3;360.yandex.com
отправка файлов через яндекс диск;856000;5;33;26;7;3;360.yandex.com
как редактировать в яндекс диске;405000;5;32;182;8;3;360.yandex.com
яндекс диск оплата за год;3000000;5;25;31;8;3;360.yandex.com
яндекс почта войти в почтовый ящик уже существующий с телефона;3000000;10;62;77;7;3;360.yandex.com
электронная почта яндекс регистрация создать почтовый ящик;2000000;7;58;94;8;3;360.yandex.com
яндекс почта вход на мою страницу с паролем и логином вход на мою страницу;3000000;14;74;293;8;3;360.yandex.com
yandex создать почтовый ящик;603000;4;28;398;7;3;360.yandex.com
вход в почту яндекс по логину и паролю с телефона;2000000;10;49;89;6;3;360.yandex.com
яндекс диск вместимость;530000;3;23;14;6;3;360.yandex.com
как отправить ссылку на яндекс диск для скачивания фото;2000000;9;55;9;7;3;360.yandex.com
яндекс почта тверь;1000000;3;18;29;6;3;360.yandex.com
yandex pochta ru почта;2000000;4;22;108;6;3;360.yandex.com
переадресация с яндекс почты на другой ящик;2000000;7;43;25;6;3;360.yandex.com
яндекс диск с фото;1000000;4;18;15391;7;3;360.yandex.com
яндекс диск купить навсегда;1000000;4;27;230;7;3;360.yandex.com
как закинуть файлы на яндекс диск и предоставить ссылку;1000000;9;55;9;7;3;360.yandex.com
электронную почту яндекс регистрация;2000000;4;36;2132;6;3;360.yandex.com
безлимит для фото и видео с телефона яндекс диск;3000000;9;48;44;7;3;360.yandex.com
моя электронная почта входящие письма яндекс;164000;6;44;121;7;3;360.yandex.com
элект почта яндекс;887000;3;18;11;6;3;360.yandex.com
для чего приложение яндекс диск;1000000;5;31;38;7;3;360.yandex.com
тариф премиум яндекс;1000000;3;20;261;7;3;360.yandex.com
объем бесплатного хранилища яндекс диск;378000;5;39;55;6;3;360.yandex.com
ya ru почта вход на мою почту;2000000;7;29;37;5;3;360.yandex.com
яндекс 365 тарифы;638000;3;17;8;5;3;360.yandex.com
зайти в мою почту на яндексе;1000000;6;28;117;6;3;360.yandex.com
яндекс ежедневник приложение;2000000;3;28;10;5;3;360.yandex.com
почта на яндекс со своим доменом;4000;6;32;194;6;3;360.yandex.com
яндекс почта вход с компьютера;2000000;5;30;92;5;3;360.yandex.com
электронный почта яндекс вход на мою страницу;999000;7;45;2671;6;3;360.yandex.com
почта создать почтовый ящик на яндексе бесплатно;2000000;7;48;287;6;3;360.yandex.com
почта яндекс входящие мои;2000000;4;25;38321;6;3;360.yandex.com
яндекс почта войти в почту моя страница открыть мою;1000000;9;51;2246;5;3;360.yandex.com
вход в почту яндекс ru моя страница;3000000;7;35;1980;6;3;360.yandex.com
почта яндекс моя вход на мою;121000;6;28;29259;6;3;360.yandex.com
mail yandex ru вход в личный кабинет вход;2000000;8;41;463;5;3;360.yandex.com
яндекс диск виндовс 10;2000000;4;22;561;6;3;360.yandex.com
яндекс почта войти на мою;913000;5;25;8242;6;3;360.yandex.com
как работает приложение облако;235000;4;30;47;5;3;360.yandex.com
пропадают письма в яндекс почте;1000000;5;31;133;4;3;360.yandex.com
моя почта на яндексе открыть электронная почта вход в почту;246000;10;59;14;5;3;360.yandex.com
как поделиться фотографиями с яндекс диска;763000;6;42;11;5;3;360.yandex.com
как загрузить данные на яндекс диск и создать ссылку;2000000;9;52;4;4;3;360.yandex.com
как отправить папку через яндекс диск;1000000;6;37;21;5;3;360.yandex.com
характеристики яндекс диска;655000;3;27;138;4;3;360.yandex.com
яндекс диск на виндовс 7;2000000;5;24;53;5;3;360.yandex.com
как скинуть ссылку с яндекс диска;838000;6;33;169;5;3;360.yandex.com
облачное хранилище описание;471000;3;27;57;5;3;360.yandex.com
яндекс диск скачать установочный файл;1000000;5;37;18;5;3;360.yandex.com
ян почта яндекс вход;2000000;4;20;55;5;3;360.yandex.com
яндекс мэ;170000;2;9;103;5;3;360.yandex.com
личная почта яндекс войти;2000000;4;25;34231;4;3;360.yandex.com
просмотреть почту на яндексе;1000000;4;28;46;5;3;360.yandex.com
yandex ru почта вход в почтовый ящик через логин и пароль mail yandex;180000;13;69;339;5;3;360.yandex.com
открыть электронный ящик на яндексе;5000;5;35;11;4;3;360.yandex.com
яндекс почта вход в кабинет;343000;5;27;27629;3;3;360.yandex.com
как организовать телемост в яндексе;104000;5;35;33;4;3;360.yandex.com
зайти на почту яндекса;722000;4;22;5715;4;3;360.yandex.com
яндекс диск дистрибутив;591000;3;23;28;4;3;360.yandex.com
yandex почта входящие письма;235000;4;28;56;4;3;360.yandex.com
яндекс рассылка емейл;4000;3;21;17;3;3;360.yandex.com
яндекс 360 для образования;784000;4;26;11;4;3;360.yandex.com
яндекс аналог зум;526000;3;17;38;4;3;360.yandex.com
завести эл почту в яндексе бесплатно;2000000;6;36;4;4;3;360.yandex.com
почта создать почтовый ящик на яндексе бесплатно с телефона;2000000;9;59;87;4;3;360.yandex.com
яндекс диск скачать виндовс 7;3000000;5;29;139;4;3;360.yandex.com
яндекс диск гб;373000;3;14;2495;4;3;360.yandex.com
yandex disk подписка;78000;3;20;29;3;3;360.yandex.com
как сделать переадресацию в яндекс почте c с почты на почту;2000000;11;59;4;4;3;360.yandex.com
телемост яндекс как пользоваться на телефоне;757000;6;44;18;4;3;360.yandex.com
почта уандех ru войти;690000;4;21;43;3;3;360.yandex.com
yandex почта войти в почту моя страница;1000000;7;39;214;3;3;360.yandex.com
yandex почта войти в почту через логин;1000000;7;38;311;3;3;360.yandex.com
вход в яндекс почту моя страница войти;2000000;7;38;6585;3;3;360.yandex.com
как закачать видео на яндекс диск с компьютера и передать ссылку;2000000;11;64;3;3;3;360.yandex.com
электронный почта яндекс вход;342000;4;29;10181;3;3;360.yandex.com
почта yandex ru вход в почту yandex ru моя;3000000;9;42;410;3;3;360.yandex.com
mail yandex ruru;429000;3;16;20;3;3;360.yandex.com
моя страница на яндекс почте;1000000;5;28;24513;3;3;360.yandex.com
сколько гб дает яндекс диск;74000;5;27;25;3;3;360.yandex.com
яндекс почта войти в ящик;348000;5;25;1866;3;3;360.yandex.com
проверить почту яндекс входящие;2000000;4;31;65;3;3;360.yandex.com
установить яндекс диск на компьютер бесплатно;1000000;6;45;32;3;3;360.yandex.com
https mail yandex ru touch folder 1 skip app promo 1 show left panel 1;3000000;15;70;3;3;3;360.yandex.com
мой почтовый ящик в яндексе;503000;5;27;817;3;3;360.yandex.com
настроить пересылку писем в яндекс почте;1000000;6;40;58;3;3;360.yandex.com
яндекс почта войти на свою электронная почта;2000000;7;44;759;3;3;360.yandex.com
проверь почту яндекс;1000000;3;20;1674;2;3;360.yandex.com
яндекс диск полный дистрибутив;984000;4;30;13;2;3;360.yandex.com
почта яндекс моя страница зайти в почту;1000000;7;39;1857;2;3;360.yandex.com
почта на яндексе войти в мой почтовый;2000000;7;37;251;2;3;360.yandex.com
как отправить документы в яндекс диск;692000;6;37;37;2;3;360.yandex.com
вход в мою электронную почту яндекс;2000000;6;35;1070;2;3;360.yandex.com
yandex pochta регистрация;2000000;3;25;9;3;3;360.yandex.com
яндекс диск дистрибутив полный;881000;4;30;13;2;3;360.yandex.com
z vfbk;212000;2;6;17;2;3;360.yandex.com
как создать доменную почту на яндекс;1000000;6;36;28;2;3;360.yandex.com
зайти на почту яндекс на свою страницу с телефона через логин и пароль;2000000;13;70;11;3;3;360.yandex.com
яндекс диск для бизнеса цены;762000;5;28;5;3;3;360.yandex.com
yandex mail почта вход в почтовый;396000;6;33;405;2;3;360.yandex.com
яндекс мост конференция как работает;1000000;5;36;2;2;3;360.yandex.com
яндекс почта войти через логин и пароль с телефона в почту вход;2000000;12;63;227;3;3;360.yandex.com
www mail yandex ru войти;3000000;5;24;113;2;3;360.yandex.com
яндекс диск полный установщик;891000;4;29;13;1;3;360.yandex.com
войти в почту яндекс на свою почту почта вход моя страница;2000000;11;58;459;1;3;360.yandex.com
как добавить адресата в электронную почту яндекс;2000000;7;48;1;1;3;360.yandex.com
почта яндекс yandex ru войти в свою электронную;2000000;8;47;348;1;3;360.yandex.com
яндекс почта зайти в почту на свою страницу вход;575000;9;48;152;1;3;360.yandex.com
моя электронная почта в яндексе открыть;1000000;6;39;29;1;3;360.yandex.com
https mail yandex ru touch tab relevant вход https mail yandex ru 7;3000000;13;67;2;2;3;360.yandex.com
яд почта вход;1000000;3;13;1;1;3;360.yandex.com
яндекс cloud цены;121000;3;17;11;2;3;360.yandex.com
вход на мою электронную почту яндекс;2000000;6;36;5127;1;3;360.yandex.com
я почта войти в почтовый ящик;501000;6;29;3;2;3;360.yandex.com
яндекс 360 для образовательных учреждений;724000;5;41;8;2;3;360.yandex.com
yandex почта вход в почту через логин и пароль;2000000;9;46;1076;1;3;360.yandex.com
как очистить яндекс календарь;190000;4;29;10;2;3;360.yandex.com
yandex email account;5000;3;20;168;2;3;360.yandex.com
360 mail ru;1000000;3;11;1093;1;3;360.yandex.com
почта яндекс войти в почту через логин и пароль на другую;3000000;11;57;4;0;3;360.yandex.com
яндекс диск offline installer;203000;4;29;2;1;3;360.yandex.com
сколько памяти у яндекс диска;564000;5;29;8;1;3;360.yandex.com
яндекс диск для пк windows 7;2000000;6;28;2;1;3;360.yandex.com
yandex team messenger;316000;3;21;4;1;3;360.yandex.com
windows 7 x64 скачать яндекс диск;3000000;6;33;4;0;3;360.yandex.com
яндекс 360 базовый;565000;3;18;81;1;3;360.yandex.com
яндекс календарь на рабочий стол windows 10;2000000;7;43;4;1;3;360.yandex.com
моя электронная почта yandex ru вход;2000000;6;36;522;1;3;360.yandex.com
сайт яндекс ру войти в почту;3000000;6;28;4;1;3;360.yandex.com
яндекс почта регистрация создать почтовый ящик бесплатно на русском;1000000;9;67;93;1;3;360.yandex.com
вход почта яндекс ру войти;3000000;5;26;516;1;3;360.yandex.com
mail uandex ru;2000000;3;14;1;1;3;360.yandex.com
показать мою электронную почту на яндексе;2000000;6;41;336;1;3;360.yandex.com
mail yandex tu;518000;3;14;15;1;3;360.yandex.com
ограниченная версия яндекс 360;869000;4;30;5;0;3;360.yandex.com
уандех почта вход;720000;3;17;155;0;3;360.yandex.com
войти в личный кабинет на почту яндекс;2000000;7;38;801;0;3;360.yandex.com
моя электронная почта яндекс ру вход в почту;3000000;8;44;52;0;3;360.yandex.com
яндекс почта войти на мою электронную;2000000;6;37;2247;0;3;360.yandex.com
яндекс почта вход на мою почту через логин;2000000;8;42;617;0;3;360.yandex.com
мой почтовый ящик на яндекс вход;1000000;6;32;206;0;3;360.yandex.com
установить яндекс календарь на рабочий стол;1000000;6;43;6;0;3;360.yandex.com
mail yandex ru вход в свою почту с телефона;3000000;9;43;610;0;3;360.yandex.com
моя электронная почта открыть на яндекс;2000000;6;39;97;0;3;360.yandex.com
вход в личный кабинет на яндекс почте;2000000;7;37;936;0;3;360.yandex.com
как отправить почту через облако яндекс;624000;6;39;6;0;3;360.yandex.com
http pdd yandex;212000;3;15;2;0;3;360.yandex.com
почта яндекс yandex ru вход в почту моя;2000000;8;39;185;0;3;360.yandex.com
mail yandex ru войти в почту через логин и пароль на телефоне;3000000;12;61;81;0;3;360.yandex.com
зарегистрировать корпоративную почту на яндексе;1000000;5;47;8;0;3;360.yandex.com
войти в электронную почту яндекс по логину;2000000;7;42;162;0;3;360.yandex.com
хранилище яндекс диск;650000;3;21;9029;393;4;360.yandex.com
почта яндекс онлайн вход;2000000;4;24;846;615;4;360.yandex.com
disk yandex ru войти;3000000;4;20;3416;2569;4;360.yandex.com
войти в яндекс диск;2000000;4;19;7703;611;4;360.yandex.com
яндекс 360 подписка;1000000;3;19;11660;1344;4;360.yandex.com
почта яндекс бизнес;2000000;3;19;2647;401;4;360.yandex.com
http family yandex ru;1000000;4;21;43;0;3;360.yandex.com
подписка яндекс 360;1000000;3;19;11658;1345;4;360.yandex.com
yandex by почта вход в почтовый;1000000;6;31;26;0;3;360.yandex.com
яндекс фото диск;1000000;3;16;35617;1039;4;360.yandex.com
почта яндекс вход в почту моя страница входящие сообщения yandex ru;2000000;11;67;10;0;3;360.yandex.com
проверить почту на яндексе входящие;2000000;5;35;22;0;3;360.yandex.com
вход в яндекс диск;1000000;4;18;13541;555;4;360.yandex.com
почта яндекс ру вход в почтовый ящик;3000000;7;36;26;0;3;360.yandex.com
как отправить документы в облако яндекс;151000;6;39;16;0;3;360.yandex.com
yandex disk вход;723000;3;16;624;389;4;360.yandex.com
почта яндекс в;4000000;3;14;393614;167;4;360.yandex.com
яндекс диск онлайн вход;2000000;4;23;251;218;4;360.yandex.com
диск яндекс войти в мою страницу;2000000;6;32;484;260;4;360.yandex.com
войти в почту на яндексе на свою;2000000;7;32;5658;214;4;360.yandex.com
яндекс 360 купить;1000000;3;17;962;257;4;360.yandex.com
яндекс диск вход на мою страницу войти с телефона;3000000;9;49;445;193;4;360.yandex.com
почта mail яндекс;1000000;3;17;5916;312;4;360.yandex.com
почта мэйл яндекс;1000000;3;17;537;259;4;360.yandex.com
диск вход;821000;2;9;122456;276;4;360.yandex.com
telemost yandex ru j;2000000;4;20;16253;252;4;360.yandex.com
яндекс диак;509000;2;11;461;361;4;360.yandex.com
яндекс 360 скачать;952000;3;18;801;305;4;360.yandex.com
вход на яндекс диск;1000000;4;19;1675;205;4;360.yandex.com
яндекс диск открыть мой на этом телефоне;2000000;7;40;482;261;4;360.yandex.com
download yandex disk;479000;3;20;897;376;4;360.yandex.com
проверить почту на яндексе;1000000;4;26;547;165;4;360.yandex.com
купить 1 тб яндекс диск;4000000;5;23;244;82;4;360.yandex.com
яндекс 360 почта для домена;777000;5;27;160;107;4;360.yandex.com
вход в яндекс почту на мою страницу;2000000;7;35;2499;132;4;360.yandex.com
я диск войти;2000000;3;12;247;103;4;360.yandex.com
yandex disk войти;2000000;3;17;3561;125;4;360.yandex.com
яндекс почтовый;426000;2;15;27643;85;4;360.yandex.com
яндекс почта вход mail yandex ru;2000000;6;32;1286;147;4;360.yandex.com
мой яндекс диск войти;2000000;4;21;3218;126;4;360.yandex.com
яндекс календарь приложение для андроид;2000000;5;39;267;136;4;360.yandex.com
облачное хранилище яндекс диск бесплатно;2000000;5;40;204;123;4;360.yandex.com
яндекс диск цены;1000000;3;16;1132;147;4;360.yandex.com
почта яндекс ya ru;218000;4;18;683;137;4;360.yandex.com
яндекс ящик почта;874000;3;17;13256;92;4;360.yandex.com
почта яд;830000;2;8;164;134;4;360.yandex.com
войти на яндекс диск;2000000;4;20;2524;149;4;360.yandex.com
яндекс диск для windows 7 скачать;2000000;6;33;131;81;4;360.yandex.com
https mail yandex com;2000000;4;21;353;57;4;360.yandex.com
подписки яндекс 360;774000;3;19;11658;61;4;360.yandex.com
почта яндекс маил ru;2000000;4;20;427;66;4;360.yandex.com
яндекс почта вход в мою почту;2000000;6;29;28606;59;4;360.yandex.com
яндекс 360 подписки;1000000;3;19;11683;63;4;360.yandex.com
телемост яндекс как работает;1000000;4;28;186;57;4;360.yandex.com
яндекс почта вход легкая версия;284000;5;31;146;78;4;360.yandex.com
почта яндекс где;2000000;3;16;6371;65;4;360.yandex.com
яндекс офис 360;780000;3;15;154;72;4;360.yandex.com
яндекс 260;635000;2;10;421;63;4;360.yandex.com
вход в мою яндекс почту;248000;5;23;29842;80;4;360.yandex.com
яндекс pochta;1000000;2;13;91;77;4;360.yandex.com
обычная почта яндекс;946000;3;20;529;59;4;360.yandex.com
яндекс диск десктоп;689000;3;19;124;69;4;360.yandex.com
скачать яндекс диск для windows 7;2000000;6;33;132;81;4;360.yandex.com
вход в yandex почту;2000000;4;19;16032;54;4;360.yandex.com
приложение яндекс диск на компьютер;1000000;5;35;333;34;4;360.yandex.com
почта яндекс создать почту новую регистрация;3000000;6;44;5408;40;4;360.yandex.com
яндекса телемост;407000;2;16;155282;48;4;360.yandex.com
яндекс диск mac os;731000;4;18;488;40;4;360.yandex.com
yandex premium;301000;2;14;6038;43;4;360.yandex.com
яндек дис;41000;2;9;39;36;4;360.yandex.com
почта яндекс личный кабинет войти в личный кабинет для физических лиц по номеру мобильного телефона;3000000;15;99;59;52;4;360.yandex.com
почта яндекс кз вход в почту;2000000;6;28;52;43;4;360.yandex.com
яндекс диск безлимит;510000;3;20;1271;51;4;360.yandex.com
яндекс 365 вход;1000000;3;15;73;41;4;360.yandex.com
скачать яндекс календарь на компьютер;1000000;5;37;61;52;4;360.yandex.com
яндекс 360 премиум что это;707000;5;26;119;52;4;360.yandex.com
yandex почта вход в электронную почту;1000000;6;37;937;39;4;360.yandex.com
почта яндекс ру вход в почту моя страница личный кабинет;1000000;10;56;86;49;4;360.yandex.com
вход в почту yandex;1000000;4;19;16032;54;4;360.yandex.com
войти в эл почту яндекс;2000000;5;23;257;33;4;360.yandex.com
yandex зарегистрировать почту;161000;3;29;217;27;4;360.yandex.com
mail ya ru почта вход;2000000;5;21;55;29;4;360.yandex.com
поч ян;75000;2;6;74;30;4;360.yandex.com
яндекс почта бизнес 360;1000000;4;23;279;28;4;360.yandex.com
электронная почта яндекс моя страница;2000000;5;37;3948;29;4;360.yandex.com
яндекс почта вход с паролем;2000000;5;27;1303;27;4;360.yandex.com
поч я;110000;2;5;2816;33;4;360.yandex.com
поа яндекс;361000;2;10;47;30;4;360.yandex.com
yandex почти;264000;2;12;27356;32;4;360.yandex.com
эл почта на яндексе;2000000;4;19;1457;29;4;360.yandex.com
почта yan;880000;2;9;58;33;4;360.yandex.com
вход электронную почту яндекс;1000000;4;29;10413;33;4;360.yandex.com
электронный ящик яндекс;639000;3;23;868;27;4;360.yandex.com
yandex почта зайти;391000;3;18;359;31;4;360.yandex.com
яндекс диск хранилище фото;1000000;4;26;153;33;4;360.yandex.com
открыть мою почту яндекс;749000;4;24;5672;27;4;360.yandex.com
почтовый домен яндекс;475000;3;21;224;21;4;360.yandex.com
м почта яндекс;1000000;3;14;186;22;4;360.yandex.com
яндекс 360 премиум что это такое;2000000;6;32;26;22;4;360.yandex.com
зарегистрировать аккаунт яндекс почта;1000000;4;37;142;21;4;360.yandex.com
яндекс диск ю;840000;3;13;44;22;4;360.yandex.com
официальная почта яндекса;261000;3;25;809;21;4;360.yandex.com
яндекс диск на рабочий стол;779000;5;27;711;24;4;360.yandex.com
как отправить фото через яндекс диск ссылкой;1000000;7;44;27;22;4;360.yandex.com
зайти в свою яндекс почту;1000000;5;25;1408;23;4;360.yandex.com
почта м яндекс;2000000;3;14;186;22;4;360.yandex.com
завести почту на яндексе бесплатно на телефон;2000000;7;45;284;24;4;360.yandex.com
yandex maul;112000;2;11;29;23;4;360.yandex.com
как сохранить фотографии на яндекс диске и отправить ссылку;2000000;9;59;24;21;4;360.yandex.com
яндекс диск зарегистрировать;377000;3;28;95;23;4;360.yandex.com
яндекс почта вход зарегистрироваться;2000000;4;36;52;25;4;360.yandex.com
почту яндекс ру;2000000;3;15;18458;20;4;360.yandex.com
подписка на яндекс 360;1000000;4;22;1418;16;4;360.yandex.com
открыть почтовый ящик яндекс;1000000;4;28;537;17;4;360.yandex.com
открыть файл яндекс;1000000;3;19;6002;20;4;360.yandex.com
почта яндекс х;2000000;3;14;48;16;4;360.yandex.com
zndekc почта;832000;2;12;18;18;4;360.yandex.com
завести электронную почту яндекс;376000;4;32;676;16;4;360.yandex.com
https mail yandex;945000;3;17;12520;20;4;360.yandex.com
яндекс диск скачать на компьютер windows 7;2000000;7;42;30;19;4;360.yandex.com
cnn яндекс почта;1000000;3;16;25;20;4;360.yandex.com
моя почта yandex ru;898000;4;19;3350;18;4;360.yandex.com
войти в электронную почту яндекс по логину и паролю с мобильного телефона;2000000;12;73;21;20;4;360.yandex.com
эмейл яндекс;449000;2;12;116;20;4;360.yandex.com
май яндекс почта;2000000;3;16;54;16;4;360.yandex.com
https yandex mail;889000;3;17;12520;20;4;360.yandex.com
яндекс 360 для бизнеса это;1000000;5;26;211;20;4;360.yandex.com
войти ы почту яндекс;3000000;4;20;17;16;4;360.yandex.com
яндекс календарь андроид скачать;1000000;4;32;334;14;4;360.yandex.com
яндекс календарь мобильное приложение;2000000;4;37;29;15;4;360.yandex.com
пос почта яндекс;957000;3;16;32;15;4;360.yandex.com
почта яне;1000000;2;9;4952;15;4;360.yandex.com
что такое менеджер простыми словами;1000000;5;35;364;15;4;360.yandex.com
майл яндекс вход в почту;2000000;5;24;529;14;4;360.yandex.com
как настроить шрифт в яндекс почте;1000000;6;34;47;16;4;360.yandex.com
ya поста;520000;2;8;54;15;4;360.yandex.com
как почс;79000;2;8;63;15;4;360.yandex.com
открыть яндекс почту мою страницу;2000000;5;33;5076;15;4;360.yandex.com
яндекс doc;443000;2;10;1104;16;4;360.yandex.com
яг яндекс почта;212000;3;15;15;15;4;360.yandex.com
как записать яндекс телемост;459000;4;28;233;14;4;360.yandex.com
почтовик яндекс;241000;2;15;78;15;4;360.yandex.com
яндекс диск виндовс;587000;3;19;1579;16;4;360.yandex.com
как общаться через яндекс;72000;4;25;111;14;4;360.yandex.com
yandex ru login;2000000;3;15;1802;10;4;360.yandex.com
jandex ru почта;2000000;3;15;98;12;4;360.yandex.com
последняя версия яндекс почты;1000000;4;29;180;13;4;360.yandex.com
яндекс диск установка на компьютер;752000;5;34;82;12;4;360.yandex.com
яндекс почта войти на почту;305000;5;27;25124;12;4;360.yandex.com
яндекс календарь приложение для андроид скачать бесплатно на русском языке;3000000;10;74;30;10;4;360.yandex.com
z gjxn;209000;2;6;23;14;4;360.yandex.com
яндекс диск новый;2000000;3;17;1054;12;4;360.yandex.com
яндекс почта для компании;2000000;4;25;90;13;4;360.yandex.com
yandex почта на домене;64000;4;22;184;12;4;360.yandex.com
yandex почтовый ящик;111000;3;20;3065;14;4;360.yandex.com
моя яндекс почта зайти в почту;637000;6;30;1809;13;4;360.yandex.com
почта яндекс без приложения;1000000;4;27;223;11;4;360.yandex.com
yandex почта сайт;2000000;3;17;371;13;4;360.yandex.com
аккаунт яндекс диск купить;1000000;4;26;30;14;4;360.yandex.com
почта уандех ru вход на мою;4000;6;27;34;10;4;360.yandex.com
www яндекс ру почта;76000;4;19;9;8;4;360.yandex.com
яндекс пос а;2000000;3;12;20;8;4;360.yandex.com
почтовой яндекс;454000;2;15;28662;9;4;360.yandex.com
яндекс диск macos;930000;3;17;133;8;4;360.yandex.com
как создать в яндекс почте группу контактов для рассылки;2000000;9;56;8;8;4;360.yandex.com
создать электронный ящик на яндексе;287000;5;35;364;8;4;360.yandex.com
яндекс календарь приложение для андроид скачать бесплатно;3000000;7;57;74;10;4;360.yandex.com
электронная почта от яндекса;936000;4;28;735;9;4;360.yandex.com
зайти на почту яндекс по логину и паролю с телефона войти;3000000;11;57;21;9;4;360.yandex.com
купить пространство на яндекс диске;869000;5;35;11;8;4;360.yandex.com
пч почта яндекс;1000000;3;15;11;10;4;360.yandex.com
яндекс майо;451000;2;11;15;10;4;360.yandex.com
как подключить корпоративную почту яндекс;1000000;5;41;29;8;4;360.yandex.com
andex mail;442000;2;10;16;9;4;360.yandex.com
яндекс почта создать группу для рассылки;1000000;6;40;105;10;4;360.yandex.com
ail yandex ru;1000000;3;13;57;8;4;360.yandex.com
как настроить фильтры в яндекс почте;697000;6;36;35;6;4;360.yandex.com
yandex disk client;173000;3;18;3244;7;4;360.yandex.com
как записать файл на яндекс диск и дать ссылку;2000000;9;46;7;7;4;360.yandex.com
управление почтовыми ящиками яндекс;978000;4;35;29;7;4;360.yandex.com
e mail yandex ru;1000000;4;16;1906;7;4;360.yandex.com
плятта яндекс;46000;2;13;9;7;4;360.yandex.com
поделиться календарем яндекс;2000000;3;28;93;7;4;360.yandex.com
yandex mail desktop;542000;3;19;151;7;4;360.yandex.com
сколько гб в яндекс диске;706000;5;25;67;7;4;360.yandex.com
яндекс ростп;157000;2;12;7;7;4;360.yandex.com
yandex ru почта войти в электронную почту;2000000;7;41;1019;7;4;360.yandex.com
yandex sign up;404000;3;14;46;7;4;360.yandex.com
яндекс диск скачать полный установщик;1000000;5;37;11;7;4;360.yandex.com
как загрузить на яндекс диск и отправить ссылку;2000000;8;47;182;7;4;360.yandex.com
регистрация электронной почты яндекс бесплатно;2000000;5;46;1129;7;4;360.yandex.com
яндекс телемост как записать видео;515000;5;34;39;6;4;360.yandex.com
yandex poct;149000;2;11;12;4;4;360.yandex.com
что такое коворкинг центры;632000;4;26;311;5;4;360.yandex.com
яндекс файлы скачать;911000;3;20;18997;5;4;360.yandex.com
безлимит на яндекс диске;481000;4;24;279;5;4;360.yandex.com
облачная система хранения данных;1000000;4;32;458;5;4;360.yandex.com
войти в почту яндекс на свою страницу через логин и пароль с нового телефона;897000;14;76;4;4;4;360.yandex.com
https mail yandex by touch tab news;1000000;7;35;8;6;4;360.yandex.com
яндекс диск функции;69000;3;19;292;5;4;360.yandex.com
jandex почта;976000;2;12;109;6;4;360.yandex.com
облачное хранилище данных это в информатике;2000000;6;43;9;5;4;360.yandex.com
электро почта яндекс;982000;3;20;30;6;4;360.yandex.com
как отправить ссылку на яндекс;1000000;5;30;2583;6;4;360.yandex.com
яндекс почта зарегать;115000;3;21;114;5;4;360.yandex.com
как в яндекс почте настроить пересылку писем на другой адрес;2000000;10;60;7;5;4;360.yandex.com
как настроить в яндекс почте переадресацию на другую почту;2000000;9;58;37;6;4;360.yandex.com
mail yandex ur;511000;3;14;8;4;4;360.yandex.com
яндекс домен вход;1000000;3;17;93;2;4;360.yandex.com
скачай яндекс календарь;1000000;3;23;2254;3;4;360.yandex.com
перейти в яндекс диск;76000;4;21;171;3;4;360.yandex.com
регистрация корпоративной почты яндекс;2000000;4;38;13;3;4;360.yandex.com
загрузить файл в яндекс диск и получить ссылку;2000000;8;46;4;3;4;360.yandex.com
яндекс диск безлимитное хранилище;572000;4;33;37;2;4;360.yandex.com
yandex msil;515000;2;11;6;4;4;360.yandex.com
почтаяндекс почта майл;85000;3;22;3;3;4;360.yandex.com
как включить яндекс диск на компьютере;1000000;6;38;22;3;4;360.yandex.com
как загрузить материал на яндекс диск и создать ссылку;2000000;9;54;3;3;4;360.yandex.com
яндекс диск безлимит для фото с телефона;1000000;7;40;49;4;4;360.yandex.com
электронная почта уандех;1000000;3;24;15;4;4;360.yandex.com
яндекс новый адрес почты;3000;4;24;515;2;4;360.yandex.com
емкость яндекс диска;268000;3;20;26;3;4;360.yandex.com
mail ya ri;469000;3;10;4;4;4;360.yandex.com
яндекс электронка;406000;2;17;86;2;4;360.yandex.com
яндекс диск для win 7;2000000;5;21;4;0;4;360.yandex.com
yandex indonesia 2020;477000;3;21;3;1;4;360.yandex.com
вместимость яндекс диска;429000;3;24;17;1;4;360.yandex.com
электронная почта ya ru что это;2000000;6;31;2;1;4;360.yandex.com
yandex r почта;1000000;3;14;50;1;4;360.yandex.com
yandex poxnf;118000;2;12;1;1;4;360.yandex.com
как синхронизировать яндекс календарь с алисой;730000;6;46;7;2;4;360.yandex.com
янд почт;836000;2;8;1167;1;4;360.yandex.com
яндекс почта войти на свою электронная;2000000;6;38;759;1;4;360.yandex.com
моя личная почта на яндексе;1000000;5;27;447;1;4;360.yandex.com
почьа я;554000;2;7;2;2;4;360.yandex.com
https mail yandex ru touch skip app promo 1 https mail yandex ru;4000000;13;64;114;1;4;360.yandex.com
янд майл;640000;2;8;10;1;4;360.yandex.com
доменное имя яндекс почты;2000000;4;25;30;1;4;360.yandex.com
авторизация в почту яндекс;1000000;4;26;124;2;4;360.yandex.com
янн почта;57000;2;9;5;0;4;360.yandex.com
почта вход в яндекс;2000000;4;19;195440;542;5;360.yandex.com
яндекс диск для xp;492000;4;18;35;0;4;360.yandex.com
зайти в почту через яндекс;1000000;5;26;397;0;4;360.yandex.com
почта яндекс войти в почтовый ящик уже существующий с телефона вход;400000;11;67;28;0;4;360.yandex.com
яндекс почта войти в почтовый ящик через логин и пароль с мобильного;2000000;12;68;11;0;4;360.yandex.com
почта яндекс вход в;2000000;4;19;195440;542;5;360.yandex.com
яндекс диск скачать для windows xp;1000000;6;34;3;0;4;360.yandex.com
доступное место в гб яндекс диск;1000000;6;32;18;0;4;360.yandex.com
яндекс корпоративная версия;6000;3;27;135;0;4;360.yandex.com
эл ящик яндекс;733000;3;14;42;0;4;360.yandex.com
яндекс бизнес пробный период;2000000;4;28;4;0;4;360.yandex.com
как создать телемост на яндекс;1000000;5;30;131;0;4;360.yandex.com
приложение яндекс календарь;2000000;3;27;1784;788;5;360.yandex.com
www mail yandex ru почта;2000000;5;24;51;0;4;360.yandex.com
как отправить видео с айфона на яндекс диск;6000;8;43;7;0;4;360.yandex.com
создать яндекс диск бесплатно;2000000;4;29;1935;400;5;360.yandex.com
войти в яндекс почту по логину;2000000;6;30;1064;36;5;360.yandex.com
яндекс тим почта;2000000;3;16;105;54;5;360.yandex.com
yandex pochta ru почта вход;2000000;5;27;119;118;5;360.yandex.com
yandex team почта;1000000;3;17;247;42;5;360.yandex.com
яндекс диск подписка цена;1000000;4;25;113;84;5;360.yandex.com
как скачать яндекс диск на компьютер бесплатно;2000000;7;46;54;41;5;360.yandex.com
yandex doc;194000;2;10;10066;206;5;360.yandex.com
яндекс мост создать встречу;1000000;4;27;104;88;5;360.yandex.com
yandex dis;196000;2;10;268;155;5;360.yandex.com
почта яндекс со своим доменом;1000000;5;29;346;59;5;360.yandex.com
создать электронная почта яндекс;1000000;4;32;13887;259;5;360.yandex.com
календарь yandex;486000;2;16;951;198;5;360.yandex.com
управление почтой яндекс;2000000;3;24;565;41;5;360.yandex.com
яндекс диск windows;588000;3;19;6423;149;5;360.yandex.com
365 яндекс;552000;2;10;3484;388;5;360.yandex.com
как загрузить фото с компьютера на яндекс диск;403000;8;46;76;34;5;360.yandex.com
для чего нужно облако в телефоне и как им пользоваться;2000000;10;54;16;16;5;360.yandex.com
яндекс диск премиум бесплатно;2000000;4;29;46;17;5;360.yandex.com
челку почта;918000;2;11;49;21;5;360.yandex.com
я почта создать;2000000;3;15;1244;17;5;360.yandex.com
майл яндекс войти;1000000;3;17;856;18;5;360.yandex.com
электронная почта вход яндекс вход в почту;2000000;7;42;3767;16;5;360.yandex.com
яндекс диск на комп;640000;4;19;604;25;5;360.yandex.com
yandex file;226000;2;11;2915;20;5;360.yandex.com
как скачать яндекс диск на ноутбук;1000000;6;34;78;22;5;360.yandex.com
как в почте яндекс создать группу для рассылки писем;140000;9;52;18;18;5;360.yandex.com
яндекс диск для фотографий;955000;4;26;871;26;5;360.yandex.com
яндекс диск пк;905000;3;14;7815;25;5;360.yandex.com
как прислать ссылку на яндекс диск;867000;6;34;138;17;5;360.yandex.com
yandex почта скачать для windows;1000000;5;32;23;21;5;360.yandex.com
что такое яндекс 360 премиум;716000;5;28;90;33;5;360.yandex.com
яндекс диск пк версия;1000000;4;21;100;15;5;360.yandex.com
уандекс ру почта;69000;3;16;9;7;5;360.yandex.com
цифровое облако;355000;2;15;420;8;5;360.yandex.com
загрузить фото и получить ссылку яндекс;2000000;6;39;107;10;5;360.yandex.com
яндекс почта скачать на компьютер windows 11;3000000;7;44;8;8;5;360.yandex.com
завести почтовый ящик на яндекс;641000;5;31;468;9;5;360.yandex.com
как скинуть фотки через яндекс диск;535000;6;35;11;7;5;360.yandex.com
сколько памяти в яндекс диске;694000;5;29;79;14;5;360.yandex.com
рлсьа;334;1;5;22;9;5;360.yandex.com
яндекс диск регистрация бесплатно нового пользователя;3000000;6;53;17;13;5;360.yandex.com
что такое яндекс почта и для чего она нужна;155000;9;43;8;8;5;360.yandex.com
как отправить письмо нескольким адресатам в яндекс почте;2000000;8;56;48;14;5;360.yandex.com
пропали входящие письма в яндекс почте;2000000;6;38;42;13;5;360.yandex.com
отправить на яндекс диск;1000000;4;24;3471;7;5;360.yandex.com
для чего необходимо облачное хранилище;71000;5;38;412;12;5;360.yandex.com
календарь яндекс как пользоваться;825000;4;33;59;14;5;360.yandex.com
место на яндекс диске бесплатно;2000000;5;31;669;6;5;360.yandex.com
яндекс почта по адресу;1000000;4;22;385;1;5;360.yandex.com
yandex kz search touch;197000;4;22;3252;2;5;360.yandex.com
как сделать переадресацию почты яндекс на другую почту;2000000;8;54;83;4;5;360.yandex.com
как сохранить файл в яндекс диск и отправить ссылку;2000000;9;51;2;2;5;360.yandex.com
как передать ссылку на яндекс диск другому человеку;3000000;8;51;3;3;5;360.yandex.com
телемост веб версия;342000;3;19;32;1;5;360.yandex.com
яндекс папка для фото;1000000;4;21;71;5;5;360.yandex.com
как сделать общий документ;1000000;4;26;597;3;5;360.yandex.com
яндекс диск для windows xp 32 bit;1000000;7;33;4;4;5;360.yandex.com
есть ли почта yandex ru;2000000;5;23;41;2;5;360.yandex.com
yandex ru регистрация почтового ящика;262000;5;37;60;5;5;360.yandex.com
яндекс почта череповец;998000;3;22;19;5;5;360.yandex.com
http yandex team ru почта;2000000;5;25;1;1;5;360.yandex.com
цифровизация это процесс;317000;3;24;980;4;5;360.yandex.com
яндекс почта регистрация создать новый почтовый ящик бесплатно яндекс почты на телефоне андроид;599000;13;95;5;5;5;360.yandex.com
info calendar yandex ru что это;1000000;6;31;1;1;5;360.yandex.com
май веб диск;976000;3;12;68;48;6;360.yandex.com
создать корпоративную почту яндекс;2000000;4;34;192;68;6;360.yandex.com
яндекс диск премиум;802000;3;19;892;314;6;360.yandex.com
яндекс диск для windows 7;2000000;5;25;256;64;6;360.yandex.com
мои фото на яндекс диске;1000000;5;24;355;133;6;360.yandex.com
видеозвонки яндекс;183000;2;18;595;62;6;360.yandex.com
зайти на яндекс почту по логину и паролю с телефона;2000000;10;51;27;0;5;360.yandex.com
как с айфона перенести фото на яндекс диск;1000000;8;42;386;151;6;360.yandex.com
календарь яндекс приложение;2000000;3;27;1790;777;6;360.yandex.com
почтаяндекс ru вход в почту моя страница;2000000;7;40;96;92;6;360.yandex.com
переустановить яндекс диск на компьютере;755000;5;40;3;0;5;360.yandex.com
телемост яндекс создать конференцию;1000000;4;35;3168;2826;6;360.yandex.com
почта чн яндекс;1000000;3;15;330;64;6;360.yandex.com
телемост яндекс онлайн;2000000;3;22;1263;617;6;360.yandex.com
яндекс диск нпк;1000000;3;15;2;0;5;360.yandex.com
яндекс сервер аренда;283000;3;20;687;43;6;360.yandex.com
как перенаправить письма с одной почты на другую;857000;8;48;23;10;6;360.yandex.com
как создать группу в яндексе;1000000;5;28;573;13;6;360.yandex.com
как установить яндекс диск на компьютер с windows 10;3000000;9;52;21;16;6;360.yandex.com
как попасть на яндекс диск;750000;5;26;95;12;6;360.yandex.com
яндекс диск windows 7;3000000;4;21;490;13;6;360.yandex.com
браузер для предприятий;372000;3;23;384;11;6;360.yandex.com
как пишется яндекс диск;349000;4;23;50;25;6;360.yandex.com
почта электронные письма онлайн;775000;4;31;307;14;6;360.yandex.com
как перенести файлы на яндекс диск;694000;6;34;1149;21;6;360.yandex.com
запись встречи;443000;2;14;4869;13;6;360.yandex.com
как установить яндекс диск на компьютер бесплатно;2000000;7;49;27;27;6;360.yandex.com
как выглядит яндекс диск;755000;4;24;154;23;6;360.yandex.com
yandex xxxxxxx;103000;2;14;21;12;6;360.yandex.com
яндекс почта для windows скачать;157000;5;32;149;20;6;360.yandex.com
скачать яндекс документы для пк;1000000;5;31;31;29;6;360.yandex.com
как создать диск с фото в яндексе;591000;7;33;24;10;6;360.yandex.com
yandex roma;186000;2;11;285;0;6;360.yandex.com
яндекс почта для пк программа;2000000;5;29;1;0;6;360.yandex.com
яндекс диск характеристики;594000;3;26;138;4;6;360.yandex.com
скачать яндекс почта на компьютер виндовс 10;2000000;7;44;2;0;6;360.yandex.com
зарегистрировать электронную почту на яндексе бесплатно регистрация с телефона;381000;9;78;16;2;6;360.yandex.com
деловой стиль на переговорах;479000;4;28;87;0;6;360.yandex.com
что такое яндекс телемост как пользоваться;572000;6;42;62;7;6;360.yandex.com
yandex папка;36000;2;12;2760;4;6;360.yandex.com
как сохранять в облако на компьютер;232000;6;35;94;6;6;360.yandex.com
загрузи файл на яндекс диск и пришли ссылку учителю;884000;9;51;4;1;6;360.yandex.com
яндекс диск для windows xp;574000;5;26;26;8;6;360.yandex.com
как увеличить шрифт в яндекс почте;1000000;6;34;50;7;6;360.yandex.com
http pdd yandex ru;1000000;4;18;2;0;6;360.yandex.com
ya com почта;752000;3;12;91;5;6;360.yandex.com
процесс цифровизации это;380000;3;24;1062;9;6;360.yandex.com
яндекс диск вход в личный кабинет;2000000;6;33;10145;8556;7;360.yandex.com
как загрузить видео на яндекс диск с телефона айфона;2000000;9;52;80;31;7;360.yandex.com
скачать яндекс диск на телефон бесплатно;1000000;6;40;110;40;7;360.yandex.com
mail yandex team;413000;3;16;358;55;7;360.yandex.com
как через облако отправить большой файл по электронной почте;3000000;9;60;53;40;7;360.yandex.com
как скинуть фото на яндекс диск с айфона;1000000;8;40;106;48;7;360.yandex.com
сколько памяти на яндекс диске;803000;5;30;199;32;7;360.yandex.com
яндекс рассылка;543000;2;15;5108;111;7;360.yandex.com
caldav яндекс;522000;2;13;272;49;7;360.yandex.com
яндекс 360 премиум справка;842000;4;26;134;81;7;360.yandex.com
сайт яндекс почты;3000000;3;17;2664;45;7;360.yandex.com
chat yandex;188000;2;11;8620;136;7;360.yandex.com
почс;4000;1;4;895;101;7;360.yandex.com
яндекс диск скачать бесплатно на айфон;2000000;6;38;83;34;7;360.yandex.com
яндекс диск приложение для андроид;1000000;5;34;155;57;7;360.yandex.com
почь;5000;1;4;5334;140;7;360.yandex.com
yandex ru телемост;1000000;3;18;249;20;7;360.yandex.com
яндекс диск скачать линукс;931000;4;26;82;6;7;360.yandex.com
яндекс диск скачать бесплатно на андроид русском языке последняя версия;2000000;10;71;50;7;7;360.yandex.com
как создать в облаке папку с общим доступом яндекс диск;1000000;10;55;10;10;7;360.yandex.com
yandex почта браузер;1000000;3;20;125;7;7;360.yandex.com
яндекс диск системные требования;673000;4;32;20;8;7;360.yandex.com
завести почту на яндексе новую бесплатно;3000000;6;40;480;6;7;360.yandex.com
скачать диск облако;709000;3;19;994;15;7;360.yandex.com
yandex disk porn;441000;3;16;32;10;7;360.yandex.com
z gjcnf;199000;2;7;22;13;7;360.yandex.com
как работает яндекс календарь;1000000;4;29;40;8;7;360.yandex.com
яндекс диск для айфона как пользоваться;85000;6;39;21;16;7;360.yandex.com
яндекс 360 премиум и яндекс плюс разница;837000;7;40;26;15;7;360.yandex.com
сделать ссылку на файл яндекс диск;4000;6;34;380;7;7;360.yandex.com
почта яндекс войти в мою почту через логин и пароль на телефоне apple;2000000;13;69;15;11;7;360.yandex.com
где посмотреть почту яндекс;2000000;4;27;1651;17;7;360.yandex.com
yandex telemost что это;106000;4;23;5;5;7;360.yandex.com
приложение яндекс трекер;1000000;3;24;979;112;8;360.yandex.com
что дает яндекс 360;2000000;4;19;375;165;8;360.yandex.com
яндекс mail;948000;2;11;11670;1110;8;360.yandex.com
где найти яндекс диск;2000000;4;21;867;163;8;360.yandex.com
почта yandex вход в почту;2000000;5;25;16080;438;8;360.yandex.com
yandex family;228000;2;13;6826;118;8;360.yandex.com
что такое яндекс диск на компьютере;665000;6;35;16;3;7;360.yandex.com
яндекс 360 поддержка;1000000;3;20;1527;532;8;360.yandex.com
открыть мой календарь;911000;3;21;73;0;7;360.yandex.com
домен яндекс;558000;2;12;10187;221;8;360.yandex.com
облако приложение это;2000000;3;21;446;4;7;360.yandex.com
yandex yaman;130000;2;12;2;0;7;360.yandex.com
почта в яндексе войти в свою почту;2000000;7;34;7579;119;8;360.yandex.com
мост яндекс;856000;2;11;5685;2708;8;360.yandex.com
яндекс диск скачать бесплатно на айфон без вирусов русском языке бесплатно;2000000;11;74;9;4;7;360.yandex.com
сколько места на яндекс диске;1000000;5;29;946;109;8;360.yandex.com
п оч;235000;2;4;1828;9;8;360.yandex.com
v yandex ru;286000;3;11;8026;14;8;360.yandex.com
платформа яндекс телемост;61000;3;25;162;35;8;360.yandex.com
яндекс 360 для бизнеса поддержка телефон;2000000;6;40;21;11;8;360.yandex.com
яндекс портфолио;427000;2;16;855;19;8;360.yandex.com
яндекс телемост логотип;536000;3;23;9;9;8;360.yandex.com
как зайти в яндекс почту с телефона;773000;7;35;279;51;8;360.yandex.com
автоматическая загрузка фото на яндекс диск с телефона;2000000;8;54;36;30;8;360.yandex.com
yandex мост;391000;2;11;160;42;8;360.yandex.com
почтовые ящики интернет;397000;3;23;1063;15;8;360.yandex.com
caldav yandex;98000;2;13;219;75;8;360.yandex.com
сколько гб на яндекс диске бесплатно;2000000;6;36;74;44;8;360.yandex.com
yandex mail приложение;1000000;3;22;107;10;8;360.yandex.com
завести новую яндекс почту;3000000;4;26;1331;40;8;360.yandex.com
yandex meet;163000;2;11;412;86;8;360.yandex.com
как отключить видео в яндекс телемост;2000000;6;37;12;6;8;360.yandex.com
яндекс видеоконференция;522000;2;23;1132;354;9;360.yandex.com
swot анализ достоинства и недостатки;413000;5;36;16;1;8;360.yandex.com
зайти на почти;356000;3;14;36137;3;8;360.yandex.com
яндекс диск для ipad;561000;4;20;3;0;8;360.yandex.com
электронная почта 0;3000000;3;19;560;2;8;360.yandex.com
видеоконференция яндекс;518000;2;23;1260;376;9;360.yandex.com
что за программа телемост;711000;4;25;12;4;8;360.yandex.com
электронный адрес зайти;1000000;3;23;465;3;8;360.yandex.com
yandex ewean;46000;2;12;9;3;8;360.yandex.com
как посмотреть номер фото в яндекс диске;2000000;7;40;4;2;8;360.yandex.com
яндекс для малого бизнеса;2000000;4;25;74;6;8;360.yandex.com
yandex hewan;30000;2;12;47;4;8;360.yandex.com
яндекс главная;2000000;2;14;471321;6678;9;360.yandex.com
he ya;149000;2;5;544;3;8;360.yandex.com
яндекс тоннель;436000;2;14;170;6;8;360.yandex.com
хранилище яндекс фото;1000000;3;21;533;244;9;360.yandex.com
сколько писем можно отправить с яндекса чтобы не попасть в спам;2000000;11;63;29;18;9;360.yandex.com
скачивания яндекс;466000;2;17;164968;23;9;360.yandex.com
яндекс теле;318000;2;11;6298;49;9;360.yandex.com
как посмотреть свою почту в яндексе;1000000;6;35;309;19;9;360.yandex.com
eamil;3000;1;5;76;36;9;360.yandex.com
яндекс семя;577000;2;11;1054;18;9;360.yandex.com
домены яндекс;27000;2;13;9049;118;9;360.yandex.com
войти в мою почту на яндексе;2000000;6;28;4860;44;9;360.yandex.com
я трекер;1000000;2;8;698;86;9;360.yandex.com
яндекс программы для компьютера;102000;4;31;438;34;9;360.yandex.com
фолио для фотографов;844000;3;20;636;154;9;360.yandex.com
яндекс плюс диск;863000;3;16;1705;103;9;360.yandex.com
mail yandex tut by почта вход;64000;6;29;49;19;9;360.yandex.com
яндекс телемост тарифы;1000000;3;22;170;82;9;360.yandex.com
яндекс трекер скачать;909000;3;21;577;172;9;360.yandex.com
синхронизация фото с iphone на яндекс диск;1000000;7;42;19;17;9;360.yandex.com
как на яндекс диск загрузить видео и получить ссылку;3000000;9;52;7;2;9;360.yandex.com
что значит б2б;2000000;3;14;21;5;9;360.yandex.com
зарегистрироваться в электронной почте яндекс;1000000;5;45;57;9;9;360.yandex.com
безлимит на яндекс;1000000;3;18;778;4;9;360.yandex.com
яндекс диск 3 скачать;3000000;4;21;1063;6;9;360.yandex.com
яндекс почта создать почту электронную почту зарегистрироваться бесплатно на телефоне андроид;1000000;11;93;202;3;9;360.yandex.com
скриншот яндекс диск скачать;1000000;4;28;121;15;9;360.yandex.com
бизнес почта бесплатно;2000000;3;22;208;8;9;360.yandex.com
яндекс телемост платный или бесплатный;2000000;5;38;15;13;9;360.yandex.com
сделать электронную почту на яндексе;476000;5;36;260;6;9;360.yandex.com
яндекс таблица создать бесплатно;929000;4;32;157;15;9;360.yandex.com
ya ru что это за почта;1000000;6;22;15;13;9;360.yandex.com
зарегистрировать яндекс почту бесплатно создать электронную;188000;6;59;24;3;9;360.yandex.com
почта яндекс вход в личный кабинет по номеру телефона без пароля и логина;3000000;13;73;29;11;9;360.yandex.com
зачем нужно облако;709000;3;18;441;16;9;360.yandex.com
расписание в календаре;460000;3;22;1655;2;9;360.yandex.com
яндекс встречи онлайн;2000000;3;21;210;98;10;360.yandex.com
что такое яндекс телемост;547000;4;25;401;181;10;360.yandex.com
поддержка яндекс 360;1000000;3;20;1527;532;10;360.yandex.com
яндекс календарь телемост;854000;3;25;309;150;10;360.yandex.com
яндекс корпоративный;652000;2;20;14833;250;10;360.yandex.com
яндекс телемост что это такое;1000000;5;29;115;99;10;360.yandex.com
главная страница почтового сервиса;2000000;4;34;1;0;9;360.yandex.com
семейный доступ яндекс;1000000;3;22;2153;276;10;360.yandex.com
как изменить шрифт в почте яндекса по умолчанию;2000000;8;47;18;0;9;360.yandex.com
z he;259000;2;4;2065;248;10;360.yandex.com
яндекс почта чужой комп войти;2000000;5;29;2;0;9;360.yandex.com
как сделать яндекс диск для фото на компьютере;2000000;8;46;4;0;9;360.yandex.com
yandex программа;1000000;2;16;11557;121;10;360.yandex.com
wfolio сайт для фотографа;2000000;4;25;1125;877;10;360.yandex.com
установить яндекс диск для андроид;330000;5;34;4;0;9;360.yandex.com
yandex почта войти в мою почту через логин и пароль;2000000;10;51;85;55;10;360.yandex.com
как отправить большую папку с файлами;2000000;6;37;38;5;10;360.yandex.com
почта d;507000;2;7;8108;8;10;360.yandex.com
семейная папка яндекс диск;752000;4;26;82;16;10;360.yandex.com
сдать почту яндекс;372000;3;18;75;6;10;360.yandex.com
n yandex ru;2000000;3;11;5895;14;10;360.yandex.com
вход в яндекс почту без id;1000000;6;26;21;6;10;360.yandex.com
как отменить действие в яндекс таблице;1000000;6;38;82;33;10;360.yandex.com
бесплатные календари;1000000;2;20;107339;15;10;360.yandex.com
яндекс почта вход на почту через логин;2000000;7;38;1068;20;10;360.yandex.com
яндекс диск для айфон;51000;4;21;321;10;10;360.yandex.com
яндекс мессенджеры;217000;2;18;32563;36;10;360.yandex.com
яндекс митинг онлайн;2000000;3;20;35;30;10;360.yandex.com
облачное пространство для хранения данных;2000000;5;41;42;6;10;360.yandex.com
моя яндекс почта вход на мою страницу без пароля;2000000;9;48;1796;19;10;360.yandex.com
как пользоваться яндекс диском на компьютере;919000;6;44;79;40;10;360.yandex.com
как сделать автозагрузку фото на яндекс диск на андроиде;2000000;9;56;7;5;10;360.yandex.com
как перенести все данные с гугла на яндекс;2000000;8;42;55;12;11;360.yandex.com
войти в почту онлайн по логину и паролю;3000000;8;39;7;0;10;360.yandex.com
моя эл почта вход на мою;2000000;6;24;11218;3;10;360.yandex.com
yandex ru google;1000000;3;16;4550;0;10;360.yandex.com
yandex comex;87000;2;12;1;1;10;360.yandex.com
папка спам в телефоне как проверить;1000000;6;35;131;62;11;360.yandex.com
работает ли яндекс диск в китае;2000000;6;31;4;3;10;360.yandex.com
элп почта;623000;2;9;10;3;10;360.yandex.com
corporate email;44000;2;15;94;3;10;360.yandex.com
webmail e4u ru;327000;3;14;1;1;10;360.yandex.com
как выложить фото на яндекс диск и создать ссылку для скачивания;2000000;11;64;5;4;10;360.yandex.com
яндекс почта мак;1000000;3;16;385;3;10;360.yandex.com
файлообменник для пк бесплатно;1000000;4;30;12;0;10;360.yandex.com
задачи внедрения видеоконференцсвязи;190000;3;36;3;3;10;360.yandex.com
посмотреть и скачать с яндекс диска;528000;6;35;263;4;10;360.yandex.com
внутренняя почта организации;1000000;3;28;61;7;11;360.yandex.com
мессенджер в яндексе;435000;3;20;3314;5;11;360.yandex.com
яндекс диск скачать для linux;1000000;5;29;9;4;11;360.yandex.com
как установить на телефоне яндекс диск;279000;6;38;63;1;11;360.yandex.com
как работать с яндекс диском на телефоне айфон;2000000;8;46;1;0;11;360.yandex.com
как создать яндекс таблицу с общим доступом;1000000;7;43;187;6;12;360.yandex.com
