"﻿""Ключевое слово""";Результатов в Яндексе;Слов;Символов;Частотность Весь мир;"""!Частотность !Весь !мир""";Позиция в выдаче Яндекса;appmetrica.yandex.ru
appmetrica;4000;1;10;9314;594;1;appmetrica.yandex.ru
апп метрика яндекс;66000;3;18;85;39;1;appmetrica.yandex.ru
приложение яндекс метрика;1000000;3;25;303;48;1;appmetrica.yandex.ru
redirect appmetrica yandex;225000;3;26;3567;149;1;appmetrica.yandex.ru
яндекс метрика приложение;1000000;3;25;307;47;1;appmetrica.yandex.ru
app metrica;527000;2;11;278;86;1;appmetrica.yandex.ru
redirect appmetrica yandex com;1000000;4;30;3321;44;1;appmetrica.yandex.ru
app metrika yandex;651000;3;18;196;173;1;appmetrica.yandex.ru
appmetrika;3000;1;10;186;90;1;appmetrica.yandex.ru
yandex appmetrica;131000;2;17;5079;172;1;appmetrica.yandex.ru
app метрика;554000;2;11;300;77;1;appmetrica.yandex.ru
апп метрика;314000;2;11;507;232;1;appmetrica.yandex.ru
yandex app metrika;496000;3;18;196;173;1;appmetrica.yandex.ru
appmetrica что это;2000000;3;18;115;47;1;appmetrica.yandex.ru
appmetrica yandex;128000;2;17;5079;172;1;appmetrica.yandex.ru
аппметрика;5000;1;10;792;321;1;appmetrica.yandex.ru
аппметрика вход;853000;2;15;38;38;1;appmetrica.yandex.ru
метрика приложение;963000;2;18;1836;8;1;appmetrica.yandex.ru
redirect appmetrica;15000;2;19;4793;10;1;appmetrica.yandex.ru
appmetrica sdk;71000;2;14;57;18;1;appmetrica.yandex.ru
appmetrica yandex что это;127000;4;25;37;9;1;appmetrica.yandex.ru
яндекс метрика для мобильных приложений;2000000;5;39;21;12;1;appmetrica.yandex.ru
приложение метрика;1000000;2;18;1775;8;1;appmetrica.yandex.ru
яндекс апп метрика;814000;3;18;65;27;1;appmetrica.yandex.ru
apphud что это;2000000;3;14;14;14;1;appmetrica.yandex.ru
appmetrica api;126000;2;14;73;19;1;appmetrica.yandex.ru
report appmetrica yandex net;237000;4;28;35;12;1;appmetrica.yandex.ru
ап метрика;359000;2;10;109;31;1;appmetrica.yandex.ru
app метрика яндекс;947000;3;18;57;24;1;appmetrica.yandex.ru
appmetrica unity;19000;2;16;57;9;1;appmetrica.yandex.ru
timespent;4000;1;9;69;18;1;appmetrica.yandex.ru
app metrika;554000;2;11;276;37;1;appmetrica.yandex.ru
redirect appmetrica yandex com serve;1000000;5;36;2959;8;1;appmetrica.yandex.ru
яндекс метрика для приложений;1000000;4;29;97;2;1;appmetrica.yandex.ru
яндекс метрика мобильное приложение;751000;4;35;50;5;1;appmetrica.yandex.ru
приложение для метрики;1000000;3;22;508;5;1;appmetrica.yandex.ru
app metric;404000;2;10;25;3;1;appmetrica.yandex.ru
эп метрика;376000;2;10;7;5;1;appmetrica.yandex.ru
что такое anr в андроид;175000;5;23;4;3;1;appmetrica.yandex.ru
redirect appmetrica что это;15000;4;27;18;7;1;appmetrica.yandex.ru
redirect appmetrica yandex com что это;1000000;6;38;8;5;1;appmetrica.yandex.ru
crash free;213000;2;10;307;7;1;appmetrica.yandex.ru
appmetrica документация;12000;2;23;10;5;1;appmetrica.yandex.ru
https redirect appmetrica yandex com serve;2000000;6;42;4244;7;1;appmetrica.yandex.ru
appmetrica unity sdk;58000;3;20;7;7;1;appmetrica.yandex.ru
метрика для приложений;1000000;3;22;513;3;1;appmetrica.yandex.ru
формат входных данных;953000;3;21;13698;6;1;appmetrica.yandex.ru
app metrics;633000;2;11;122;8;1;appmetrica.yandex.ru
метрика приложений;633000;2;18;1836;1;1;appmetrica.yandex.ru
апметрик;2000;1;8;178;4;2;appmetrica.yandex.ru
новые метрики;2000000;2;13;1199;13;2;appmetrica.yandex.ru
appmetrica это;2000000;2;14;160;24;2;appmetrica.yandex.ru
апп метрика что это;476000;4;19;15;11;2;appmetrica.yandex.ru
appmetrica flutter;9000;2;18;41;19;2;appmetrica.yandex.ru
timespent это;2000000;2;13;15;6;2;appmetrica.yandex.ru
appmetrica что это такое;883000;4;24;7;1;1;appmetrica.yandex.ru
logs api;290000;2;8;1730;24;2;appmetrica.yandex.ru
ap метрика;120000;2;10;18;0;1;appmetrica.yandex.ru
система антифрод что это такое;1000000;5;30;71;14;2;appmetrica.yandex.ru
создать приложение пятерочка;1000000;3;28;90;1;1;appmetrica.yandex.ru
модель оттока;275000;2;13;270;0;1;appmetrica.yandex.ru
когортный анализ в яндекс метрике;603000;5;33;8;8;2;appmetrica.yandex.ru
что такое ремаркетинг;3000;3;21;112;42;2;appmetrica.yandex.ru
profileid;6000;1;9;269;1;1;appmetrica.yandex.ru
аналитика мобильных игр;2000000;3;23;151;3;2;appmetrica.yandex.ru
анализ мобильного приложения онлайн;3000000;4;35;50;0;3;appmetrica.yandex.ru
пуш токен;74000;2;9;60;4;3;appmetrica.yandex.ru
фродскор;2000;1;8;30;10;3;appmetrica.yandex.ru
automatic tracking;59000;2;18;214;2;3;appmetrica.yandex.ru
s2 s;3000000;2;4;9713;7;3;appmetrica.yandex.ru
метрика для мобильных приложений;1000000;4;32;84;0;3;appmetrica.yandex.ru
когортный анализ яндекс метрика;295000;4;31;8;0;2;appmetrica.yandex.ru
фрод скор;321000;2;9;18;7;3;appmetrica.yandex.ru
dsym;3000;1;4;98;14;3;appmetrica.yandex.ru
метрики приложения;997000;2;18;1836;6;3;appmetrica.yandex.ru
еком аналитика яндекс;530000;3;21;2;1;2;appmetrica.yandex.ru
rolling retention;38000;2;17;108;28;3;appmetrica.yandex.ru
создание сегмента;219000;2;17;1472;2;3;appmetrica.yandex.ru
rolling retention это;2000000;3;21;13;13;3;appmetrica.yandex.ru
retention яндекс метрика;573000;3;24;7;2;2;appmetrica.yandex.ru
система антифрод что это;640000;4;24;673;284;4;appmetrica.yandex.ru
anr android что это;358000;4;19;13;12;5;appmetrica.yandex.ru
предоставление доступа;1000000;2;22;22622;30;5;appmetrica.yandex.ru
rosenberg appmetrica yandex net;266000;4;31;4;2;4;appmetrica.yandex.ru
блок антифрод что это такое;969000;5;27;41;25;5;appmetrica.yandex.ru
профиль пользователя;847000;2;20;26057;133;5;appmetrica.yandex.ru
график retention;224000;2;16;40;13;5;appmetrica.yandex.ru
yandex ads sdk;333000;3;14;122;10;4;appmetrica.yandex.ru
трекинговая ссылка в директе;678000;4;28;6;0;4;appmetrica.yandex.ru
api log;114000;2;7;1730;5;4;appmetrica.yandex.ru
антифрод яндекс;468000;2;15;441;32;5;appmetrica.yandex.ru
https oauth yandex ru authorize;2000000;5;31;195;13;4;appmetrica.yandex.ru
varioqub яндекс;327000;2;15;11;7;4;appmetrica.yandex.ru
universal links;251000;2;15;869;16;5;appmetrica.yandex.ru
ad revenue;126000;2;10;109;5;4;appmetrica.yandex.ru
что такое профиль пользователя;366000;4;30;211;23;4;appmetrica.yandex.ru
трекинговая ссылка для приложения;1000000;4;33;18;8;5;appmetrica.yandex.ru
антифрод система это;2000000;3;20;917;86;7;appmetrica.yandex.ru
s 2s;3000000;2;4;5696;4;6;appmetrica.yandex.ru
треккинговая ссылка;398000;2;19;59;22;6;appmetrica.yandex.ru
app hud;463000;2;7;65;3;6;appmetrica.yandex.ru
anr android;582000;2;11;76;11;6;appmetrica.yandex.ru
anr;4000;1;3;2803;154;7;appmetrica.yandex.ru
аудиторные метрики;183000;2;18;7;2;5;appmetrica.yandex.ru
yandex api документация;62000;3;23;110;13;6;appmetrica.yandex.ru
как получить oauth token yandex;1000000;5;31;53;37;6;appmetrica.yandex.ru
треккинговая ссылка это;660000;3;23;9;8;6;appmetrica.yandex.ru
информация о приложении;2000000;3;23;10539;4;5;appmetrica.yandex.ru
что такое антифрод система;673000;4;26;358;141;6;appmetrica.yandex.ru
яндекс apps;757000;2;11;2528;0;6;appmetrica.yandex.ru
yandex oauth token как получить;1000000;5;31;43;30;6;appmetrica.yandex.ru
уровень фрода;377000;2;13;18;8;5;appmetrica.yandex.ru
yandex oauth token;153000;3;18;394;62;7;appmetrica.yandex.ru
описание ошибок;667000;2;15;28253;3;7;appmetrica.yandex.ru
доступ внешних приложений яндекс;2000000;4;32;22;8;7;appmetrica.yandex.ru
фрауд скор;261000;2;10;34;10;7;appmetrica.yandex.ru
яндекс метрика андроид;377000;3;22;86;7;7;appmetrica.yandex.ru
idfa устройства;993000;2;15;58;8;7;appmetrica.yandex.ru
skad network;910000;2;12;12;3;7;appmetrica.yandex.ru
revenue метрика;186000;2;15;105;22;7;appmetrica.yandex.ru
universal link;1000000;2;14;869;9;7;appmetrica.yandex.ru
anr это;2000000;2;7;206;15;7;appmetrica.yandex.ru
яндекс апп;741000;2;10;794;8;7;appmetrica.yandex.ru
oauth токен яндекс;588000;3;18;279;48;7;appmetrica.yandex.ru
яндекс игры аналитика;2000000;3;21;50;20;7;appmetrica.yandex.ru
api отчет;280000;2;9;967;4;7;appmetrica.yandex.ru
oauth yandex api получить токен;1000000;5;31;17;11;7;appmetrica.yandex.ru
oauth token yandex;164000;3;18;394;62;7;appmetrica.yandex.ru
ngrow ai;149000;2;8;6;2;7;appmetrica.yandex.ru
s s2;2000000;2;4;9713;7;8;appmetrica.yandex.ru
ecom что это такое;900000;4;18;34;25;8;appmetrica.yandex.ru
яндекс пиксель;547000;2;14;1683;54;8;appmetrica.yandex.ru
приложение яндекс метрика для андроид;1000000;5;37;40;23;8;appmetrica.yandex.ru
блок антифрод что такое;925000;4;23;155;43;8;appmetrica.yandex.ru
анализ приложения;406000;2;17;17094;9;8;appmetrica.yandex.ru
мониторинг пятерочка приложение;1000000;3;31;6;0;7;appmetrica.yandex.ru
s2s что это;2000000;3;11;72;48;8;appmetrica.yandex.ru
приложение антифрод;955000;2;19;27;0;7;appmetrica.yandex.ru
yandex sdk unity;205000;3;16;159;41;8;appmetrica.yandex.ru
что такое трекинг рекламы;1000000;4;25;15;1;7;appmetrica.yandex.ru
метрика приложение андроид;657000;3;26;50;0;7;appmetrica.yandex.ru
яндекс oauth token;491000;3;18;74;20;8;appmetrica.yandex.ru
fraud score;277000;2;11;135;55;8;appmetrica.yandex.ru
смарт ссылка;648000;2;12;630;2;7;appmetrica.yandex.ru
конверсия это отношение;423000;3;23;200;4;8;appmetrica.yandex.ru
создать трекер;600000;2;14;1493;33;10;appmetrica.yandex.ru
технология крипта яндекс;1000000;3;24;29;9;9;appmetrica.yandex.ru
аналитика приложений;979000;2;20;2951;16;9;appmetrica.yandex.ru
яндекс e commerce;1000000;3;17;171;8;9;appmetrica.yandex.ru
скачать приложение яндекс метрика;2000000;4;33;29;9;9;appmetrica.yandex.ru
адапти;5000;1;6;321;34;10;appmetrica.yandex.ru
трекинг рекламы;937000;2;15;83;1;8;appmetrica.yandex.ru
яндекс метрика скачать приложение;2000000;4;33;29;9;9;appmetrica.yandex.ru
нарушена целостность данных яндекс;1000000;4;34;10;0;8;appmetrica.yandex.ru
яндекс авторизация api;734000;3;22;53;9;9;appmetrica.yandex.ru
app analytics;309000;2;13;839;1;8;appmetrica.yandex.ru
ecom аналитика;163000;2;14;18;0;8;appmetrica.yandex.ru
антифрод система что это;783000;4;24;757;345;10;appmetrica.yandex.ru
яндекс активные сессии;803000;3;22;102;30;9;appmetrica.yandex.ru
отслеживание активности;153000;2;23;1662;4;8;appmetrica.yandex.ru
дата стрим;1000000;2;10;683;21;10;appmetrica.yandex.ru
яндекс метрика приложение для андроид;1000000;5;37;38;21;10;appmetrica.yandex.ru
антифрод скачать;509000;2;16;1007;12;10;appmetrica.yandex.ru
яндекс sdk unity;559000;3;16;65;9;10;appmetrica.yandex.ru
блок антифрод что;2000000;3;17;325;8;10;appmetrica.yandex.ru
антифрауд это;2000000;2;13;5;4;10;appmetrica.yandex.ru
аналитика приложение;1000000;2;20;2951;3;10;appmetrica.yandex.ru
отслеживание ios;410000;2;16;267;0;10;appmetrica.yandex.ru
ecom что это;2000000;3;12;316;72;11;appmetrica.yandex.ru
рекламный идентификатор что это;147000;4;31;80;21;11;appmetrica.yandex.ru
ме рика;693000;2;7;96;17;11;appmetrica.yandex.ru
ценность конверсии это;2000000;3;22;33;9;11;appmetrica.yandex.ru
технология крипта;963000;2;17;133;7;11;appmetrica.yandex.ru
антифрод аналитика;271000;2;18;315;2;11;appmetrica.yandex.ru
конверсия приложения это;2000000;3;24;44;1;11;appmetrica.yandex.ru
