"﻿""Ключевое слово""";Результатов в Яндексе;Слов;Символов;Частотность Весь мир;"""!Частотность !Весь !мир""";Позиция в выдаче Яндекса;audience.yandex.ru
аудитории яндекс;5000;2;16;10738;4513;1;audience.yandex.ru
яндекс аудитории это;1000000;3;20;206;22;1;audience.yandex.ru
аудитори;73000;1;8;1243;40;1;audience.yandex.ru
яндекс аудитория яндекс директ;592000;4;30;958;89;1;audience.yandex.ru
яндекс аудитория директ;435000;3;23;1010;37;1;audience.yandex.ru
аудитория яндекс директ;470000;3;23;1189;54;1;audience.yandex.ru
яндекс сегменты аудитории;495000;3;25;530;24;1;audience.yandex.ru
яндекс аудитория;617000;2;16;9020;911;1;audience.yandex.ru
яндекс аудитория сервис;2000000;3;23;208;59;1;audience.yandex.ru
яндекс аудитории вход;7000;3;21;158;154;1;audience.yandex.ru
audience yandex;139000;2;15;329;47;1;audience.yandex.ru
аудитория яндекс;850000;2;16;10738;1089;1;audience.yandex.ru
аудитории яндекс директ;852000;3;23;1189;155;1;audience.yandex.ru
сегменты яндекс аудитории;569000;3;25;545;27;1;audience.yandex.ru
я аудитории;316000;2;11;4867;89;1;audience.yandex.ru
яндекс аудитории;5000;2;16;9020;3620;1;audience.yandex.ru
аудитории яндекса;402000;2;17;10738;22;1;audience.yandex.ru
yandex аудитория;187000;2;16;209;3;1;audience.yandex.ru
сегменты аудитории яндекс директ;660000;4;32;116;7;1;audience.yandex.ru
яндекс аудитория это;1000000;3;20;206;10;1;audience.yandex.ru
сегмент аудитории яндекс;500000;3;24;545;6;1;audience.yandex.ru
yandex аудитории;207000;2;16;209;8;1;audience.yandex.ru
я аудитории директ;1000000;3;18;17;5;1;audience.yandex.ru
яндекс аудиторий;627000;2;16;9020;18;1;audience.yandex.ru
яндекс сегмент;436000;2;14;1491;8;1;audience.yandex.ru
сегменты яндекс;381000;2;15;1513;15;1;audience.yandex.ru
аудитория яндекса;535000;2;17;10738;7;1;audience.yandex.ru
яндекс сегменты;616000;2;15;1491;19;1;audience.yandex.ru
audience яндекс;524000;2;15;25;16;1;audience.yandex.ru
audience yandex ru;1000000;3;18;241;6;1;audience.yandex.ru
директ аудитории;100000;2;16;1616;13;1;audience.yandex.ru
аудитории в яндекс директ;384000;4;25;585;20;1;audience.yandex.ru
ца яндекса;504000;2;10;217;2;1;audience.yandex.ru
яндекс пиксель аудитории;540000;3;24;199;24;3;audience.yandex.ru
создать аудиторию в яндекс директ;325000;5;33;38;4;2;audience.yandex.ru
яндекс аудитории справка;688000;3;24;59;30;2;audience.yandex.ru
анализ аудитории онлайн;1000000;3;23;187;3;2;audience.yandex.ru
яндекс ауди;1000000;2;11;512;14;2;audience.yandex.ru
пиксель яндекс;553000;2;14;1693;64;3;audience.yandex.ru
яндекс аудитори;549000;2;15;1;0;1;audience.yandex.ru
яндекс аудитории как использовать;1000000;4;33;70;19;2;audience.yandex.ru
аудитории;766000;1;9;1826931;903;2;audience.yandex.ru
яндекс ау;21000;2;9;147;4;2;audience.yandex.ru
статистика аудитории;250000;2;20;2067;2;1;audience.yandex.ru
аудитория;911000;1;9;1826931;1662;2;audience.yandex.ru
яндекс аудитории как пользоваться;550000;4;33;1;0;2;audience.yandex.ru
яндекс пиксель;547000;2;14;1683;54;2;audience.yandex.ru
аудитория директ;104000;2;16;1616;2;1;audience.yandex.ru
яндекс аудитории пиксель;446000;3;24;199;24;3;audience.yandex.ru
количество корректных уникальных элементов меньше чем 100;2000000;7;57;10;6;7;audience.yandex.ru
определить целевую аудиторию онлайн бесплатно;2000000;5;45;7;6;5;audience.yandex.ru
id мобильных устройств для яндекс аудитории;984000;6;43;2;0;3;audience.yandex.ru
целевая аудитория онлайн;1000000;3;24;638;5;6;audience.yandex.ru
яндекс аудит;364000;2;12;647;14;4;audience.yandex.ru
определить целевую аудиторию онлайн;2000000;4;35;49;10;7;audience.yandex.ru
целевая аудитория яндекса;601000;3;25;486;15;3;audience.yandex.ru
сегмент аудитории;146000;2;17;7209;40;4;audience.yandex.ru
онлайн аудитория;734000;2;16;2978;5;3;audience.yandex.ru
анализ целевой аудитории онлайн бесплатно;2000000;5;41;15;11;5;audience.yandex.ru
яндекс аудитория как работает;1000000;4;29;60;16;3;audience.yandex.ru
целевая аудитория яндекс;645000;3;24;486;6;3;audience.yandex.ru
аудиторию;947000;1;9;1827004;73;7;audience.yandex.ru
сегмент аудитории в яндекс директ;483000;5;33;91;3;3;audience.yandex.ru
пиксель яндекс аудитории;285000;3;24;182;23;3;audience.yandex.ru
узнать целевую аудиторию онлайн;2000000;4;31;6;0;7;audience.yandex.ru
api аудиторий;220000;2;13;50;1;8;audience.yandex.ru
audiance;3000;1;8;8;0;8;audience.yandex.ru
определение целевой аудитории онлайн;2000000;4;36;37;8;9;audience.yandex.ru
api яндекс аудитории;623000;3;20;18;5;10;audience.yandex.ru
определить ца онлайн;2000000;3;20;7;3;10;audience.yandex.ru
определение ца онлайн;2000000;3;21;4;3;10;audience.yandex.ru
аудиотория;712000;1;10;24;1;10;audience.yandex.ru
