"﻿""Ключевое слово""";Результатов в Яндексе;Слов;Символов;Частотность Весь мир;"""!Частотность !Весь !мир""";Позиция в выдаче Яндекса;browser.yandex.by
яндекс обои;558000;2;11;11103;744;1;browser.yandex.by
картинки для визуальных закладок;421000;4;32;4;3;1;browser.yandex.by
скачать яндекс бай;521000;3;18;52;5;1;browser.yandex.by
какой город на заставке яндекс браузера сегодня;4000000;7;47;30;28;1;browser.yandex.by
поставь фон;413000;2;11;27137;4;1;browser.yandex.by
что за город на заставке яндекс браузера;1000000;7;40;16;13;1;browser.yandex.by
browser yandex by;706000;3;17;172;4;1;browser.yandex.by
галерея фонов;276000;2;13;3767;368;1;browser.yandex.by
включи любой фон;958000;3;16;79;15;1;browser.yandex.by
фон для браузера;372000;3;16;3122;256;1;browser.yandex.by
заставки для браузера;202000;3;21;64;6;1;browser.yandex.by
темы для яндекс браузера;2000000;4;24;2504;595;1;browser.yandex.by
яндекс фон;685000;2;10;20941;310;1;browser.yandex.by
фон для яндекс браузера машины;1000000;5;30;10;4;1;browser.yandex.by
галерея фонов яндекс браузера;753000;4;29;738;203;1;browser.yandex.by
обои яндекс;26000;2;11;11131;731;1;browser.yandex.by
скачать яндекс обычный старый;1000000;4;29;4;0;1;browser.yandex.by
где галерея фонов в яндекс браузере;1000000;6;35;36;9;2;browser.yandex.by
старый браузер скачать;991000;3;22;2948;31;2;browser.yandex.by
обои для браузера;227000;3;17;1395;195;2;browser.yandex.by
красивый яндекс;649000;2;15;10447;18;2;browser.yandex.by
обои на яндекс;589000;3;14;4745;143;2;browser.yandex.by
заставки на телефон яндекс;987000;4;26;218;10;2;browser.yandex.by
галерея фонов яндекс браузера ru;2000000;5;32;30;0;1;browser.yandex.by
темы яндекс браузера;1000000;3;20;9335;153;2;browser.yandex.by
новый яндекс;2000000;2;12;162204;282;2;browser.yandex.by
обои на браузер;216000;3;15;1706;101;2;browser.yandex.by
поставь новый фон;958000;3;17;121;0;1;browser.yandex.by
яндекс браузер беларусь;764000;3;23;38;0;1;browser.yandex.by
скачать старую версию яб;1000000;4;24;12;10;2;browser.yandex.by
темы для яндекс браузера на пк;1000000;6;30;267;255;2;browser.yandex.by
обои на рабочий стол как в яндекс браузере;443000;8;42;4;0;1;browser.yandex.by
красиви тема;725000;2;12;11;0;2;browser.yandex.by
обои на телефон от яндекса;1000000;5;26;12;4;3;browser.yandex.by
скачать яндекс браузер старого образца;1000000;5;38;25;6;3;browser.yandex.by
яндекс браузер скачать 2017;1000000;4;27;78;10;3;browser.yandex.by
скачать яндекс старый версию;1000000;4;28;5656;6;3;browser.yandex.by
yandex browser old version;458000;4;26;62;9;3;browser.yandex.by
яндекс природа;327000;2;14;1961;5;3;browser.yandex.by
браузер новый;2000000;2;13;18859;219;3;browser.yandex.by
скачать яндекс браузер предыдущие версии;1000000;5;40;43;10;3;browser.yandex.by
скачать яндекс старая версия;1000000;4;28;5656;64;3;browser.yandex.by
яндекс 2017 скачать;1000000;3;19;150;7;3;browser.yandex.by
темы яндекс;1000000;2;11;36444;287;3;browser.yandex.by
скачать новую;2000000;2;13;3833716;116;3;browser.yandex.by
старая версия яндекса скачать;1000000;4;29;5656;5;3;browser.yandex.by
что за город на заставке яндекс;846000;6;31;50;15;3;browser.yandex.by
яндекс новый;2000000;2;12;158349;302;3;browser.yandex.by
старый яндекс скачать бесплатно;2000000;4;31;487;4;3;browser.yandex.by
установить старую версию яндекса;1000000;4;32;301;33;4;browser.yandex.by
старый браузер яндекс;813000;3;21;4784;92;4;browser.yandex.by
скачать очень старый яндекс;1000000;4;27;1;0;3;browser.yandex.by
яндекс браузер старый;785000;3;21;4780;91;4;browser.yandex.by
новый браузер;2000000;2;13;18667;225;4;browser.yandex.by
включи фон;622000;2;10;12599;43;4;browser.yandex.by
яндекс старая версия скачать бесплатно;2000000;5;38;361;3;3;browser.yandex.by
установить старое приложение яндекс;2000000;4;35;74;0;3;browser.yandex.by
скачать предыдущую версию яндекс;1000000;4;32;199;1;3;browser.yandex.by
темы для яндекса;1000000;3;16;4547;93;4;browser.yandex.by
обои от яндекса на телефон;1000000;5;26;12;4;3;browser.yandex.by
предыдущая версия яндекс браузера;1000000;4;33;274;1;3;browser.yandex.by
браузер старый;546000;2;14;12622;47;4;browser.yandex.by
скачать прошлую версию яндекс;993000;4;29;67;1;3;browser.yandex.by
яндекс браузер скачать предыдущую версию;1000000;5;40;43;4;3;browser.yandex.by
новые яндекс;2000000;2;12;162204;28;4;browser.yandex.by
яндекс 2017 года скачать;3000000;4;24;11;0;4;browser.yandex.by
яндекс старая версия установить;52000;4;31;310;1;4;browser.yandex.by
yandex browser старые версии;916000;4;28;47;8;4;browser.yandex.by
яндекс браузер ранние версии скачать;1000000;5;36;21;1;4;browser.yandex.by
скачать белорусский браузер;736000;3;27;3;3;4;browser.yandex.by
включи интернет браузер;1000000;3;23;398;0;4;browser.yandex.by
скачать старый яндекс браузер с алисой;1000000;6;38;29;15;4;browser.yandex.by
браузер старая версия;870000;3;21;4633;4;4;browser.yandex.by
тема красивая;1000000;2;13;30195;13;4;browser.yandex.by
старую версию яндекса;91000;3;21;13955;2;4;browser.yandex.by
скачать видео фон для яндекс браузера;293000;6;37;18;16;4;browser.yandex.by
скачать яндекс все версии;877000;4;25;342;14;4;browser.yandex.by
установить старую версию яндекс браузера;1000000;5;40;71;0;4;browser.yandex.by
как скачать старую версию яндекс браузера;1000000;6;41;39;10;4;browser.yandex.by
яндекс стари;506000;2;12;32;20;4;browser.yandex.by
скачать раннюю версию яндекс браузера;1000000;5;37;21;0;4;browser.yandex.by
показать браузер;1000000;2;16;9815;3;5;browser.yandex.by
yandex old version;242000;3;18;268;13;5;browser.yandex.by
черный яндекс;820000;2;13;33286;60;5;browser.yandex.by
установить старый яндекс;949000;3;24;1037;10;5;browser.yandex.by
все версии яндекс;2000000;3;17;1567;20;5;browser.yandex.by
обновить яндекс браузер на планшете;733000;5;35;111;6;5;browser.yandex.by
как скачать браузер;675000;3;19;31184;197;5;browser.yandex.by
живые обои для яндекс браузера скачать;1000000;6;38;37;30;5;browser.yandex.by
темы для браузера;1000000;3;17;4122;113;5;browser.yandex.by
яндекс все версии;755000;3;17;1565;16;5;browser.yandex.by
браузер скачать для андроид;674000;4;27;20255;279;5;browser.yandex.by
черная тема яндекс;2000000;3;18;1504;129;5;browser.yandex.by
темы для фона;163000;3;13;6739;6;5;browser.yandex.by
я загрузки скачать;2000000;3;18;625;72;5;browser.yandex.by
скачать браузер на андроид;650000;4;26;16127;428;5;browser.yandex.by
фон для настроек;310000;3;16;434;1;5;browser.yandex.by
скачать яндекс браузер гост;1000000;4;27;444;350;7;browser.yandex.by
скачать яндекс первая версия;2000000;4;28;86;0;6;browser.yandex.by
изменить обои в яндекс браузере;843000;5;31;70;5;6;browser.yandex.by
сделать фон на яндексе;860000;4;22;596;0;6;browser.yandex.by
старая версия яндекс браузера скачать для андроид бесплатно без регистрации;3000000;10;75;1;1;6;browser.yandex.by
яндекс браузер переустановить;633000;3;29;2818;400;7;browser.yandex.by
новую версию;2000000;2;12;929998;30;6;browser.yandex.by
яндекс картинки море;654000;3;20;56;2;6;browser.yandex.by
скачать старый яндекс на андроид;1000000;5;32;640;13;6;browser.yandex.by
я браузер 4пда;2000000;3;14;1;1;6;browser.yandex.by
яндекс с дзеном скачать;831000;4;23;6327;41;6;browser.yandex.by
яндекс скачать старую версию на андроид;1000000;6;39;531;14;6;browser.yandex.by
yandex belu;419000;2;11;16;0;6;browser.yandex.by
включи фоны;601000;2;11;12586;10;6;browser.yandex.by
скачать старый яндекс без алисы;947000;5;31;51;1;5;browser.yandex.by
перейти в браузер;575000;3;17;5876;71;7;browser.yandex.by
версия для компьютера;714000;3;21;29703;42;8;browser.yandex.by
фоне скачать;584000;2;12;194221;524;8;browser.yandex.by
включи какой нибудь фон;687000;4;23;53;7;7;browser.yandex.by
переустановить яндекс браузер;697000;3;29;2846;427;8;browser.yandex.by
старый браузер яндекс андроид;1000000;4;29;606;2;7;browser.yandex.by
скачать браузер бесплатно на андроид;1000000;5;36;7493;64;8;browser.yandex.by
яндекс браузер тема;292000;3;19;9416;21;7;browser.yandex.by
как установить обои на пк через яндекс;893000;7;38;11;7;7;browser.yandex.by
поменять обои в браузере;288000;4;24;493;13;7;browser.yandex.by
яндекс браузер на андроид старые версии;1000000;6;39;228;0;7;browser.yandex.by
яндекс браузер старые версии скачать на андроид;1000000;7;47;154;22;7;browser.yandex.by
скачать старую версию яндекс браузер на андроид;1000000;7;47;143;18;7;browser.yandex.by
браузер для андроид скачать;723000;4;27;20255;279;8;browser.yandex.by
смена фона в яндекс браузере;735000;5;28;20;11;7;browser.yandex.by
яндекс браузер для андроид старые версии скачать;550000;7;48;171;25;7;browser.yandex.by
как украсить яндекс браузер;50000;4;27;58;31;8;browser.yandex.by
браузер скачать на компьютер;568000;4;28;5265;69;9;browser.yandex.by
новый скачать;2000000;2;13;3867387;271;9;browser.yandex.by
скачать яндекс на трешбокс;825000;4;26;370;1;8;browser.yandex.by
яндекс гост скачать;890000;3;19;684;199;9;browser.yandex.by
яндекс бай;582000;2;10;9513;4083;9;browser.yandex.by
как скачать браузер на компьютер;809000;5;32;1956;128;9;browser.yandex.by
альфа браузер скачать;619000;3;21;162;21;8;browser.yandex.by
скачать старый яндекс браузер бесплатно на телефон;282000;7;50;2;0;8;browser.yandex.by
обои яндекса на телефон;1000000;4;23;552;3;8;browser.yandex.by
браузер на андроид скачать;694000;4;26;16385;409;9;browser.yandex.by
скачать старую версию яндекс браузера на андроид;1000000;7;48;143;21;8;browser.yandex.by
самый новый браузер;2000000;3;19;334;7;8;browser.yandex.by
новые браузеры;2000000;2;14;18665;142;9;browser.yandex.by
яндекс скачать бесплатно на андроид на русском языке старая версия;3000000;10;66;2;1;8;browser.yandex.by
yandex гост скачать;422000;3;19;43;25;8;browser.yandex.by
темы для главной страницы яндекса установить бесплатно;3000000;7;54;63;63;9;browser.yandex.by
темная тема яндекс;1000000;3;18;18594;793;10;browser.yandex.by
живые фоны для яндекс браузера скачать;1000000;6;38;6;1;9;browser.yandex.by
yandex theme;42000;2;12;1215;11;9;browser.yandex.by
фоны для яндекс браузера живые скачать;1000000;6;38;5;1;9;browser.yandex.by
обновить яндекс с алисой бесплатно на телефон;2000000;7;45;8;7;9;browser.yandex.by
браузер открыть;827000;2;15;92571;929;10;browser.yandex.by
компьютерная версия яндекс на телефон;2000000;5;37;120;16;9;browser.yandex.by
браузеры для андроид скачать и установить бесплатно;2000000;7;51;215;7;9;browser.yandex.by
живые обои на яндекс браузер аниме;1000000;6;34;18;12;9;browser.yandex.by
yandex browser гост скачать;717000;4;27;3;3;9;browser.yandex.by
как установить обои на яндекс браузер в компьютере;348000;8;50;21;16;9;browser.yandex.by
яндекс в белоруссии;602000;3;19;1657;16;9;browser.yandex.by
как найти старую версию яндекса;265000;5;31;6;0;9;browser.yandex.by
темы на браузер;1000000;3;15;3546;11;9;browser.yandex.by
yandex belarus;233000;2;14;153;17;9;browser.yandex.by
яндекс беларусь;637000;2;15;19945;400;10;browser.yandex.by
яндекс бай интернет;41000;3;19;5;0;10;browser.yandex.by
живой фон яндекс браузера;113000;4;25;198;13;10;browser.yandex.by
скачать яндекс для айфона;838000;4;25;1552;23;10;browser.yandex.by
яндекс by главная страница;2000000;4;26;16;12;10;browser.yandex.by
браузер альфа скачать;632000;3;21;162;21;10;browser.yandex.by
обновить яндекс браузер на смартфоне;1000000;5;36;11;1;10;browser.yandex.by
яндекс by беларусь;570000;3;18;78;50;10;browser.yandex.by
яндекс белый фон;535000;3;16;929;22;10;browser.yandex.by
yandex by главная страница;2000000;4;26;49;31;10;browser.yandex.by
как скачать яндекс браузер на планшет;989000;6;37;85;18;10;browser.yandex.by
скачать браузер для пк;880000;4;22;4691;163;10;browser.yandex.by
яндекс в беларуси;468000;3;17;5951;44;10;browser.yandex.by
поменяй фон;261000;2;11;55792;6;10;browser.yandex.by
яндекс скачать трешбокс;738000;3;23;1069;28;10;browser.yandex.by
скачать яндекс гост;976000;3;19;701;208;10;browser.yandex.by
оформление яндекс браузера андроид;678000;4;34;2;0;10;browser.yandex.by
как поставить заставку на яндекс;852000;5;32;178;11;12;browser.yandex.by
