"﻿""Ключевое слово""";Результатов в Яндексе;Слов;Символов;Частотность Весь мир;"""!Частотность !Весь !мир""";Позиция в выдаче Яндекса;business.market.yandex.ru
маркет для бизнеса яндекс;2000000;4;25;5981;4199;1;business.market.yandex.ru
яндекс маркет для юридических лиц личный кабинет;1000000;7;48;136;119;1;business.market.yandex.ru
яндекс бизнес маркет личный кабинет;2000000;5;35;833;324;1;business.market.yandex.ru
маркет бизнес;1000000;2;13;14332;664;1;business.market.yandex.ru
яндекс маркет для юр лиц;1000000;5;24;653;322;1;business.market.yandex.ru
маркет для бизнеса;1000000;3;18;8058;493;1;business.market.yandex.ru
яндекс маркет для бизнеса вход в личный кабинет;2000000;8;47;163;151;1;business.market.yandex.ru
яндекс маркет бизнес;2000000;3;20;9031;2017;1;business.market.yandex.ru
яндекс маркет для юридических лиц;933000;5;33;856;508;1;business.market.yandex.ru
маркет бизнес яндекс;1000000;3;20;8504;1931;1;business.market.yandex.ru
яндекс маркет бизнес личный кабинет;2000000;5;35;869;340;1;business.market.yandex.ru
бизнес яндекс маркет;1000000;3;20;10462;2417;1;business.market.yandex.ru
яндекс бизнес маркет;1000000;3;20;9031;2017;1;business.market.yandex.ru
яндекс маркет для бизнеса личный кабинет;2000000;6;40;434;227;1;business.market.yandex.ru
бизнес маркет;2000000;2;13;15344;727;1;business.market.yandex.ru
яндекс маркет для бизнеса;1000000;4;25;5564;3928;1;business.market.yandex.ru
yandex market business;272000;3;22;851;97;1;business.market.yandex.ru
яндекс маркет для бизнеса телефон;2000000;5;33;109;32;1;business.market.yandex.ru
яндекс маркет для ип личный кабинет;1000000;6;35;41;37;1;business.market.yandex.ru
я маркет для бизнеса;1000000;4;20;73;54;1;business.market.yandex.ru
яндекс маркет бизнес личный;2000000;4;27;859;36;1;business.market.yandex.ru
яндекс маркет для ип;1000000;4;20;331;40;1;business.market.yandex.ru
business market;864000;2;15;4838;36;1;business.market.yandex.ru
яндекс для юридических лиц;1000000;4;26;2417;93;1;business.market.yandex.ru
яндекс маркет личный кабинет юридического лица;2000000;6;46;253;46;1;business.market.yandex.ru
яндекс маркет для бизнеса вход;2000000;5;30;253;66;1;business.market.yandex.ru
яндекс маркет для юридических лиц купить;2000000;6;40;56;39;1;business.market.yandex.ru
business yandex market;290000;3;22;851;97;1;business.market.yandex.ru
business market yandex;164000;3;22;795;75;1;business.market.yandex.ru
market business;874000;2;15;4838;36;1;business.market.yandex.ru
яндекс маркет личный кабинет для юр лиц;2000000;7;39;66;61;1;business.market.yandex.ru
яндекс для юр лиц;1000000;4;17;1782;97;1;business.market.yandex.ru
яндекс маркет b2b;3000000;3;17;64;32;1;business.market.yandex.ru
яндекс маркет ип;2000000;3;16;1883;22;1;business.market.yandex.ru
яндекс опт;1000000;2;10;1044;24;1;business.market.yandex.ru
yandex market для бизнеса;2000000;4;25;41;26;1;business.market.yandex.ru
яндекс маркет купить как юр лицо;2000000;6;32;68;23;1;business.market.yandex.ru
телефон для бизнеса;2000000;3;19;11969;25;1;business.market.yandex.ru
маркет бизнес личный кабинет;2000000;4;28;981;22;1;business.market.yandex.ru
бизнес аккаунт яндекс маркет;2000000;4;28;72;30;1;business.market.yandex.ru
продукты для бизнеса;2000000;3;20;5827;26;1;business.market.yandex.ru
я маркет бизнес;2000000;3;15;119;29;1;business.market.yandex.ru
яндекс маркет для организаций;2000000;4;29;72;24;1;business.market.yandex.ru
маркет для юридических лиц;1000000;4;26;824;30;1;business.market.yandex.ru
яндекс маркет бизнес личный кабинет вход;736000;6;40;247;29;1;business.market.yandex.ru
маркет для бизнеса личный кабинет;2000000;5;33;477;23;1;business.market.yandex.ru
яндекс маркет бизнес аккаунт;1000000;4;28;67;26;1;business.market.yandex.ru
b2b яндекс маркет;3000000;3;17;73;30;1;business.market.yandex.ru
яндекс маркет бизнес вход в личный кабинет;2000000;7;42;171;21;1;business.market.yandex.ru
яндекс маркет бизнеса;2000000;3;21;8349;12;1;business.market.yandex.ru
яндекс маркет бизнес вход;2000000;4;25;338;14;1;business.market.yandex.ru
продажа станков для бизнеса;2000000;4;27;45;17;1;business.market.yandex.ru
как на яндекс маркете купить юридическому лицу;2000000;7;46;44;12;1;business.market.yandex.ru
ям для бизнеса;317000;3;14;31;16;1;business.market.yandex.ru
как купить на яндекс маркете юридическому лицу;2000000;7;46;46;12;1;business.market.yandex.ru
яндекс маркет оптом;1000000;3;19;214;20;1;business.market.yandex.ru
яндекс маркет для бизнеса личный кабинет вход;2000000;7;45;172;16;1;business.market.yandex.ru
яндекс маркет юр лица;1000000;4;21;1737;19;1;business.market.yandex.ru
бизнес маркет яндекс официальный сайт;2000000;5;37;16;14;1;business.market.yandex.ru
яндекс маркет купить как юридическое лицо;834000;6;41;74;20;1;business.market.yandex.ru
маркет для юр лиц;1000000;4;17;754;20;1;business.market.yandex.ru
market для бизнеса;2000000;3;18;129;12;1;business.market.yandex.ru
яндекс маркет оплата по счету для юр лиц;339000;8;40;17;17;1;business.market.yandex.ru
яндекс маркет опт;889000;3;17;214;21;1;business.market.yandex.ru
покупка на яндекс маркете для юридических лиц;1000000;7;45;15;11;1;business.market.yandex.ru
яндекс маркет для корпоративных клиентов;849000;5;40;7;7;1;business.market.yandex.ru
яндекс маркет бизнес горячая линия;1000000;5;34;56;7;1;business.market.yandex.ru
яндекс маркет для юридических лиц покупка;1000000;6;41;36;8;1;business.market.yandex.ru
business market yandex ru;1000000;4;25;675;7;1;business.market.yandex.ru
яндекс маркет для юр лиц покупка;2000000;6;32;25;8;1;business.market.yandex.ru
яндекс маркет для организации личный кабинет;797000;6;44;7;7;1;business.market.yandex.ru
яндекс оптом;1000000;2;12;1044;10;1;business.market.yandex.ru
яндекс маркет работа с юридическими лицами;2000000;6;42;10;8;1;business.market.yandex.ru
https business market yandex ru;2000000;5;31;616;10;1;business.market.yandex.ru
яндекс маркет с ндс;2000000;4;19;456;8;1;business.market.yandex.ru
яндекс маркет корпоративный;1000000;3;27;75;11;1;business.market.yandex.ru
яндекс маркет для бизнеса вход в личный кабинет войти;480000;9;53;10;10;1;business.market.yandex.ru
купить на яндекс маркете как юридическое лицо;2000000;7;45;46;7;1;business.market.yandex.ru
яндекс маркет бизнес интернет магазин;2000000;5;37;35;10;1;business.market.yandex.ru
ип маркет;908000;2;9;3047;11;1;business.market.yandex.ru
можно ли на яндекс маркете купить на юрлицо;2000000;8;43;7;7;1;business.market.yandex.ru
ямаркет для бизнеса;2000000;3;19;6;3;1;business.market.yandex.ru
яндекс маркет бизнес телефон;316000;4;28;125;5;1;business.market.yandex.ru
яндекс маркет бизнес аккаунт личный кабинет;634000;6;43;6;6;1;business.market.yandex.ru
купить как юр лицо на яндекс маркете;2000000;7;36;38;5;1;business.market.yandex.ru
интернет магазин для бизнеса;2000000;4;28;631;6;1;business.market.yandex.ru
купить ноутбук юр лицо;1000000;4;22;58;4;1;business.market.yandex.ru
яндекс бизнес купить товар;2000000;4;26;157;7;1;business.market.yandex.ru
товар для бизнеса;459000;3;17;10710;6;1;business.market.yandex.ru
купить телефон на юридическое лицо;2000000;5;34;17;6;1;business.market.yandex.ru
яндекс маркет покупка от юридического лица;959000;6;42;7;5;1;business.market.yandex.ru
маркет биз;978000;2;10;33;7;1;business.market.yandex.ru
яндекс маркет счет на юр лицо;1000000;6;29;19;6;1;business.market.yandex.ru
яндекс маркет для бизнеса личный кабинет войти;3000000;7;46;15;4;1;business.market.yandex.ru
канцелярия для бизнеса;2000000;3;22;39;6;1;business.market.yandex.ru
яндекс бизнес магазин;2000000;3;21;254;7;1;business.market.yandex.ru
яндекс маркет работает с юридическими лицами;2000000;6;44;11;3;1;business.market.yandex.ru
яндекс маркет юридическое лицо;1000000;4;30;1580;79;2;business.market.yandex.ru
оверхед и слайд проекторы;40000;4;25;3;0;1;business.market.yandex.ru
тарифные планы и мобильные номера;2000000;5;33;21;1;1;business.market.yandex.ru
корпоративные мобильные смартфоны;987000;3;33;15;0;1;business.market.yandex.ru
купить ноутбук юридическому лицу;1000000;4;32;14;1;1;business.market.yandex.ru
юр лицо яндекс маркет;1000000;4;21;1737;111;2;business.market.yandex.ru
канцтовары для бизнеса;7000;3;22;92;3;1;business.market.yandex.ru
яндекс маркет юридическое лицо покупка;2000000;5;38;55;1;1;business.market.yandex.ru
игры для классических приставок;1000000;4;31;5;2;1;business.market.yandex.ru
яндекс маркет купить от юридического лица;2000000;6;41;4;1;1;business.market.yandex.ru
ноутбуки для бизнеса;740000;3;20;833;3;1;business.market.yandex.ru
яндекс бизнес маркетплейс;948000;3;25;81;3;1;business.market.yandex.ru
яндекс маркет юр лицо;684000;4;21;1737;111;2;business.market.yandex.ru
яндекс маркет юр лицам;1000000;4;22;1710;2;1;business.market.yandex.ru
купить товар для продажи;1000000;4;24;2384;3;1;business.market.yandex.ru
яндекс для предпринимателей;678000;3;27;612;42;2;business.market.yandex.ru
принтер для бизнеса;1000000;3;19;2452;5;2;business.market.yandex.ru
программное обеспечение стоимость;936000;3;33;4287;8;2;business.market.yandex.ru
корпоративные ноутбуки;741000;2;22;803;11;2;business.market.yandex.ru
маркет юр лицо;1000000;3;14;1900;8;2;business.market.yandex.ru
мини пивоварня для бизнеса;2000000;4;26;62;9;2;business.market.yandex.ru
электронные переводчики и словари;499000;4;33;129;6;2;business.market.yandex.ru
стоимость программного обеспечения;779000;3;34;4306;20;2;business.market.yandex.ru
как покупать на яндекс маркете юридическим лицам;1000000;7;48;18;11;2;business.market.yandex.ru
яндекс маркет организация;716000;3;25;479;15;2;business.market.yandex.ru
яндекс маркет как юр лицо;915000;5;25;409;8;2;business.market.yandex.ru
яндекс маркет ип личный кабинет;492000;5;31;85;20;2;business.market.yandex.ru
яндекс маркет для предпринимателей;1000000;4;34;34;20;2;business.market.yandex.ru
яндекс маркет регистрация юридического лица;3000000;5;43;14;7;2;business.market.yandex.ru
поломойные и подметальные машины;987000;4;32;15;13;2;business.market.yandex.ru
b2b маркет;3000000;2;10;167;22;2;business.market.yandex.ru
телефон для организации;631000;3;23;2638;4;2;business.market.yandex.ru
канцтовары для юридических лиц;1000000;4;30;65;25;3;business.market.yandex.ru
смартфоны для работы и бизнеса;2000000;5;30;17;0;2;business.market.yandex.ru
конверты для зарплаты;827000;3;21;131;1;2;business.market.yandex.ru
яндекс маркет безналичный расчет;1000000;4;32;31;0;2;business.market.yandex.ru
купить технику с ндс по безналу;2000000;6;31;2;0;2;business.market.yandex.ru
яндекс для юридических лиц личный кабинет;1000000;6;41;412;26;3;business.market.yandex.ru
оборудование для приготовления и продажи напитков;1000000;6;49;15;2;2;business.market.yandex.ru
мини пивоварни для малого бизнеса купить;2000000;6;40;2;1;2;business.market.yandex.ru
яндекс бизнес интернет магазин;2000000;4;30;92;2;2;business.market.yandex.ru
ustroistva;4000;1;10;127;0;2;business.market.yandex.ru
маркет для магазинов;1000000;3;20;3482;3;2;business.market.yandex.ru
яндекс маркет по безналу;997000;4;24;35;2;2;business.market.yandex.ru
яндекс маркетинг для бизнеса;1000000;4;28;44;0;2;business.market.yandex.ru
расходные материалы для бизнеса;2000000;4;31;68;2;2;business.market.yandex.ru
yandex маркет для бизнеса;2000000;4;25;17;3;2;business.market.yandex.ru
жарочно пекарное оборудование;817000;3;29;79;21;3;business.market.yandex.ru
еда для бизнеса;1000000;3;15;987;22;4;business.market.yandex.ru
моноблоки для бизнеса;1000000;3;21;17;0;3;business.market.yandex.ru
закупки мфу;964000;2;11;660;6;3;business.market.yandex.ru
юридическое лицо яндекс маркет;995000;4;30;1580;79;4;business.market.yandex.ru
работает ли яндекс маркет с юридическими лицами;2000000;7;47;7;6;3;business.market.yandex.ru
яндекс для ип;508000;3;13;2355;24;4;business.market.yandex.ru
товары на заказ;697000;3;15;38043;11;3;business.market.yandex.ru
электронные словари и переводчики;521000;4;33;129;6;3;business.market.yandex.ru
смартфон для бизнеса и работы;2000000;5;29;17;9;3;business.market.yandex.ru
смартфоны для бизнеса;799000;3;21;417;6;3;business.market.yandex.ru
товары для бизнеса оптом;2000000;4;24;175;12;3;business.market.yandex.ru
маркетплейс для юридических лиц;1000000;4;31;78;10;3;business.market.yandex.ru
купить пивоварню для бизнеса;2000000;4;28;142;25;4;business.market.yandex.ru
для швейного производства;3000000;3;25;6309;7;3;business.market.yandex.ru
яндекс маркет для бизнеса поддержка;2000000;5;35;79;18;3;business.market.yandex.ru
купить на заказ;1000000;3;15;31958;19;4;business.market.yandex.ru
яндекс бизнес заказать;2000000;3;22;419;1;5;business.market.yandex.ru
смартфон для бизнеса;2000000;3;20;417;10;5;business.market.yandex.ru
защитная автоматика;14000;2;19;481;1;4;business.market.yandex.ru
бизнес смартфоны;2000000;2;16;928;5;5;business.market.yandex.ru
закупка маркет;834000;2;14;3611;0;4;business.market.yandex.ru
купить продукты для магазина;898000;4;28;1400;1;5;business.market.yandex.ru
мини пивзаводы для малого бизнеса цена;2000000;6;38;5;5;4;business.market.yandex.ru
планшеты для корпоративных клиентов;1000000;4;35;3;0;4;business.market.yandex.ru
бытовая и профессиональная химия;1000000;4;32;423;2;4;business.market.yandex.ru
развлекательное оборудование;652000;2;28;822;70;5;business.market.yandex.ru
яндекс маркет для бизнеса горячая линия;2000000;6;39;35;12;4;business.market.yandex.ru
биддер яндекс маркет;469000;3;20;26;3;4;business.market.yandex.ru
ндс каталог товаров;2000000;3;19;97;4;5;business.market.yandex.ru
телефон для бизнесмена;667000;3;22;43;1;4;business.market.yandex.ru
корпоративный ноутбук;805000;2;21;803;18;4;business.market.yandex.ru
покупка сервера;942000;2;15;2874;34;6;business.market.yandex.ru
яндекс маркет для бизнеса телефон поддержки;2000000;6;43;34;13;8;business.market.yandex.ru
производственное оборудование для бизнеса;1000000;4;41;186;0;7;business.market.yandex.ru
бизнес ноутбук;1000000;2;14;2321;16;7;business.market.yandex.ru
купить телефон как юр лицо;2000000;5;26;14;0;7;business.market.yandex.ru
дистрибьютор яндекс маркет;1000000;3;26;11;5;7;business.market.yandex.ru
маркет закупки;790000;2;14;3249;25;8;business.market.yandex.ru
яндекс юр лица;751000;3;14;4505;7;6;business.market.yandex.ru
яндекс для малого бизнеса;2000000;4;25;115;7;7;business.market.yandex.ru
сервер для бизнеса;1000000;3;18;766;3;6;business.market.yandex.ru
одежда для бизнеса;167000;3;18;2194;3;7;business.market.yandex.ru
канцтовары для юр лиц;1000000;4;21;48;11;6;business.market.yandex.ru
телефон для заказов;2000000;3;19;108700;4;6;business.market.yandex.ru
бизнес маркет официальный сайт;2000000;4;30;132;45;8;business.market.yandex.ru
bisness яндекс;821000;2;14;273;187;7;business.market.yandex.ru
программное обеспечение для бизнеса;1000000;4;35;1316;28;6;business.market.yandex.ru
заказ купить;129000;2;12;60847;7;8;business.market.yandex.ru
авито хабез продукты питания;11000;4;28;1;1;8;business.market.yandex.ru
j yf t;598000;3;6;2317;0;8;business.market.yandex.ru
яндекс бизнес для предпринимателей;2000000;4;34;494;347;9;business.market.yandex.ru
грув бокс;562000;2;9;101;32;9;business.market.yandex.ru
кабель несущая система;2000000;3;22;181;20;9;business.market.yandex.ru
яндекс продажа бизнеса;1000000;3;22;1155;3;9;business.market.yandex.ru
яндекс предприниматель;426000;2;22;1019;3;9;business.market.yandex.ru
яндекс для бизнес;792000;3;17;54286;37;10;business.market.yandex.ru
новая 30;104000;2;8;79539;8;10;business.market.yandex.ru
деловой маркет;759000;2;14;110;4;10;business.market.yandex.ru
биддер для яндекс маркет;460000;4;24;16;0;10;business.market.yandex.ru
