"﻿""Ключевое слово""";Результатов в Яндексе;Слов;Символов;Частотность Весь мир;"""!Частотность !Весь !мир""";Позиция в выдаче Яндекса;business.drive.yandex.ru
яндекс драйв для бизнеса;1000000;4;24;262;145;1;business.drive.yandex.ru
каршеринг для юр лиц;870000;4;20;24;15;1;business.drive.yandex.ru
личный кабинет драйв;794000;3;20;10330;32;1;business.drive.yandex.ru
каршеринг для бизнеса;1000000;3;21;143;34;1;business.drive.yandex.ru
личный кабинет яндекс драйв;991000;4;27;105;26;1;business.drive.yandex.ru
драйв для бизнеса личный кабинет;802000;5;32;71;32;1;business.drive.yandex.ru
яндекс драйв для бизнеса личный кабинет;2000000;6;39;24;22;1;business.drive.yandex.ru
бизнес драйв яндекс;1000000;3;19;538;45;1;business.drive.yandex.ru
бизнес драйв;1000000;2;12;1989;33;1;business.drive.yandex.ru
бизнес каршеринг;1000000;2;16;709;36;1;business.drive.yandex.ru
драйв бизнес;1000000;2;12;2006;32;1;business.drive.yandex.ru
бизнес яндекс драйв;889000;3;19;538;45;1;business.drive.yandex.ru
драйв для бизнеса;110000;3;17;678;37;1;business.drive.yandex.ru
яндекс драйв личный кабинет;1000000;4;27;92;26;1;business.drive.yandex.ru
каршеринг бизнес;1000000;2;16;711;36;1;business.drive.yandex.ru
яндекс драйв бизнес;1000000;3;19;524;46;1;business.drive.yandex.ru
яндекс драйв для бизнеса тарифы;2000000;5;31;21;14;1;business.drive.yandex.ru
яндекс драйв каршеринг официальный сайт москва;2000000;6;46;33;22;2;business.drive.yandex.ru
кабинет яндекс драйв;413000;3;20;110;1;1;business.drive.yandex.ru
яндекс драйв каршеринг бизнес;1000000;4;29;30;3;1;business.drive.yandex.ru
яндекс драйв корпоративный личный кабинет;965000;5;41;3;1;1;business.drive.yandex.ru
яндекс драйв личный кабинет корпоративным клиентам;1000000;6;50;2;2;1;business.drive.yandex.ru
кабинет яндекс драйв для бизнеса;1000000;5;32;25;0;1;business.drive.yandex.ru
яндекс драйв бизнес класс;1000000;4;25;48;10;1;business.drive.yandex.ru
drive business;121000;2;14;753;3;1;business.drive.yandex.ru
яндекс драйв для юридических лиц;939000;5;32;12;4;1;business.drive.yandex.ru
яндекс драйв вход в личный кабинет организации;2000000;7;46;1;1;1;business.drive.yandex.ru
яндекс драйв каршеринг для бизнеса;1000000;5;34;16;11;1;business.drive.yandex.ru
яндекс драйв личный кабинет вход;912000;5;32;20;8;1;business.drive.yandex.ru
яндекс драйв корпоративный аккаунт;291000;4;34;2;1;1;business.drive.yandex.ru
яндекс драйв корпоративный;529000;3;26;52;4;1;business.drive.yandex.ru
яндекс драйв бизнес личный кабинет;1000000;5;34;38;12;1;business.drive.yandex.ru
яндекс шеринг;422000;2;13;93;13;2;business.drive.yandex.ru
ооо яндекс драйв официальный сайт;2000000;5;33;6;6;3;business.drive.yandex.ru
драйв аренда;773000;2;12;4396;28;3;business.drive.yandex.ru
яндекс драйв каршеринг;595000;3;22;7129;1416;3;business.drive.yandex.ru
yandex drive каршеринг;169000;3;22;60;27;3;business.drive.yandex.ru
аренда яндекс драйв;984000;3;19;1978;48;3;business.drive.yandex.ru
яндекс драйв бизнес такси;2000000;4;25;72;9;3;business.drive.yandex.ru
яндекс драйв юр лицо;951000;4;20;13;4;2;business.drive.yandex.ru
каршеринг драйв;133000;2;15;15722;127;3;business.drive.yandex.ru
яндекс каршеринг;398000;2;16;15647;1988;3;business.drive.yandex.ru
драйв личный кабинет;33000;3;20;10149;30;3;business.drive.yandex.ru
сайт каршеринга;2000000;2;15;1693;7;2;business.drive.yandex.ru
каршеринг яндекс;530000;2;16;15980;2044;3;business.drive.yandex.ru
франшиза яндекс драйв;635000;3;21;28;10;3;business.drive.yandex.ru
каршеринг яндекс драйв;603000;3;22;7258;1464;3;business.drive.yandex.ru
яндекс драйв вход;182000;3;17;49;7;2;business.drive.yandex.ru
yandex carsharing;52000;2;17;39;4;3;business.drive.yandex.ru
аккаунт яндекс драйв;583000;3;20;360;9;4;business.drive.yandex.ru
яндекс драйв официальный сайт;2000000;4;29;385;14;4;business.drive.yandex.ru
яндекс drive;542000;2;12;1650;86;4;business.drive.yandex.ru
yandex каршеринг;111000;2;16;114;12;4;business.drive.yandex.ru
ya drive;169000;2;8;99;21;4;business.drive.yandex.ru
yandex ru drive;139000;3;15;526;11;4;business.drive.yandex.ru
яндекс драйв;569000;2;12;56022;8198;4;business.drive.yandex.ru
яндекс драйв аренда;230000;3;19;1917;49;4;business.drive.yandex.ru
яндекс драйв каршеринг официальный сайт;2000000;5;39;356;243;4;business.drive.yandex.ru
яндекс драйв сайт;2000000;3;17;433;15;4;business.drive.yandex.ru
франшиза в яндекс драйв;554000;4;23;2;0;3;business.drive.yandex.ru
yandex drive;180000;2;12;2554;1010;4;business.drive.yandex.ru
drive yandex ru;2000000;3;15;526;11;4;business.drive.yandex.ru
drive яндекс;479000;2;12;1675;91;4;business.drive.yandex.ru
яндекс драйв доступ к бизнес классу;2000000;6;35;3;1;3;business.drive.yandex.ru
аренда машины яндекс драйв;805000;4;26;169;7;4;business.drive.yandex.ru
яндекс прокат автомобилей;1000000;3;25;106;42;6;business.drive.yandex.ru
яндексдрайв ру;1000000;2;14;59;8;5;business.drive.yandex.ru
yandex драйв;254000;2;12;109;20;5;business.drive.yandex.ru
яндекс шеринг машины;854000;3;20;8;5;5;business.drive.yandex.ru
яндекс drive каршеринг;388000;3;22;13;10;5;business.drive.yandex.ru
ооо яндекс драйв;2000000;3;16;160;69;6;business.drive.yandex.ru
drive yandex;200000;2;12;2554;1010;5;business.drive.yandex.ru
драйв аренда авто;966000;3;17;622;15;5;business.drive.yandex.ru
каршеринг сайт;2000000;2;14;1721;35;5;business.drive.yandex.ru
яндекс аренда транспорта;917000;3;24;134;8;5;business.drive.yandex.ru
яндекс драйв войти;603000;3;18;61;1;4;business.drive.yandex.ru
я драйв;1000000;2;7;3358;41;5;business.drive.yandex.ru
драйв каршеринг;755000;2;15;15722;127;6;business.drive.yandex.ru
яндекс драйв аренда авто;2000000;4;24;208;29;5;business.drive.yandex.ru
драйв вход;34000;2;10;4798;6;4;business.drive.yandex.ru
яндекс драйв каршеринг официальный;974000;4;34;364;6;6;business.drive.yandex.ru
каршеринг краснодар яндекс;519000;3;26;64;31;9;business.drive.yandex.ru
аренда машины в яндекс драйв;672000;5;28;98;2;8;business.drive.yandex.ru
яндекс драйв каршеринг санкт петербург официальный сайт;2000000;7;55;37;15;8;business.drive.yandex.ru
яндекс аренда авто;1000000;3;18;6346;386;9;business.drive.yandex.ru
яндекс машины в аренду;10000;4;22;3641;3;8;business.drive.yandex.ru
аренда яндекс машины;1000000;3;20;5084;100;9;business.drive.yandex.ru
каршеринг яндекса;422000;2;17;15980;20;7;business.drive.yandex.ru
yandex аренда авто;399000;3;18;63;6;8;business.drive.yandex.ru
каршеринг официальный сайт москва;2000000;4;33;170;31;8;business.drive.yandex.ru
каршеринг от яндекса драйв;396000;4;26;31;2;8;business.drive.yandex.ru
яндексдрайв ру каршеринг;1000000;3;24;52;30;7;business.drive.yandex.ru
яндекс аренда машин;1000000;3;19;5101;36;8;business.drive.yandex.ru
аренда яндекс авто;1000000;3;18;6481;371;9;business.drive.yandex.ru
яндекс машина в аренду;1000000;4;22;3641;26;8;business.drive.yandex.ru
яндекс прокат;972000;2;13;1342;51;7;business.drive.yandex.ru
аренда авто яндекс драйв;312000;4;24;231;29;9;business.drive.yandex.ru
яндекс драйв каршеринг официальный сайт москва регистрация;6000;7;58;3;1;10;business.drive.yandex.ru
каршеринг онлайн;1000000;2;16;258;16;10;business.drive.yandex.ru
каршеринг в москве яндекс;1000000;4;25;798;180;10;business.drive.yandex.ru
я драйв каршеринг;2000000;3;17;58;15;10;business.drive.yandex.ru
аренда машин яндекс;1000000;3;19;5084;40;10;business.drive.yandex.ru
аренда автомобиля яндекс;1000000;3;24;1375;8;10;business.drive.yandex.ru
яндекс драйв омск;491000;3;17;23;10;9;business.drive.yandex.ru
каршеринг от яндекса;447000;3;20;196;41;10;business.drive.yandex.ru
аренда авто от яндекса;1000000;4;22;96;5;9;business.drive.yandex.ru
яндекс прокат авто;1000000;3;18;131;27;10;business.drive.yandex.ru
яндексдрайв ру каршеринг в москве;2000000;5;33;11;11;9;business.drive.yandex.ru
яндекс прокат автомобилей в москве;1000000;5;34;11;9;9;business.drive.yandex.ru
яндекс драйв чебоксары;486000;3;22;44;12;10;business.drive.yandex.ru
яндекс авто аренда;1000000;3;18;6346;386;10;business.drive.yandex.ru
яндекс драйв каршеринг официальный сайт санкт петербург;2000000;7;55;37;15;9;business.drive.yandex.ru
