"﻿""Ключевое слово""";Результатов в Яндексе;Слов;Символов;Частотность Весь мир;"""!Частотность !Весь !мир""";Позиция в выдаче Яндекса;disk.yandex.com.am
яндекс диск вход;1000000;3;16;67066;48961;1;disk.yandex.com.am
яндекс диск создать бесплатно;2000000;4;29;2096;470;1;disk.yandex.com.am
яндекс диск личный кабинет;1000000;4;26;18143;584;1;disk.yandex.com.am
яндекс диск вход в личный;2000000;5;25;13857;732;1;disk.yandex.com.am
вход в яндекс диск в личный кабинет;2000000;7;35;14776;539;1;disk.yandex.com.am
личный кабинет яндекс диск;1000000;4;26;19144;622;1;disk.yandex.com.am
https disk yandex ru d;2000000;5;22;98693;488;1;disk.yandex.com.am
яндекс диск войти;2000000;3;17;22571;10545;1;disk.yandex.com.am
вход в яндекс диск;1000000;4;18;17570;700;1;disk.yandex.com.am
disk yandex ru войти;3000000;4;20;1766;1175;1;disk.yandex.com.am
войти в яндекс диск;2000000;4;19;8130;584;1;disk.yandex.com.am
яндекс диск вход в личный кабинет;2000000;6;33;12748;10695;1;disk.yandex.com.am
яндекс диск войти в личный кабинет;2000000;6;34;4672;3588;1;disk.yandex.com.am
яндекс диск вход в личный кабинет вход;2000000;7;38;12748;526;1;disk.yandex.com.am
яндекс диск войти в личный;2000000;5;26;5469;735;1;disk.yandex.com.am
диск яндекс войти;2000000;3;17;23575;11401;1;disk.yandex.com.am
диск яндекс зайти;721000;3;17;2671;457;1;disk.yandex.com.am
регистрация яндекс диск;2000000;3;23;1025;273;1;disk.yandex.com.am
создать диск;688000;2;12;75763;285;1;disk.yandex.com.am
https disk yandex;917000;3;17;207251;314;1;disk.yandex.com.am
яндекс диск личный кабинет вход;952000;5;31;13039;281;1;disk.yandex.com.am
яндекс диск вход в личный кабинет через телефон;2000000;8;47;927;311;1;disk.yandex.com.am
яндекс диск регистрация;2000000;3;23;1009;276;1;disk.yandex.com.am
онлайн диск;2000000;2;11;16642;380;1;disk.yandex.com.am
войти на яндекс диск на свою страницу;2000000;7;37;474;314;1;disk.yandex.com.am
яндексдиск ру войти в личный кабинет;3000000;6;36;996;344;1;disk.yandex.com.am
yandex disk вход;937000;3;16;491;289;1;disk.yandex.com.am
диск онлайн;353000;2;11;17866;400;1;disk.yandex.com.am
яндекс диск вход на мою страницу;2000000;6;32;760;375;1;disk.yandex.com.am
яндекс диск вход личный кабинет;1000000;5;31;13039;281;1;disk.yandex.com.am
диск создать;707000;2;12;78963;322;1;disk.yandex.com.am
яндекс диск зайти;547000;3;17;2514;416;1;disk.yandex.com.am
диск вход;939000;2;9;130761;272;1;disk.yandex.com.am
яндекс диск войти в личный кабинет по номеру телефона;3000000;9;53;328;197;1;disk.yandex.com.am
вход на яндекс диск;1000000;4;19;1197;210;1;disk.yandex.com.am
вход в яндекс диск в личный кабинет войти;2000000;8;41;418;231;1;disk.yandex.com.am
яндекс диск создать папку;519000;4;25;2806;208;1;disk.yandex.com.am
мой яндекс диск войти на свою страницу;3000000;7;38;264;229;1;disk.yandex.com.am
яндекс диск вход в свой диск;1000000;6;28;365;200;1;disk.yandex.com.am
яндекс диск войти в личный кабинет войти;2000000;7;40;4672;253;1;disk.yandex.com.am
войти в яндекс диск вход в личный кабинет;2000000;8;41;418;231;1;disk.yandex.com.am
создать яндекс диск с доступом по ссылке;2000000;7;40;891;250;1;disk.yandex.com.am
облако яндекс диск войти;2000000;4;24;431;214;1;disk.yandex.com.am
disk yandex ru d;2000000;4;16;110221;253;1;disk.yandex.com.am
яндекс диск войти моя страница вход;3000000;6;35;670;250;1;disk.yandex.com.am
яндексдиск ру войти;3000000;3;19;1311;202;1;disk.yandex.com.am
создать яндекс диск бесплатно для хранения;3000000;6;42;728;238;1;disk.yandex.com.am
диск яндекс войти в мою страницу;3000000;6;32;418;262;1;disk.yandex.com.am
зайти в яндекс диск;1000000;4;19;1135;173;1;disk.yandex.com.am
yandex диск войти;806000;3;17;429;98;1;disk.yandex.com.am
yandex disk войти;1000000;3;17;1884;107;1;disk.yandex.com.am
яндекс диск онлайн вход;2000000;4;23;148;130;1;disk.yandex.com.am
зарегистрироваться яндекс диск;958000;3;30;493;106;1;disk.yandex.com.am
https disk yandex ru i;3000000;5;22;57072;113;1;disk.yandex.com.am
яндекс диск создать новый;3000000;4;25;355;100;1;disk.yandex.com.am
войти на яндекс диск;2000000;4;20;1846;142;1;disk.yandex.com.am
яндекс диск регистрация бесплатно;3000000;4;33;356;125;1;disk.yandex.com.am
диск войти;2000000;2;10;63575;137;1;disk.yandex.com.am
яндексдиск ру войти яндекс диск;2000000;5;31;109;109;1;disk.yandex.com.am
зайти на яндекс диск;572000;4;20;1097;154;1;disk.yandex.com.am
создать яндекс папку на диске;803000;5;29;1570;138;1;disk.yandex.com.am
яндекс диск зарегистрироваться;375000;3;30;431;102;1;disk.yandex.com.am
войти в яндекс диск вход;2000000;5;24;599;135;1;disk.yandex.com.am
яндекс диск вход на мою страницу войти с телефона;3000000;9;49;319;161;1;disk.yandex.com.am
мой диск яндекс войти;2000000;4;21;2586;94;1;disk.yandex.com.am
яндекс диск открыть войти;2000000;4;25;514;58;1;disk.yandex.com.am
https disk yandex ru войти;3000000;5;26;251;65;1;disk.yandex.com.am
https disk yandex com;903000;4;21;7179;81;1;disk.yandex.com.am
яндекс диск создать аккаунт;1000000;4;27;253;63;1;disk.yandex.com.am
я диск вход в личный кабинет;644000;6;28;72;68;1;disk.yandex.com.am
авторизация яндекс диск;591000;3;23;252;58;1;disk.yandex.com.am
яндекс диск вход в свой;2000000;5;23;365;84;1;disk.yandex.com.am
открой мой яндекс диск;1000000;4;22;2052;79;1;disk.yandex.com.am
я диск войти;3000000;3;12;216;82;1;disk.yandex.com.am
создать аккаунт яндекс диск;1000000;4;27;250;67;1;disk.yandex.com.am
создать диск для хранения файлов;922000;5;32;301;90;1;disk.yandex.com.am
мой яндекс диск вход в личный кабинет;2000000;7;37;129;83;1;disk.yandex.com.am
яндекс диск облачное хранилище войти;3000000;5;36;107;61;1;disk.yandex.com.am
https disk yandex ru войти в яндекс диск;2000000;8;40;114;82;1;disk.yandex.com.am
мой яндекс диск войти;2000000;4;21;2586;94;1;disk.yandex.com.am
яндекс диска вход;1000000;3;17;67066;55;1;disk.yandex.com.am
диск яндекс ру войти в личный кабинет;3000000;7;37;44;43;1;disk.yandex.com.am
диск яндекс диск войти на свою страницу с телефона;3000000;9;50;109;45;1;disk.yandex.com.am
яндекс диск авторизация;732000;3;23;244;49;1;disk.yandex.com.am
яндекс диск зарегистрировать;640000;3;28;154;44;1;disk.yandex.com.am
яндекс диск личный кабинет войти;2000000;5;32;4723;46;1;disk.yandex.com.am
disk yandex com am;1000000;4;18;1792;43;1;disk.yandex.com.am
https disk yandex ru d ndia267lkhdbqa;2000000;6;37;50;50;1;disk.yandex.com.am
disk yandex ru войти личный кабинет;2000000;6;35;144;47;1;disk.yandex.com.am
яндекс диск зарегистрироваться бесплатно;2000000;4;40;132;49;1;disk.yandex.com.am
https disk yandex ru client recent;2000000;6;34;160;45;1;disk.yandex.com.am
диск вход в личный кабинет;2000000;5;26;17922;53;1;disk.yandex.com.am
яндекс диск регистрация нового пользователя;3000000;5;43;57;50;1;disk.yandex.com.am
зарегистрировать яндекс диск;262000;3;28;156;44;1;disk.yandex.com.am
https disk;756000;2;10;205219;49;1;disk.yandex.com.am
яндекс диск веб версия;509000;4;22;158;55;1;disk.yandex.com.am
мой яндекс диск вход;1000000;4;20;1269;42;1;disk.yandex.com.am
вход на яндекс диск моя страница;2000000;6;32;700;26;1;disk.yandex.com.am
зарегистрироваться на яндекс диске бесплатно;2000000;5;44;63;28;1;disk.yandex.com.am
войти в мой яндекс диск;2000000;5;23;723;34;1;disk.yandex.com.am
https disk yandex ru d qzvxe176dtpi9q;2000000;6;37;29;28;1;disk.yandex.com.am
яндекс диск вход в мою страничку;99000;6;32;33;32;1;disk.yandex.com.am
яндекс диск вход по номеру телефона;2000000;6;35;687;26;1;disk.yandex.com.am
диск яндекс ру войти;2000000;4;20;261;40;1;disk.yandex.com.am
яндекс дикс диск вход в личный;464000;6;30;36;33;1;disk.yandex.com.am
яндекс диск войти на свою страницу;2000000;6;34;443;38;1;disk.yandex.com.am
disk yandex ru войти в личный кабинет;3000000;7;37;67;32;1;disk.yandex.com.am
яндекс диск мой вход;1000000;4;20;1279;40;1;disk.yandex.com.am
яндекс диск открыть войти моя страница;2000000;6;38;62;40;1;disk.yandex.com.am
яндекс диск создать новый аккаунт;2000000;5;33;51;28;1;disk.yandex.com.am
диск яндекс вход в аккаунт;1000000;5;26;262;36;1;disk.yandex.com.am
yandex диск войти в личный кабинет;3000000;6;34;46;42;1;disk.yandex.com.am
создать папку в яндекс диск;997000;5;27;829;25;1;disk.yandex.com.am
диск дэ;731000;2;7;41;18;1;disk.yandex.com.am
яндекс диск лк;22000;3;14;37;20;1;disk.yandex.com.am
вход в диск;1000000;3;11;24862;22;1;disk.yandex.com.am
мой яндекс диск войти на свою;3000000;6;29;286;20;1;disk.yandex.com.am
яндекс диск фото вход;375000;4;21;35;20;1;disk.yandex.com.am
яндекс диск вход в личный кабинет через логин;2000000;8;45;207;19;1;disk.yandex.com.am
яндекс диск вход на мою страницу войти;3000000;7;38;396;24;1;disk.yandex.com.am
яндекс диск войти в мой;2000000;5;23;756;22;1;disk.yandex.com.am
яндекс диск войти в аккаунт;2000000;5;27;148;23;1;disk.yandex.com.am
яндекс диск создать новый бесплатно;3000000;5;35;35;20;1;disk.yandex.com.am
вход яндекс диск войти;2000000;4;22;1289;24;1;disk.yandex.com.am
https disk yandex ru client disk source main loginmenu;414000;9;54;53;23;1;disk.yandex.com.am
диск личный кабинет;800000;3;19;45751;20;1;disk.yandex.com.am
зайти в диск;262000;3;12;5297;22;1;disk.yandex.com.am
яндекс диск моя страница;1000000;4;24;2221;25;1;disk.yandex.com.am
яндекс диск вход в личный кабинет вход на личную страницу;2000000;10;57;34;18;1;disk.yandex.com.am
диск войти в личный кабинет;2000000;5;27;26203;13;1;disk.yandex.com.am
открыть яндекс диск войти моя страница вход яндекс диск;3000000;9;55;27;14;1;disk.yandex.com.am
https disk yandex ru client disk войти в яндекс диск;3000000;10;52;21;15;1;disk.yandex.com.am
disk yandex ru войти личный кабинет по номеру телефона;3000000;9;54;38;13;1;disk.yandex.com.am
https disk yandex ru client disk документы;2000000;7;42;31;15;1;disk.yandex.com.am
яндекс диск войти в личный кабинет вход;3000000;7;39;376;13;1;disk.yandex.com.am
яндекс диск зарегистрироваться бесплатно сейчас;416000;5;47;21;17;1;disk.yandex.com.am
яндекс диск вход в личный кабинет через логин и пароль войти прямо сейчас;4000000;13;73;15;15;1;disk.yandex.com.am
яндекс диск вход в личный кабинет войти;3000000;7;39;403;16;1;disk.yandex.com.am
яндекс диск вход бесплатно;2000000;4;26;54;14;1;disk.yandex.com.am
регистрация на яндекс диске;608000;4;27;243;18;1;disk.yandex.com.am
регистрация на яндекс диске бесплатно;3000000;5;37;111;17;1;disk.yandex.com.am
https disk yandex ru d dsvb6chdcphmfa;3000000;6;37;13;13;1;disk.yandex.com.am
зайти на яндекс диск с компьютера;604000;6;33;157;16;1;disk.yandex.com.am
диск яндекс войти в мою страницу мобильная версия;2000000;8;49;18;18;1;disk.yandex.com.am
https disk yandex ru d pfruue4wd xjag;2000000;7;37;13;12;1;disk.yandex.com.am
яндекс диск вход в свой аккаунт с телефона;2000000;8;42;9;6;1;disk.yandex.com.am
https disk yandex ru edit d;1000000;6;27;2774;8;1;disk.yandex.com.am
яндекс диск открыть мой войти;2000000;5;29;324;9;1;disk.yandex.com.am
https disk yandex ru client photo;2000000;6;33;30;8;1;disk.yandex.com.am
яндекс диск онлайн вход в свой личный кабинет;3000000;8;45;9;9;1;disk.yandex.com.am
яндекс диск регистрация бесплатно нового пользователя;112000;6;53;7;7;1;disk.yandex.com.am
яндекс disk вход;1000000;3;16;66;11;1;disk.yandex.com.am
диск яндекс диск войти на свою страницу с телефона в мой аккаунт;849000;12;64;10;9;1;disk.yandex.com.am
создать яндекс диск с доступом по ссылке бесплатно без регистрации;3000000;10;66;26;10;1;disk.yandex.com.am
яндекс диск вход в личный кабинет вход на личную страницу войти сразу;3000000;12;69;13;8;1;disk.yandex.com.am
яндекс диск открыть войти моя страница вход;3000000;7;43;22;11;1;disk.yandex.com.am
https disk yandex ru client shared;2000000;6;34;10;10;1;disk.yandex.com.am
https disk yandex ru d fbunzv6mppzhma;2000000;6;37;8;8;1;disk.yandex.com.am
диск яндекс ру войти в личный;3000000;6;29;57;9;1;disk.yandex.com.am
яндекс диск вход в личный кабинет через логин и пароль войти;3000000;11;60;33;12;1;disk.yandex.com.am
яндекс дис вход;1000000;3;15;7;6;1;disk.yandex.com.am
яндекс диск зайти онлайн;407000;4;24;3;2;1;disk.yandex.com.am
яндекс диск открыть мобильная версия моя страница вход на русском;1000000;10;65;3;3;1;disk.yandex.com.am
зайти на диск;142000;3;13;3955;4;1;disk.yandex.com.am
hhttps disk yandex ru d qdanx9fylmzkwa;3000000;6;38;3;3;1;disk.yandex.com.am
http disk yandex ru i;2000000;5;21;650;4;1;disk.yandex.com.am
яндекс диск зайти на свою страницу;2000000;6;34;2;2;1;disk.yandex.com.am
открыть диск онлайн;208000;3;19;130;5;1;disk.yandex.com.am
яндекс диск в личный кабинет;948000;5;28;16328;4;1;disk.yandex.com.am
https disk yandex ru i 7va521es ggfpq;3000000;7;37;5;4;1;disk.yandex.com.am
яндексдиск ру войти в личный кабинет вход;3000000;7;41;652;3;1;disk.yandex.com.am
яндекс диск вход на мою страницу моя страница;2000000;8;45;780;6;1;disk.yandex.com.am
https disk yandex ru source main loginmenu;2000000;7;42;68;5;1;disk.yandex.com.am
яндекс диск открыть мобильная версия моя;2000000;6;40;16;2;1;disk.yandex.com.am
яндекс диск вход через вк;2000000;5;25;6;4;1;disk.yandex.com.am
яндекс диск открыть мой войти в личный кабинет;3000000;8;46;27;6;1;disk.yandex.com.am
hhtps disk yandex ru d waakdzwneclqxa;1000000;6;37;1;1;1;disk.yandex.com.am
как зайти в яндекс диск;1000000;5;23;607;138;2;disk.yandex.com.am
яндекс диск открыть мой на этом телефоне;2000000;7;40;939;620;2;disk.yandex.com.am
авторизация в яндекс диске;369000;4;26;46;0;1;disk.yandex.com.am
https disk yandex ru client disk;2000000;6;32;3367;507;2;disk.yandex.com.am
яндекс диск фото;1000000;3;16;29976;858;2;disk.yandex.com.am
яндекс диск войти моя страница;2000000;5;30;1751;210;2;disk.yandex.com.am
яндекс диск открыть мой войти в личный кабинет вход;2000000;9;51;21;1;1;disk.yandex.com.am
яндекс диск бесплатно;2000000;3;21;13459;1047;2;disk.yandex.com.am
яндекс диск открыть мобильная версия моя страница вход на русском языке бесплатно;2000000;12;81;1;0;1;disk.yandex.com.am
яндекс фото диск;1000000;3;16;29976;858;2;disk.yandex.com.am
https disk yandex ru client disk skip promo 1;4000000;9;45;13;1;1;disk.yandex.com.am
яндекс диск вход в личный кабинет вход на личную страницу войти сразу на мою страницу;3000000;15;85;6;1;1;disk.yandex.com.am
создать папку яндекс диск;1000000;4;25;2774;210;2;disk.yandex.com.am
яндекс диск открыть мобильная версия моя страница вход;2000000;8;54;3;0;1;disk.yandex.com.am
https disk yandex ru d pc9tc2zotxzel;4000000;6;36;1;1;1;disk.yandex.com.am
создать папку на яндекс диске;612000;5;29;1627;136;2;disk.yandex.com.am
яндекс диск вход в аккаунт;669000;5;26;232;36;2;disk.yandex.com.am
создать папку яндекс;916000;3;20;4221;39;2;disk.yandex.com.am
яндекс диск вход в личный кабинет через логин и пароль;2000000;10;54;186;51;2;disk.yandex.com.am
яндекс диск вход в свой диск с телефона;2000000;8;39;48;39;2;disk.yandex.com.am
яндекс диск вход на мою страницу войти с телефона для просмотра фотографий;3000000;12;74;111;42;2;disk.yandex.com.am
яндекс диск вход по логину и паролю;2000000;7;35;138;36;2;disk.yandex.com.am
открыть диск;888000;2;12;60113;89;2;disk.yandex.com.am
облако яндекс диск войти на свою страницу;2000000;7;41;98;45;2;disk.yandex.com.am
disk yandex ru войти по логину и паролю;1000000;8;39;105;75;2;disk.yandex.com.am
создать яндекс папку;1000000;3;20;4221;39;2;disk.yandex.com.am
яндекс диск вход в свой аккаунт;1000000;6;31;134;117;2;disk.yandex.com.am
яндекс диск открыть мобильная версия;1000000;5;36;118;82;2;disk.yandex.com.am
диск онлайн бесплатно;2000000;3;21;1082;37;2;disk.yandex.com.am
яндекс диск войти моя страница с телефона для просмотра;3000000;9;55;254;64;2;disk.yandex.com.am
как войти в яндекс диск;1000000;5;23;629;132;2;disk.yandex.com.am
яндекс диск как войти;2000000;4;21;777;36;2;disk.yandex.com.am
екс диск;156000;2;8;70;18;2;disk.yandex.com.am
войти на яндекс диск по логину и паролю;2000000;8;39;46;21;2;disk.yandex.com.am
https disk yandex ru i vhfmcsdxrfzadw;2000000;6;37;36;27;2;disk.yandex.com.am
https disk yandex ru d m1puuwj8rw1kxq;4000000;6;37;21;21;2;disk.yandex.com.am
https disk yandex ru d vsz4qhcybc1nfg;4000000;6;37;40;25;2;disk.yandex.com.am
яндекс диск войти моя страница с телефона для просмотра фотографий вход;3000000;11;71;125;19;2;disk.yandex.com.am
вход на яндекс диск через логин и пароль;2000000;8;40;34;33;2;disk.yandex.com.am
зайти на яндекс диск через логин и пароль;1000000;8;41;26;26;2;disk.yandex.com.am
фото яндекс диск мои посмотреть;1000000;5;31;72;30;2;disk.yandex.com.am
облако яндекс диск войти на свою страницу с телефона;3000000;9;52;51;23;2;disk.yandex.com.am
disk yandex ru вход;2000000;4;19;188;36;2;disk.yandex.com.am
зайти в яндекс диск по логину и паролю;1000000;8;38;38;31;2;disk.yandex.com.am
войти в яндекс диск с телефона;3000000;6;30;134;20;2;disk.yandex.com.am
мой диск открыть;2000000;3;16;2289;28;2;disk.yandex.com.am
яндекс диск войти на свою;3000000;5;25;578;36;2;disk.yandex.com.am
яндекс диск версия для компьютера;1000000;5;33;47;17;2;disk.yandex.com.am
облако яндекс диск войти на свою страницу с телефона на яндекс диск;3000000;12;67;51;9;2;disk.yandex.com.am
войти в свой яндекс диск;2000000;5;24;141;12;2;disk.yandex.com.am
диск фото скачать;902000;3;17;5187;12;2;disk.yandex.com.am
яндекс диск войти в мой диск с телефона;3000000;8;39;46;11;2;disk.yandex.com.am
как зайти на яндекс диск с телефона без приложений через почту;1000000;11;62;12;12;2;disk.yandex.com.am
яндекс диск открыть мобильная версия моя страница;78000;7;49;14;10;2;disk.yandex.com.am
яндекс диск войти через логин и пароль;2000000;7;38;82;13;2;disk.yandex.com.am
яндекс диск вход в личный диск с телефона;2000000;8;41;23;12;2;disk.yandex.com.am
https disk yandex ru d bw4vzzor1otacg;4000000;6;37;17;12;2;disk.yandex.com.am
мои фото на яндекс диске посмотреть бесплатно на телефоне;3000000;9;57;19;12;2;disk.yandex.com.am
яндекс диск открыть мой войти в личный;2000000;7;38;40;13;2;disk.yandex.com.am
яндекс диск по ссылке;674000;4;21;5557;13;2;disk.yandex.com.am
яндекс диск зайти в аккаунт;1000000;5;27;49;11;2;disk.yandex.com.am
мой яндекс диск войти на свою страницу с телефона;3000000;9;49;34;12;2;disk.yandex.com.am
зайти на яндекс диск с телефона;2000000;6;31;119;15;2;disk.yandex.com.am
логин яндекс диск;417000;3;17;993;9;2;disk.yandex.com.am
яндекс диск войти в мой диск с телефона на свою страницу;3000000;11;56;20;4;2;disk.yandex.com.am
яндекс диск войти в мой диск через браузер;2000000;8;42;18;6;2;disk.yandex.com.am
облако яндекс диск войти на свою страницу с телефона на яндекс;3000000;11;62;51;8;2;disk.yandex.com.am
яндекс диск войти на свою страницу с телефона;3000000;8;45;107;6;2;disk.yandex.com.am
войти в яндекс диск с телефона через логин и пароль;3000000;10;51;7;7;2;disk.yandex.com.am
вход в яндекс диск через логин и пароль;1000000;8;39;213;5;2;disk.yandex.com.am
фотографии на яндекс диске;601000;4;26;2750;9;2;disk.yandex.com.am
создать яндекс диск бесплатно для хранения фото и видео на андроид;3000000;11;66;7;7;2;disk.yandex.com.am
яндекс диски войти через аккаунт;2000000;5;32;9;8;2;disk.yandex.com.am
яндекс диск войти моя страница с телефона для просмотра фотографий;3000000;10;66;140;7;2;disk.yandex.com.am
папку можно получить по ссылке феникс https disk yandex ru d c b7mdslyodycw;3000000;13;75;9;9;2;disk.yandex.com.am
moy disk;101000;2;8;9;8;2;disk.yandex.com.am
мой яндекс диск войти на свою страницу с телефона вход;3000000;10;54;12;5;2;disk.yandex.com.am
яндекс диск логин;801000;3;17;968;8;2;disk.yandex.com.am
яндекс диск вход по логину;433000;5;26;149;9;2;disk.yandex.com.am
зайти на свой яндекс диск;712000;5;25;100;4;2;disk.yandex.com.am
яндекс диск для фото;923000;4;20;1587;46;3;disk.yandex.com.am
мои фото на яндекс диске;56000;5;24;254;94;3;disk.yandex.com.am
как создать яндекс диск бесплатно;2000000;5;33;588;210;3;disk.yandex.com.am
disk yandex ru tv;2000000;4;17;171;73;3;disk.yandex.com.am
документы яндекс диск;807000;3;21;6859;128;3;disk.yandex.com.am
https disk yandex ru скачать;2000000;5;28;2300;58;3;disk.yandex.com.am
как войти в свой яндекс диск с телефона;3000000;8;39;6;2;2;disk.yandex.com.am
как зайти на яндекс диск;973000;5;24;683;130;3;disk.yandex.com.am
яндекс диск открыть мобильная версия войти через телефон в личный кабинет;3000000;11;73;6;1;2;disk.yandex.com.am
как найти яндекс диск;339000;4;21;1515;112;3;disk.yandex.com.am
яндекс диск вход в аккаунт с телефона;3000000;7;37;15;3;2;disk.yandex.com.am
яндекс диск открыть мобильная версия войти;3000000;6;42;10;1;2;disk.yandex.com.am
как зайти на яндекс диск с телефона;2000000;7;35;98;65;3;disk.yandex.com.am
яндекс диск открыть мой на этом телефоне диск;2000000;8;45;939;256;3;disk.yandex.com.am
яндекс диск открыть мобильная версия войти через телефон;3000000;8;56;9;3;2;disk.yandex.com.am
папка яндекс диск;571000;3;17;19737;41;3;disk.yandex.com.am
загрузить яндекс диск бесплатно с официального сайта;1000000;7;52;16;16;3;disk.yandex.com.am
яндекс диск вход скачать;1000000;4;24;39;18;3;disk.yandex.com.am
диск без регистрации;647000;3;20;832;21;3;disk.yandex.com.am
все тарифы яндекс диск;587000;4;22;42;17;3;disk.yandex.com.am
как зайти в свой яндекс диск;532000;6;28;68;19;3;disk.yandex.com.am
я диск тарифы;2000000;3;13;79;16;3;disk.yandex.com.am
как зайти в яндекс диск с телефона;2000000;7;34;80;36;3;disk.yandex.com.am
как делать яндекс диск;1000000;4;22;334;20;3;disk.yandex.com.am
как завести яндекс диск бесплатно;615000;5;33;25;23;3;disk.yandex.com.am
яндекс диск как войти в свой диск;1000000;7;33;61;18;3;disk.yandex.com.am
онлайн диск бесплатно;3000;3;21;1066;36;3;disk.yandex.com.am
как создать аккаунт на яндекс диске;1000000;6;35;40;29;3;disk.yandex.com.am
яндекс диск ска;676000;3;15;69;17;3;disk.yandex.com.am
картинка яндекс диск;645000;3;20;979;22;3;disk.yandex.com.am
яндекс диск мои фото;1000000;4;20;453;38;3;disk.yandex.com.am
яндекс диск закачать;431000;3;20;556;16;3;disk.yandex.com.am
как создать яндекс диск с файлами;1000000;6;33;195;2;3;disk.yandex.com.am
фото с яндекс диска;1000000;4;19;12647;7;3;disk.yandex.com.am
создать папку в яндекс диске;407000;5;28;829;10;3;disk.yandex.com.am
сделать файл яндекс диск;1000000;4;24;1341;7;3;disk.yandex.com.am
яндекс диск для хранения фото;1000000;5;29;375;8;3;disk.yandex.com.am
яндекс диск открыть фото;2000000;4;24;174;4;3;disk.yandex.com.am
создать файл на яндекс диске;1000000;5;28;1282;15;3;disk.yandex.com.am
как зайти на свой яндекс диск;342000;6;29;68;9;3;disk.yandex.com.am
яндекс диск пк версия;1000000;4;21;102;12;3;disk.yandex.com.am
яндекс диск сделать папку;789000;4;25;2285;8;3;disk.yandex.com.am
логин для яндекс диска;791000;4;22;47;16;3;disk.yandex.com.am
яндекс хранение фото;1000000;3;20;607;13;3;disk.yandex.com.am
создать яндекс диск для фотографий;1000000;5;34;518;6;3;disk.yandex.com.am
яндекс диск полная версия для компьютера;1000000;6;40;13;10;3;disk.yandex.com.am
яндекс диск открыть мобильная;1000000;4;29;150;16;3;disk.yandex.com.am
https disk yandex ru d uokthpkcem2lgw;4000000;6;37;2;2;3;disk.yandex.com.am
яндекс диск фото мои;1000000;4;20;453;38;4;disk.yandex.com.am
приложение диск;821000;2;15;24416;98;4;disk.yandex.com.am
яндекс диск как открыть;549000;4;23;3597;177;4;disk.yandex.com.am
яндекс диск фото и видео;3000000;5;24;1885;63;4;disk.yandex.com.am
яндекс диск фотографии;905000;3;22;5386;126;4;disk.yandex.com.am
яндекс облако войти на свою страницу с телефона;3000000;8;47;86;39;4;disk.yandex.com.am
фотки на яндекс диске;616000;4;21;1099;0;3;disk.yandex.com.am
яндекс диск документы;1000000;3;21;5955;129;4;disk.yandex.com.am
яндекс диск скачать;985000;3;19;74010;31779;4;disk.yandex.com.am
ядиск скачать;933000;2;13;166;108;4;disk.yandex.com.am
сервис диск клиент;2000000;3;18;8;0;3;disk.yandex.com.am
мой диск с фотографиями;541000;4;23;268;0;3;disk.yandex.com.am
диск для фото;1000000;3;13;5642;43;4;disk.yandex.com.am
yandex disk скачать;637000;3;19;4459;852;4;disk.yandex.com.am
текущая версия яндекс диск;1000000;4;26;8;1;3;disk.yandex.com.am
yandex com am;1000000;3;13;3074;38;4;disk.yandex.com.am
как попасть на яндекс диск;401000;5;26;74;11;4;disk.yandex.com.am
яндекс диски скачать;967000;3;20;74010;14;4;disk.yandex.com.am
яндекс диск desktop;705000;3;19;56;21;4;disk.yandex.com.am
фото на яндекс диск;704000;4;19;17516;13;4;disk.yandex.com.am
диск яндекс открыть на телефоне;2000000;5;31;1131;17;4;disk.yandex.com.am
установить yandex disk;486000;3;22;165;12;4;disk.yandex.com.am
как войти в яндекс диск по логину и паролю;2000000;9;42;45;27;4;disk.yandex.com.am
ya disk программа;829000;3;17;26;18;4;disk.yandex.com.am
как войти на яндекс диск;1000000;5;24;254;21;4;disk.yandex.com.am
выложить видео на яндекс диск и создать ссылку;3000000;8;46;168;16;4;disk.yandex.com.am
яндекс фотографии мой диск;794000;4;26;282;35;4;disk.yandex.com.am
яндекс диск картинка;794000;3;20;917;24;4;disk.yandex.com.am
как войти в свой яндекс диск;2000000;6;28;69;13;4;disk.yandex.com.am
мой диск войти;2000000;3;14;4717;21;4;disk.yandex.com.am
фото на яндекс диске;1000000;4;20;17516;36;4;disk.yandex.com.am
мои фото на яндекс диске посмотреть бесплатно;2000000;7;45;29;10;4;disk.yandex.com.am
программа яндекс диск;1000000;3;21;1616;141;5;disk.yandex.com.am
сколько стоит яндекс диск;1000000;4;25;682;207;5;disk.yandex.com.am
am net yandex ru;2000000;4;16;192;0;4;disk.yandex.com.am
яндекс диск сколько стоит;769000;4;25;684;192;5;disk.yandex.com.am
я диск скачать;2000000;3;14;1674;373;5;disk.yandex.com.am
файло;3000;1;5;1385;179;5;disk.yandex.com.am
как открыть приложение яндекс диск;2000000;5;34;151;2;4;disk.yandex.com.am
мой диск онлайн;2000000;3;15;45;0;4;disk.yandex.com.am
disk yandex ru d fys7hv6dfjj bw;3000000;6;31;1;1;4;disk.yandex.com.am
яндекс диск для пк;880000;4;18;587;333;5;disk.yandex.com.am
яндекс хранилище фотографий;820000;3;27;68;2;4;disk.yandex.com.am
мои фото на яндекс диске посмотреть;2000000;6;35;32;2;4;disk.yandex.com.am
как открыть яндекс диск;1000000;4;23;3781;185;5;disk.yandex.com.am
яндекс диск мобильная;894000;3;21;553;0;4;disk.yandex.com.am
ян диск скачать;654000;3;15;18;9;4;disk.yandex.com.am
загрузить фото на яндекс диск;2000000;5;29;2363;132;5;disk.yandex.com.am
где мой яндекс диск как его найти;2000000;7;33;16;12;5;disk.yandex.com.am
яндекс диск картинки;848000;3;20;917;17;5;disk.yandex.com.am
яндекс диск пк;930000;3;14;5525;34;5;disk.yandex.com.am
как создать яндекс диск для видео;3000000;6;33;870;16;5;disk.yandex.com.am
создать облачный диск бесплатно;2000000;4;31;30;22;5;disk.yandex.com.am
хранение фото на яндекс диске;1000000;5;29;81;14;5;disk.yandex.com.am
облако яндекс для фото;990000;4;22;237;80;5;disk.yandex.com.am
загрузить файл на диск;37000;4;22;6995;22;5;disk.yandex.com.am
как войти в яндекс диск на компьютере;2000000;7;37;81;47;5;disk.yandex.com.am
как войти на яндекс диск с компьютера;2000000;7;37;24;20;5;disk.yandex.com.am
yandex ru search text гугл диск clid 2411726;3000000;8;44;334;109;5;disk.yandex.com.am
как открыть яндекс диск на компьютере;1000000;6;37;151;68;5;disk.yandex.com.am
яндекс диск macos;432000;3;17;110;14;5;disk.yandex.com.am
что такое яндекс диск и как им пользоваться;892000;8;43;63;47;5;disk.yandex.com.am
яндекс диск цены;933000;3;16;1142;111;5;disk.yandex.com.am
диск фотографии;474000;2;15;12731;12;5;disk.yandex.com.am
диск скачать;541000;2;12;196901;884;6;disk.yandex.com.am
мои фото на яндекс диске найти;2000000;6;30;33;2;5;disk.yandex.com.am
dosyalar;6000;1;8;165;6;5;disk.yandex.com.am
залить файл бесплатно;2000000;3;21;29;2;5;disk.yandex.com.am
яндекс диск фотографии посмотреть;1000000;4;33;53;4;5;disk.yandex.com.am
яндекс диск как создать;1000000;4;23;13448;2337;6;disk.yandex.com.am
последняя версия яндекс диск;2000000;4;28;231;10;5;disk.yandex.com.am
фото на диск;920000;3;12;49110;6;5;disk.yandex.com.am
yandex disk client;463000;3;18;3786;9;5;disk.yandex.com.am
мои фотографии на яндекс диске;344000;5;30;133;3;5;disk.yandex.com.am
шушд диск;955000;2;9;11;11;5;disk.yandex.com.am
яндекс диск на комп;620000;4;19;585;10;5;disk.yandex.com.am
ydisk скачать;461000;2;13;1;0;5;disk.yandex.com.am
яндекс папка для фото;1000000;4;21;92;9;5;disk.yandex.com.am
яндекс диск для фотографий;677000;4;26;817;12;5;disk.yandex.com.am
как сделать яндекс диск;1000000;4;23;14151;688;6;disk.yandex.com.am
мой диск вход;915000;3;13;1640;25;6;disk.yandex.com.am
сколько стоит яндекс диск на год;3000000;6;32;81;30;6;disk.yandex.com.am
как создать свой яндекс диск;1000000;5;28;159;36;6;disk.yandex.com.am
яндекс диск что это такое и как пользоваться;740000;8;44;42;30;6;disk.yandex.com.am
яндекс диск облако тарифы;615000;4;25;39;31;6;disk.yandex.com.am
как сделать яндекс диск на компьютер;1000000;6;36;229;25;6;disk.yandex.com.am
гугл яндекс диск;1000000;3;16;4241;156;6;disk.yandex.com.am
облако яндекс войти на свою страницу с телефона;583000;8;47;89;36;6;disk.yandex.com.am
яндекс хранилище фото;1000000;3;21;325;108;6;disk.yandex.com.am
клиент яндекс диск;881000;3;18;342;31;6;disk.yandex.com.am
яндекс диск для компьютера;1000000;4;26;616;213;6;disk.yandex.com.am
яндекс диск программа;56000;3;21;1551;137;6;disk.yandex.com.am
как создать диск на яндексе;1000000;5;27;7816;29;6;disk.yandex.com.am
бесплатный диск;2000000;2;15;42592;65;6;disk.yandex.com.am
яндекс диск скачать бесплатно;2000000;4;29;3155;453;6;disk.yandex.com.am
https disk yandex ru d ju 52sm455e19g;718000;7;37;26;25;6;disk.yandex.com.am
https download yandex ru wiki ext index html;816000;8;44;8;7;6;disk.yandex.com.am
яндекс диск фильмы;1000000;3;18;504;10;6;disk.yandex.com.am
хранилище фото яндекс диск облако;829000;5;33;16;16;6;disk.yandex.com.am
как создать яндекс диск с фото;1000000;6;30;193;10;6;disk.yandex.com.am
как зайти на яндекс диск по логину и паролю;1000000;9;43;12;11;6;disk.yandex.com.am
скачать с яндекс диска бесплатно;2000000;5;32;595;7;6;disk.yandex.com.am
диск загрузить;571000;2;14;46995;20;6;disk.yandex.com.am
как найти свой яндекс диск;976000;5;26;97;12;6;disk.yandex.com.am
скинуть файл на яндекс диск;831000;5;27;302;18;6;disk.yandex.com.am
яндекс диск последняя версия;2000000;4;28;231;10;6;disk.yandex.com.am
загрузить на диск и дать ссылку;2000000;6;31;468;21;6;disk.yandex.com.am
я диск приложение;2000000;3;17;219;18;6;disk.yandex.com.am
как зайти в файлы в яндексе;1000000;6;27;196;8;6;disk.yandex.com.am
яндекс диск оплата подписки;1000000;4;27;36;17;6;disk.yandex.com.am
yandex disk desktop;278000;3;19;89;23;6;disk.yandex.com.am
файлы зайти;270000;2;11;6083;4;6;disk.yandex.com.am
как купить место на яндекс диске;2000000;6;32;109;41;7;disk.yandex.com.am
облачный диск бесплатно;1000000;3;23;1025;185;7;disk.yandex.com.am
приложение яндекс диск;935000;3;22;6555;993;7;disk.yandex.com.am
онк яндекс диск;928000;3;15;128;103;7;disk.yandex.com.am
яндекс диск создать ссылку;799000;4;26;8834;346;7;disk.yandex.com.am
как завести яндекс диск;679000;4;23;111;54;7;disk.yandex.com.am
скачать на пк через яндекс диск;1000000;6;31;483;1;6;disk.yandex.com.am
скачать диск;424000;2;12;192797;835;7;disk.yandex.com.am
загрузить;5000000;1;9;1414544;2933;7;disk.yandex.com.am
яндекс диск на пк;1000000;4;17;4690;247;7;disk.yandex.com.am
мой диск в телефоне;1000000;4;19;299;3;6;disk.yandex.com.am
посмотреть фотографии с яндекс диска;1000000;5;36;14;0;6;disk.yandex.com.am
яндекс диск онк;649000;3;15;128;103;7;disk.yandex.com.am
как создать яндекс диск;1000000;4;23;14256;2441;7;disk.yandex.com.am
хранить фото на яндекс диске;1000000;5;28;109;4;6;disk.yandex.com.am
сайт для загрузки файлов;2000000;4;24;922;38;7;disk.yandex.com.am
яндекс дик скачать;1000000;3;18;43;6;7;disk.yandex.com.am
яндекс диск на компьютере;824000;4;25;11530;8;7;disk.yandex.com.am
сохранить файлы на яндекс диске;1000000;5;31;1190;10;7;disk.yandex.com.am
фото на диске;750000;3;13;49111;7;7;disk.yandex.com.am
скачать бесплатно диск;2000000;3;22;16271;9;7;disk.yandex.com.am
адрес яндекс диска;1000000;3;18;353;7;7;disk.yandex.com.am
https disk yandex ru d o6uqamjprkpizq;3000000;6;37;21;21;7;disk.yandex.com.am
сохранить файл на яндекс диске;721000;5;30;1190;10;7;disk.yandex.com.am
как авторизоваться на яндекс диске;654000;5;34;25;13;7;disk.yandex.com.am
яндекс ам;677000;2;9;1404;9;7;disk.yandex.com.am
мои фотографии личные на диске;954000;5;30;27;27;7;disk.yandex.com.am
облако яндекс диск цена;1000000;4;23;28;21;7;disk.yandex.com.am
как создать яндекс диск для документов;1000000;6;38;97;7;7;disk.yandex.com.am
яндекс диск хранилище фото;1000000;4;26;115;10;7;disk.yandex.com.am
как зарегистрироваться на яндекс диске;854000;5;38;96;32;7;disk.yandex.com.am
яндекс диск цена за 1т на год;4000000;7;29;6;6;7;disk.yandex.com.am
как создать яндекс диск на телефоне;1000000;6;35;775;17;8;disk.yandex.com.am
программа диск;818000;2;14;121525;27;8;disk.yandex.com.am
яндекс диск на компьютер;734000;4;24;11530;218;8;disk.yandex.com.am
диск программа для компьютера;236000;4;29;2831;26;8;disk.yandex.com.am
диск приложение;986000;2;15;24948;111;8;disk.yandex.com.am
загрузить фото на диск;1000000;4;22;2972;19;8;disk.yandex.com.am
как создать яндекс диск для файлов;907000;6;34;249;3;7;disk.yandex.com.am
фото сохранить;1000000;2;14;91653;216;8;disk.yandex.com.am
скачать яндекс диск бесплатно;2000000;4;29;3171;450;8;disk.yandex.com.am
хранилище фото яндекс;1000000;3;21;325;108;8;disk.yandex.com.am
фото на диске в облаке;1000000;5;22;106;4;7;disk.yandex.com.am
яндекс диск мобильный;967000;3;21;553;1;7;disk.yandex.com.am
yandex am;715000;2;9;34401;23;8;disk.yandex.com.am
яндекс диск установить на компьютер;1000000;5;35;982;409;8;disk.yandex.com.am
яндекс диск телефон;1000000;3;19;18509;5;7;disk.yandex.com.am
яндекс диск архив;599000;3;17;1176;16;8;disk.yandex.com.am
компьютерная версия яндекс;94000;3;26;1329;284;9;disk.yandex.com.am
школьный диск;901000;2;13;2146;5;8;disk.yandex.com.am
как зайти в диск;6000;4;16;3628;7;8;disk.yandex.com.am
как перенести видео на яндекс диск с компьютера;3000000;8;47;21;5;8;disk.yandex.com.am
яндекс диск для юридического лица;1000000;5;33;21;7;8;disk.yandex.com.am
загрузить загрузку;568000;2;18;15074;1;8;disk.yandex.com.am
загружать в безлимит яндекс диск;1000000;5;32;233;10;8;disk.yandex.com.am
яндекс диск мобильная версия;999000;4;28;203;7;8;disk.yandex.com.am
диск для фотографий;1000000;3;19;1774;9;8;disk.yandex.com.am
яндекс диск фотографии с телефона;2000000;5;33;621;6;8;disk.yandex.com.am
сколько стоит подписка на яндекс диск;1000000;6;37;47;13;8;disk.yandex.com.am
загрузить папку с файлами;726000;4;25;1215;10;8;disk.yandex.com.am
как создать диск с фото в яндексе;2000000;7;33;17;1;8;disk.yandex.com.am
яндекс диск для фотографов;628000;4;26;20;9;8;disk.yandex.com.am
яндекс диск для организации;1000000;4;27;116;13;8;disk.yandex.com.am
яндекс диск как работает;2000000;4;24;815;129;9;disk.yandex.com.am
яндекс диск для мобильных;1000000;4;25;82;35;9;disk.yandex.com.am
файлообменник бесплатно без регистрации;2000000;4;39;2065;46;9;disk.yandex.com.am
яндекс диск что это и как пользоваться;763000;7;38;103;53;9;disk.yandex.com.am
облако яндекс войти в личный кабинет с телефона по номеру;3000000;10;57;78;41;9;disk.yandex.com.am
хранилище фото бесплатно;2000000;3;24;490;47;9;disk.yandex.com.am
яндекс диск 360 тарифы;715000;4;22;176;40;9;disk.yandex.com.am
andex ru;1000000;2;8;1249;69;9;disk.yandex.com.am
облако бесплатно без регистрации;2000000;4;32;1841;53;9;disk.yandex.com.am
диск бесплатный;57000;2;15;42592;65;9;disk.yandex.com.am
фото диски;905000;2;10;94049;47;9;disk.yandex.com.am
скачать ядиск;750000;2;13;160;101;9;disk.yandex.com.am
zyt;8000000;1;3;392;68;9;disk.yandex.com.am
автозагрузка фото на яндекс диск;1000000;5;32;467;41;9;disk.yandex.com.am
как сделать яндекс диск для фото;2000000;6;32;215;58;9;disk.yandex.com.am
как работает яндекс диск;2000000;4;24;881;124;9;disk.yandex.com.am
как создать яндекс диск на компьютере;1000000;6;37;149;34;9;disk.yandex.com.am
idd фото загрузить;54000;3;18;39;10;9;disk.yandex.com.am
как сохранить папку на яндекс диск;835000;6;34;164;11;9;disk.yandex.com.am
хранилище фотографий бесплатно;1000000;3;30;169;19;9;disk.yandex.com.am
яндекс диск фото с телефона;2000000;5;27;3266;11;9;disk.yandex.com.am
купить облако яндекс 1 тб навсегда;4000000;6;34;18;18;9;disk.yandex.com.am
диска скачать;602000;2;13;196908;10;9;disk.yandex.com.am
скачать яндекс документы для пк;1000000;5;31;28;28;9;disk.yandex.com.am
сколько хранятся фото на яндекс диске;1000000;6;37;47;19;9;disk.yandex.com.am
яндекс облако скачать на компьютер;1000000;5;34;58;23;9;disk.yandex.com.am
яндекс диск мак;560000;3;15;631;15;9;disk.yandex.com.am
яндекс диск для мак ос;742000;5;22;41;30;9;disk.yandex.com.am
диск для файлов;474000;3;15;18989;24;9;disk.yandex.com.am
диск на компьютере;319000;3;18;87858;11;9;disk.yandex.com.am
как создать яндекс диск для фото;2000000;6;32;410;23;9;disk.yandex.com.am
диск программа;850000;2;14;125503;30;9;disk.yandex.com.am
яндекс диск в телефоне;2000000;4;22;4974;8;9;disk.yandex.com.am
яндекс компьютерная версия;1000000;3;26;1208;254;10;disk.yandex.com.am
скачать яндекс диск бесплатно на компьютер;2000000;6;42;744;599;10;disk.yandex.com.am
как создать яндекс диск для фотографий и видео;3000000;8;46;15;2;9;disk.yandex.com.am
яндекс диск установить;960000;3;22;3655;586;10;disk.yandex.com.am
la yandex ru;1000000;3;12;272;1;9;disk.yandex.com.am
хранилище файлов;415000;2;16;14632;315;10;disk.yandex.com.am
фотографии на диске яндекс найти мои;1000000;6;36;30;7;9;disk.yandex.com.am
передать файл через файлообменник яндекс;741000;5;40;2;2;9;disk.yandex.com.am
загружать в безлимит;471000;3;20;319;5;9;disk.yandex.com.am
яндекс диск скачать на пк;1000000;5;25;3625;2344;10;disk.yandex.com.am
как сделать свой яндекс диск;1000000;5;28;86;8;9;disk.yandex.com.am
яндекс диск загрузить папку;1000000;4;27;1838;6;9;disk.yandex.com.am
установить яндекс диск на компьютер;834000;5;35;1012;420;10;disk.yandex.com.am
безлимитное хранилище для фото и видео с телефона;3000000;8;49;12;3;9;disk.yandex.com.am
яндекс диск фото без ограничений;1000000;5;32;18;8;9;disk.yandex.com.am
хранилище фото;878000;2;14;8868;192;10;disk.yandex.com.am
яндекс диск мак ос;603000;4;18;91;11;10;disk.yandex.com.am
yandex disk app;542000;3;15;128;19;10;disk.yandex.com.am
как создать яндекс диск бесплатно для фотографий;2000000;7;48;74;27;10;disk.yandex.com.am
как создать диск в яндексе;958000;5;26;1758;19;10;disk.yandex.com.am
как найти яндекс диск на телефоне андроид;3000000;7;41;56;24;10;disk.yandex.com.am
что такое яндекс диск и для чего он нужен на телефоне;2000000;11;53;27;17;10;disk.yandex.com.am
яндекс диск mac os;667000;4;18;335;37;10;disk.yandex.com.am
как создать новый яндекс диск;905000;5;29;114;25;10;disk.yandex.com.am
скачать яндекс диск видео;3000000;4;25;3871;33;10;disk.yandex.com.am
z lbcr crfxfnm;65000;3;14;26;19;10;disk.yandex.com.am
приложение диски;855000;2;16;24421;48;10;disk.yandex.com.am
яндекс диск безлимит для фото;966000;5;29;137;36;10;disk.yandex.com.am
скачать яндекс диск для мак;753000;5;27;30;17;10;disk.yandex.com.am
как сделать яндекс диск на телефоне;3000000;6;35;556;32;10;disk.yandex.com.am
яндекс диск для mac os;697000;5;22;157;104;10;disk.yandex.com.am
яндекс диск премиум скачать;985000;4;27;61;8;10;disk.yandex.com.am
скачать яндекс диск на компьютер;1000000;5;32;4701;815;11;disk.yandex.com.am
скачать диск на ноутбук;620000;4;23;1477;1;10;disk.yandex.com.am
скачать диск для ноутбука;556000;4;25;406;2;10;disk.yandex.com.am
яндекс диск для айфон;142000;4;21;232;1;10;disk.yandex.com.am
https disk yandex ru d urmg lcgxq2gmg русское географическое общество;4000000;10;69;1;1;10;disk.yandex.com.am
загрузить в папку;483000;3;17;5982;0;10;disk.yandex.com.am
бесплатные онлайн диски;2000000;3;23;1082;7;10;disk.yandex.com.am
как создать яндекс диск на телефоне айфон;2000000;7;41;49;2;10;disk.yandex.com.am
яндекс диск дополнительное место;1000000;4;32;133;5;10;disk.yandex.com.am
текущая версия яндекс диск из гугл плей;2000000;7;39;1;1;10;disk.yandex.com.am
яндекс диск загружать в безлимит;941000;5;32;237;7;10;disk.yandex.com.am
яндекс диск для ios;839000;4;19;86;7;10;disk.yandex.com.am
хостинг файлов бесплатно без регистрации;2000000;5;40;6;1;10;disk.yandex.com.am
безлимитная загрузка фото на яндекс диск;1000000;6;40;11;3;10;disk.yandex.com.am
облако войти на свою страницу с телефона;3000000;7;40;136;8;10;disk.yandex.com.am
скачать я диск;498000;3;14;1685;371;11;disk.yandex.com.am
безлимит на яндекс диске;499000;4;24;247;0;11;disk.yandex.com.am
яндекс диск автозагрузка фото с телефона;78000;6;40;100;5;11;disk.yandex.com.am
яндекс диск загрузить папку с файлами;1000000;6;37;589;14;11;disk.yandex.com.am
как делать яндекс диск с телефона;2000000;6;33;7;4;11;disk.yandex.com.am
как создать яндекс диск для фотографий с телефона андроид бесплатно;3000000;10;67;15;7;11;disk.yandex.com.am
сколько свободного места на яндекс диске;1000000;6;40;70;3;11;disk.yandex.com.am
как работать с яндекс диском;2000000;5;28;314;62;11;disk.yandex.com.am
как создать яндекс диск для фотографий с телефона;76000;8;49;52;8;11;disk.yandex.com.am
как установить яндекс диск на компьютер бесплатно;2000000;7;49;29;27;11;disk.yandex.com.am
загрузить в облачное хранилище;539000;4;30;1070;6;11;disk.yandex.com.am
яндекс фото хранилище;1000000;3;21;325;108;11;disk.yandex.com.am
как открыть яндекс диск на телефоне;2000000;6;35;203;41;11;disk.yandex.com.am
как сделать яндекс диск для видео;3000000;6;33;168;4;11;disk.yandex.com.am
как создать яндекс диск для фотографий бесплатно;2000000;7;48;74;27;11;disk.yandex.com.am
создать ссылку на яндекс диск;1000000;5;29;6775;246;11;disk.yandex.com.am
как создать яндекс диск для фотографий;1000000;6;38;536;276;12;disk.yandex.com.am
где в телефоне найти яндекс диск;3000000;6;32;75;27;12;disk.yandex.com.am
где в телефоне найти яндекс диск андроид;3000000;7;40;13;11;12;disk.yandex.com.am
яндекс диск что это и как пользоваться на телефоне;2000000;9;50;18;2;12;disk.yandex.com.am
как работать с яндекс диск;2000000;5;26;314;0;12;disk.yandex.com.am
