"﻿""Ключевое слово""";Результатов в Яндексе;Слов;Символов;Частотность Весь мир;"""!Частотность !Весь !мир""";Позиция в выдаче Яндекса;dns.yandex.ru
yandex dns;282000;2;10;11357;6119;1;dns.yandex.ru
яндекс днс сервера;535000;3;18;2595;491;1;dns.yandex.ru
яндекс днс сервер;577000;3;17;2595;632;1;dns.yandex.ru
днс яндекса;1000000;2;11;26590;1552;1;dns.yandex.ru
днс сервера яндекс;684000;3;18;2732;516;1;dns.yandex.ru
lyc zyltrc;8000;2;10;864;675;1;dns.yandex.ru
dns сервера yandex;428000;3;18;968;496;1;dns.yandex.ru
яндекс днс;455000;2;10;25937;5764;1;dns.yandex.ru
zyltrc lyc;7000;2;10;864;675;1;dns.yandex.ru
яндекс dns;642000;2;10;12884;3457;1;dns.yandex.ru
днс сервер яндекс;672000;3;17;2732;659;1;dns.yandex.ru
днс яндекс;1000000;2;10;26590;5860;1;dns.yandex.ru
dns яндекс;692000;2;10;13501;3504;1;dns.yandex.ru
yandex dns сервера;425000;3;18;968;496;1;dns.yandex.ru
dns яндекса;735000;2;11;13501;2026;1;dns.yandex.ru
dns yandex;284000;2;10;11357;6119;1;dns.yandex.ru
dns сервер яндекс;760000;3;17;1887;382;1;dns.yandex.ru
ip яндекс dns;581000;3;13;345;153;1;dns.yandex.ru
днс сервер яндекса;686000;3;18;2732;195;1;dns.yandex.ru
ip dns yandex;366000;3;13;474;198;1;dns.yandex.ru
сервер яндекс;485000;2;13;17657;193;1;dns.yandex.ru
ip yandex dns;358000;3;13;474;198;1;dns.yandex.ru
dns яндекс ip;590000;3;13;345;153;1;dns.yandex.ru
яндекс dns сервера;646000;3;18;1766;318;1;dns.yandex.ru
dns yandex ip;379000;3;13;474;198;1;dns.yandex.ru
ya dns;248000;2;6;441;253;1;dns.yandex.ru
dns ip yandex;41000;3;13;474;198;1;dns.yandex.ru
dns сервера яндекс;811000;3;18;1887;322;1;dns.yandex.ru
dns ya;235000;2;6;441;253;1;dns.yandex.ru
яндекс сервер;655000;2;13;17418;191;1;dns.yandex.ru
yandex dns ip;393000;3;13;474;198;1;dns.yandex.ru
яндекс dns сервер;754000;3;17;1766;352;1;dns.yandex.ru
yandex dns server;402000;3;17;279;149;1;dns.yandex.ru
ipv6 dns yandex;2000000;3;15;126;110;1;dns.yandex.ru
днс адрес яндекс;1000000;3;16;520;118;1;dns.yandex.ru
сервера яндекс;566000;2;14;17651;121;1;dns.yandex.ru
адрес днс яндекс;1000000;3;16;527;111;1;dns.yandex.ru
прокси яндекс;546000;2;13;6715;118;1;dns.yandex.ru
yandex ipv6 dns;2000000;3;15;126;110;1;dns.yandex.ru
днс сервера яндекса;685000;3;19;2732;133;1;dns.yandex.ru
lyc zyltrcf;472000;2;11;160;119;1;dns.yandex.ru
яндекс dns ip;777000;3;13;285;125;1;dns.yandex.ru
днс яндекс адрес;1000000;3;16;520;118;1;dns.yandex.ru
dns сервера яндекса;733000;3;19;1887;145;1;dns.yandex.ru
dns сервер яндекса;782000;3;18;1887;126;1;dns.yandex.ru
dns ipv6 yandex;2000000;3;15;126;110;1;dns.yandex.ru
яндекс сервера;546000;2;14;17412;122;1;dns.yandex.ru
dns server yandex;378000;3;17;279;149;1;dns.yandex.ru
yandex ru dns;1000000;3;13;940;109;1;dns.yandex.ru
яндекс dns адрес;1000000;3;16;495;65;1;dns.yandex.ru
dns yandex ip адреса;870000;4;20;178;84;1;dns.yandex.ru
днс подключить;788000;2;14;15313;94;1;dns.yandex.ru
dns яндекса для роутера;514000;4;23;117;80;1;dns.yandex.ru
сервера яндекса;563000;2;15;17651;90;1;dns.yandex.ru
яндекс днс адреса;1000000;3;17;510;72;1;dns.yandex.ru
днс яндекс ip;444000;3;13;190;105;1;dns.yandex.ru
яндекс прокси сервер;581000;3;20;1734;92;1;dns.yandex.ru
подключить днс;598000;2;14;15535;100;1;dns.yandex.ru
прокси сервер яндекс;641000;3;20;1763;87;1;dns.yandex.ru
яндекс прокси;218000;2;13;6529;108;1;dns.yandex.ru
яндекс днс адрес;1000000;3;16;510;102;1;dns.yandex.ru
днс адреса яндекс;5000;3;17;520;74;1;dns.yandex.ru
яндекс днс ip;625000;3;13;174;96;1;dns.yandex.ru
dns yandex ru;1000000;3;13;940;109;1;dns.yandex.ru
адреса dns яндекса;1000000;3;18;518;63;1;dns.yandex.ru
безопасный dns;353000;2;14;2648;53;1;dns.yandex.ru
yandex dns сервер;364000;3;17;968;55;1;dns.yandex.ru
dns яндекс адрес;751000;3;16;518;59;1;dns.yandex.ru
серверы яндекс;504000;2;14;17651;55;1;dns.yandex.ru
днс адреса яндекса;1000000;3;18;520;57;1;dns.yandex.ru
dns безопасный;240000;2;14;2648;53;1;dns.yandex.ru
dns адреса яндекса;1000000;3;18;518;63;1;dns.yandex.ru
днс яндекса адреса;1000000;3;18;520;57;1;dns.yandex.ru
yandex dns doh;179000;3;14;138;59;1;dns.yandex.ru
яндекс серверы;476000;2;14;17412;56;1;dns.yandex.ru
dns яндекса адреса;745000;3;18;518;63;1;dns.yandex.ru
днс от яндекса;23000;3;14;290;61;1;dns.yandex.ru
dns сервер yandex;449000;3;17;968;55;1;dns.yandex.ru
dns адрес яндекс;857000;3;16;518;59;1;dns.yandex.ru
yandex doh dns;308000;3;14;142;63;1;dns.yandex.ru
dns серверы яндекс;689000;3;18;1887;53;1;dns.yandex.ru
dns over https yandex;1000000;4;21;114;45;1;dns.yandex.ru
безопасный днс яндекс;564000;3;21;133;47;1;dns.yandex.ru
яндекс днс безопасный;578000;3;21;130;48;1;dns.yandex.ru
dns yandex адрес;679000;3;16;400;46;1;dns.yandex.ru
днс yandex;147000;2;10;462;47;1;dns.yandex.ru
яндекс dns в роутере что это;565000;6;28;110;46;1;dns.yandex.ru
dns ya ru;1000000;3;9;124;50;1;dns.yandex.ru
dns от яндекса;699000;3;14;248;47;1;dns.yandex.ru
яндекс dns адреса;847000;3;17;495;49;1;dns.yandex.ru
yandex днс;122000;2;10;472;47;1;dns.yandex.ru
яндекс dns что это такое в роутере;733000;7;34;58;50;1;dns.yandex.ru
ya ru dns;1000000;3;9;124;50;1;dns.yandex.ru
адрес dns yandex;697000;3;16;400;46;1;dns.yandex.ru
dns адреса яндекс;917000;3;17;518;49;1;dns.yandex.ru
днс адрес яндекса;818000;3;17;520;52;1;dns.yandex.ru
российские dns;1000000;2;14;503;45;1;dns.yandex.ru
яндекс dns семейный;948000;3;19;65;36;1;dns.yandex.ru
днс сервера яндекса ipv4;3000000;4;24;142;39;1;dns.yandex.ru
яндекс днс семейный;5000;3;19;95;42;1;dns.yandex.ru
имя хоста яндекс днс;99000;4;20;59;38;1;dns.yandex.ru
адрес dns яндекса;112000;3;17;518;40;1;dns.yandex.ru
dns серверы яндекса;821000;3;19;1887;36;1;dns.yandex.ru
dns адреса yandex;909000;3;17;400;43;1;dns.yandex.ru
dns яндекса адрес;813000;3;17;518;40;1;dns.yandex.ru
яндекс домашний интернет;2000000;3;24;518;43;1;dns.yandex.ru
dns адрес яндекса;1000000;3;17;518;40;1;dns.yandex.ru
домашний интернет яндекс;1000000;3;24;531;44;1;dns.yandex.ru
яндекс dns ip адрес;1000000;4;19;93;43;1;dns.yandex.ru
dns сервер яндекс ipv4;3000000;4;22;94;37;1;dns.yandex.ru
яндекс dns что это;723000;4;18;178;42;1;dns.yandex.ru
днс яндекс семейный;1000000;3;19;99;44;1;dns.yandex.ru
common dot dns yandex net;443000;5;25;91;36;1;dns.yandex.ru
яндекс браузер dns;83000;3;18;1091;26;1;dns.yandex.ru
яндекс днс родительский контроль;599000;4;32;34;28;1;dns.yandex.ru
российский dns;777000;2;14;503;29;1;dns.yandex.ru
яндекс lyc;753000;2;10;71;27;1;dns.yandex.ru
lyc яндекс;846000;2;10;78;28;1;dns.yandex.ru
днс серверы яндекса;585000;3;19;2732;26;1;dns.yandex.ru
yandex public dns;290000;3;17;66;35;1;dns.yandex.ru
адрес днс сервера яндекс;846000;4;24;144;29;1;dns.yandex.ru
yandex dns servers;300000;3;18;279;32;1;dns.yandex.ru
днс сервер яндекса ipv4;3000000;4;23;142;28;1;dns.yandex.ru
yandex dns сервера ip;486000;4;21;122;35;1;dns.yandex.ru
яндекс днс сервера ipv4;3000000;4;23;138;34;1;dns.yandex.ru
днс сервер яндекс адрес;336000;4;23;137;27;1;dns.yandex.ru
dns servers yandex;329000;3;18;279;32;1;dns.yandex.ru
public dns yandex;254000;3;17;66;35;1;dns.yandex.ru
днс яндекса ip;611000;3;14;190;26;1;dns.yandex.ru
сервер яндекса;538000;2;14;17657;22;1;dns.yandex.ru
днс сервера яндекса ipv4 адрес;1000000;5;30;25;23;1;dns.yandex.ru
dns от яндекс;657000;3;13;248;25;1;dns.yandex.ru
подключить dns;406000;2;14;4814;23;1;dns.yandex.ru
dns яндекса ip;636000;3;14;345;23;1;dns.yandex.ru
yandex dns семейный;502000;3;19;32;22;1;dns.yandex.ru
безопасный днс;196000;2;14;1076;26;1;dns.yandex.ru
яндекс ipv6;2000000;2;11;251;24;1;dns.yandex.ru
безопасный dns yandex;444000;3;21;102;25;1;dns.yandex.ru
яндекс днс детский;4000;3;18;44;23;1;dns.yandex.ru
dns подключить;391000;2;14;5011;26;1;dns.yandex.ru
прокси для яндекса;363000;3;18;2250;25;1;dns.yandex.ru
ip dns яндекса;650000;3;14;345;23;1;dns.yandex.ru
yandex pns;205000;2;10;128;25;1;dns.yandex.ru
яндекс dns детский;932000;3;18;35;26;1;dns.yandex.ru
dns сервера яндекс ipv4;3000000;4;23;94;22;1;dns.yandex.ru
yandex browser dns;444000;3;18;122;17;1;dns.yandex.ru
яндекс dns как настроить;645000;4;24;109;18;1;dns.yandex.ru
днс яндекс детский;5000;3;18;45;19;1;dns.yandex.ru
yandex dns address;3000;3;18;41;18;1;dns.yandex.ru
dns серверы yandex;391000;3;18;968;19;1;dns.yandex.ru
что такое яндекс днс;349000;4;20;51;17;1;dns.yandex.ru
прокси яндекса;412000;2;14;6715;21;1;dns.yandex.ru
что такое сервера яндекса;305000;4;25;235;19;1;dns.yandex.ru
ipv6 яндекс;2000000;2;11;242;20;1;dns.yandex.ru
yandex family dns;274000;3;17;41;19;1;dns.yandex.ru
адрес dns сервера яндекс;936000;4;24;77;21;1;dns.yandex.ru
днс яндекса какой;1000000;3;17;283;20;1;dns.yandex.ru
днс серверы яндекс;503000;3;18;2732;18;1;dns.yandex.ru
настройка dns яндекс;6000;3;20;451;20;1;dns.yandex.ru
dns yandex семейный;572000;3;19;32;22;1;dns.yandex.ru
адрес сервера яндекс;939000;3;20;704;17;1;dns.yandex.ru
семейный днс;860000;2;12;290;14;1;dns.yandex.ru
днс для браузера;164000;3;16;263;15;1;dns.yandex.ru
ipv6 yandex;2000000;2;11;271;16;1;dns.yandex.ru
dns server яндекс;639000;3;17;32;15;1;dns.yandex.ru
серверы яндекса;614000;2;15;17651;15;1;dns.yandex.ru
безопасные dns yandex;501000;3;21;102;14;1;dns.yandex.ru
днс сервис яндекс;2000000;3;17;40;17;1;dns.yandex.ru
детский днс;903000;2;11;3344;16;1;dns.yandex.ru
адреса днс серверов яндекса;771000;4;27;144;16;1;dns.yandex.ru
семейный dns;962000;2;12;203;15;1;dns.yandex.ru
днс от яндекс;407000;3;13;290;17;1;dns.yandex.ru
yandex dns управление;584000;3;21;38;16;1;dns.yandex.ru
yandex dot;122000;2;10;336;14;1;dns.yandex.ru
яндекс дн;461000;2;9;226;16;1;dns.yandex.ru
dns в яндекс браузере;643000;4;21;509;17;1;dns.yandex.ru
управление dns yandex;470000;3;21;36;14;1;dns.yandex.ru
dns хостинг яндекс;619000;3;18;28;11;1;dns.yandex.ru
yandex dns server ip;223000;4;20;16;12;1;dns.yandex.ru
что такое сервер яндекса;522000;4;24;235;13;1;dns.yandex.ru
яндекс dns безопасный;135000;3;21;227;12;1;dns.yandex.ru
яндекс лнс;49000;2;10;39;12;1;dns.yandex.ru
dns защита;478000;2;10;570;11;1;dns.yandex.ru
dns yandex ipv4;95000;3;15;18;14;1;dns.yandex.ru
dns server yandex ip;160000;4;20;16;12;1;dns.yandex.ru
dns яндекс какой;1000000;3;16;158;13;1;dns.yandex.ru
яндекс провайдер интернета;917000;3;26;159;12;1;dns.yandex.ru
dns яндекса какой;1000000;3;17;153;14;1;dns.yandex.ru
детский dns yandex;771000;3;18;14;13;1;dns.yandex.ru
yandex dns hosting;5000;3;18;52;11;1;dns.yandex.ru
днсы яндекса;464000;2;12;63;13;1;dns.yandex.ru
яндекс днс сервера ip;255000;4;21;27;14;1;dns.yandex.ru
детский dns;732000;2;11;458;11;1;dns.yandex.ru
яндекс днс сервер ip;317000;4;20;27;8;1;dns.yandex.ru
ns yandex;92000;2;9;279;9;1;dns.yandex.ru
интернет фильтр яндекс dns;830000;4;26;29;10;1;dns.yandex.ru
яндекс днс для роутера;368000;4;22;59;9;1;dns.yandex.ru
яндекс управление dns;235000;3;21;43;10;1;dns.yandex.ru
яндекс днс сервера для андроид;558000;5;30;22;8;1;dns.yandex.ru
домашний интернет от яндекса;1000000;4;28;38;10;1;dns.yandex.ru
https dns yandex ru;2000000;4;19;552;10;1;dns.yandex.ru
публичный dns yandex;419000;3;20;80;10;1;dns.yandex.ru
yandex сервер;240000;2;13;3749;10;1;dns.yandex.ru
публичный днс яндекса;489000;3;21;51;10;1;dns.yandex.ru
сервера yandex;242000;2;14;3528;10;1;dns.yandex.ru
адреса dns серверов yandex;671000;4;26;102;9;1;dns.yandex.ru
детский днс от яндекса;1000000;4;22;10;10;1;dns.yandex.ru
yandex desah;140000;2;12;116;10;1;dns.yandex.ru
яндекс днс для детей;1000000;4;20;10;8;1;dns.yandex.ru
yandex браузер dns;190000;3;18;51;2;1;dns.yandex.ru
dsn yandex;437000;2;10;36;5;1;dns.yandex.ru
имя хоста dns yandex;366000;4;20;13;7;1;dns.yandex.ru
dns yandex net;235000;3;14;310;4;1;dns.yandex.ru
прокси yandex;11000;2;13;605;6;1;dns.yandex.ru
днс яндекса с официального сайта;2000000;5;32;3;3;1;dns.yandex.ru
поиск dns;1000000;2;9;896;7;1;dns.yandex.ru
родительский контроль dns;433000;3;25;53;7;1;dns.yandex.ru
правила яндекс dns для устройств;3000000;5;32;7;7;1;dns.yandex.ru
dns поиск;1000000;2;9;936;6;1;dns.yandex.ru
dns yandex какой;971000;3;16;46;8;1;dns.yandex.ru
яндекс dns в роутере;586000;4;20;184;7;1;dns.yandex.ru
dns сервер яндекс адрес;200000;4;23;77;4;1;dns.yandex.ru
яндекс днс в браузере;510000;4;21;401;7;1;dns.yandex.ru
dns yan;204000;2;7;9;8;1;dns.yandex.ru
безопасные днс яндекса;644000;3;22;133;2;1;dns.yandex.ru
proxy yandex;135000;2;12;1405;66;2;dns.yandex.ru
яндекс днс базовый;380000;3;18;12;0;1;dns.yandex.ru
ip адреса dns серверов yandex;140000;5;29;76;1;1;dns.yandex.ru
yandex doh;146000;2;10;330;79;2;dns.yandex.ru
прокси сервер яндекса;559000;3;21;1763;0;1;dns.yandex.ru
сервера днс для андроид;298000;4;23;13400;73;2;dns.yandex.ru
защита днс;589000;2;10;335;2;1;dns.yandex.ru
dns от яндекса на андроид;403000;5;25;2;0;1;dns.yandex.ru
проверка яндекс днс;799000;3;19;3;1;1;dns.yandex.ru
днс yandex ru;216000;3;13;279;0;1;dns.yandex.ru
dns от yandex;265000;3;13;23;2;1;dns.yandex.ru
яндекс дна;2000000;2;10;808;2;1;dns.yandex.ru
doh yandex;88000;2;10;330;79;2;dns.yandex.ru
dns сервер яндекса ip;709000;4;21;29;1;1;dns.yandex.ru
публичные днс яндекса;593000;3;21;51;2;1;dns.yandex.ru
бесплатный dns;1000000;2;14;2355;65;2;dns.yandex.ru
российский dns сервер;698000;3;21;175;17;2;dns.yandex.ru
dns1 yandex net;3000000;3;15;61;20;2;dns.yandex.ru
российский днс сервер;801000;3;21;122;25;2;dns.yandex.ru
lyc yandex;372000;2;10;31;19;2;dns.yandex.ru
российский днс;1000000;2;14;568;24;2;dns.yandex.ru
какой dns у яндекса;639000;4;19;46;18;2;dns.yandex.ru
ddns яндекс;519000;2;11;40;30;2;dns.yandex.ru
безопасные dns;350000;2;14;2648;25;2;dns.yandex.ru
яндекс doh;848000;2;10;171;28;2;dns.yandex.ru
dns сервер для россии;1000000;4;21;1302;21;2;dns.yandex.ru
dns установить;494000;2;14;4047;33;2;dns.yandex.ru
яндекс ddns;566000;2;11;39;30;2;dns.yandex.ru
yandex lyc;636000;2;10;31;19;2;dns.yandex.ru
русский днс сервер;1000000;3;18;114;26;2;dns.yandex.ru
российские dns сервера;308000;3;22;175;59;2;dns.yandex.ru
dns для детей;560000;3;13;125;14;2;dns.yandex.ru
dns2 yandex net;3000000;3;15;10;2;2;dns.yandex.ru
бесплатный ddns сервер yandex;2000000;4;29;7;7;2;dns.yandex.ru
dns для интернета;682000;3;17;2388;9;2;dns.yandex.ru
днс для сети;622000;3;12;387;4;2;dns.yandex.ru
безопасные днс;140000;2;14;1076;8;2;dns.yandex.ru
dns сервер в россии;1000000;4;19;1587;2;2;dns.yandex.ru
dns сервер россия;1000000;3;17;2333;13;2;dns.yandex.ru
интернет фильтр яндекс dns нужен ли;645000;6;35;8;8;2;dns.yandex.ru
все серверы яндекса;324000;3;19;202;11;2;dns.yandex.ru
защищенный dns;1000000;2;14;1012;7;2;dns.yandex.ru
безопасный яндекс;441000;2;17;12196;14;2;dns.yandex.ru
русский днс;7000;2;11;1090;13;2;dns.yandex.ru
яндекс днс хостинг;422000;3;18;6;3;2;dns.yandex.ru
dns браузер;337000;2;11;2582;10;2;dns.yandex.ru
yandex dns хостинг;315000;3;18;26;14;2;dns.yandex.ru
днс сервер;165000;2;10;285400;10249;3;dns.yandex.ru
безопасные днс сервера;319000;3;22;511;34;3;dns.yandex.ru
бесплатные dns;1000000;2;14;2355;44;3;dns.yandex.ru
бесплатный днс;1000000;2;14;6373;50;3;dns.yandex.ru
dns бесплатные;243000;2;14;2355;44;3;dns.yandex.ru
dns быстрый;1000000;2;11;1861;46;3;dns.yandex.ru
публичный dns;303000;2;13;1869;39;3;dns.yandex.ru
lyc cthdthf;9000;2;11;687;147;3;dns.yandex.ru
какой днс у яндекса;450000;4;19;101;49;3;dns.yandex.ru
dns для роутера;169000;3;15;2093;69;3;dns.yandex.ru
днс для роутера;598000;3;15;3185;45;3;dns.yandex.ru
днс серверы;934000;2;11;285400;346;3;dns.yandex.ru
dns публичные;276000;2;13;1904;116;3;dns.yandex.ru
адрес яндекса в интернете;1000000;4;25;328;42;3;dns.yandex.ru
dns бесплатный;2000000;2;14;2355;65;3;dns.yandex.ru
днс сервера;155000;2;11;285400;3770;3;dns.yandex.ru
установить dns;587000;2;14;4026;33;3;dns.yandex.ru
российские dns адреса;2000000;3;21;35;0;3;dns.yandex.ru
dns internet;38000;2;12;1346;9;3;dns.yandex.ru
русские dns сервера;1000000;3;19;48;13;3;dns.yandex.ru
русские днс;2000000;2;11;1090;7;3;dns.yandex.ru
русские днс сервера;1000000;3;19;114;12;3;dns.yandex.ru
безопасный dns для детей;1000000;4;24;7;1;3;dns.yandex.ru
адреса днс серверов для андроид;753000;5;31;136;24;3;dns.yandex.ru
dns для компьютера;400000;3;18;2040;13;3;dns.yandex.ru
бесплатные днс;1000000;2;14;6373;20;3;dns.yandex.ru
yandex server;247000;2;13;1485;9;3;dns.yandex.ru
российские днс сервера;865000;3;22;122;25;3;dns.yandex.ru
российские днс;890000;2;14;568;22;3;dns.yandex.ru
net yandex ru;1000000;3;13;9534;2;3;dns.yandex.ru
yandex cloud dns;314000;3;16;116;19;3;dns.yandex.ru
безопасный днс сервер;324000;3;21;511;25;3;dns.yandex.ru
сервера днс;169000;2;11;275187;3665;4;dns.yandex.ru
публичный днс;119000;2;13;1185;24;4;dns.yandex.ru
yandex ip адрес;78000;3;15;735;27;4;dns.yandex.ru
dns сервера россии;1000000;3;18;2333;36;4;dns.yandex.ru
яндекс айпи адрес;973000;3;17;371;27;4;dns.yandex.ru
dns сервер бесплатно;2000000;3;20;603;28;4;dns.yandex.ru
яндекс провайдер;7000;2;16;726;25;4;dns.yandex.ru
публичные dns;345000;2;13;1869;111;4;dns.yandex.ru
публичные днс;126000;2;13;1185;32;4;dns.yandex.ru
dns http;238000;2;8;2646;70;4;dns.yandex.ru
dns сервера для россии;1000000;4;22;1302;28;4;dns.yandex.ru
яндекс ip адрес;1000000;3;15;1536;150;4;dns.yandex.ru
днс сервер для;3000000;3;14;130135;76;4;dns.yandex.ru
днс адреса для интернета;1000000;4;24;70;26;4;dns.yandex.ru
днс блокировка рекламы;1000000;3;22;1037;61;4;dns.yandex.ru
серверы dns;298000;2;11;128654;513;4;dns.yandex.ru
днс с блокировкой рекламы;1000000;4;25;92;23;4;dns.yandex.ru
серверы днс;684000;2;11;275187;329;5;dns.yandex.ru
днс сервер на;3000000;3;13;88883;6;4;dns.yandex.ru
поиск днс;1000000;2;9;590;13;4;dns.yandex.ru
flhtcf lyc;74000;2;10;39;6;4;dns.yandex.ru
dns сервера для интернета;710000;4;25;1326;9;4;dns.yandex.ru
lyc сервер;654000;2;10;41;1;4;dns.yandex.ru
dns сервер для интернета;788000;4;24;1326;19;4;dns.yandex.ru
dns сервер для;2000000;3;14;35240;12;4;dns.yandex.ru
днс семья;222000;2;9;623;16;4;dns.yandex.ru
lyc flhtcf;308000;2;10;39;6;4;dns.yandex.ru
dns серверы россии;1000000;3;18;2333;20;4;dns.yandex.ru
dns сервера для пк;23000;4;18;475;17;4;dns.yandex.ru
dns z;917000;2;5;405;2;4;dns.yandex.ru
днс для быстрого интернета;992000;4;26;286;15;4;dns.yandex.ru
днс для ускорения интернета;499000;4;27;213;22;4;dns.yandex.ru
ip яндекс;450000;2;9;4537;243;5;dns.yandex.ru
провайдер днс;698000;2;13;2434;27;5;dns.yandex.ru
яндекс дс;419000;2;9;863;36;5;dns.yandex.ru
dns серверов;249000;2;12;134486;49;5;dns.yandex.ru
днс сервер для интернета;770000;4;24;1528;36;5;dns.yandex.ru
yandex ru search text днс clid 2411726;2000000;7;38;184;39;5;dns.yandex.ru
айпи адрес яндекс;936000;3;17;384;30;5;dns.yandex.ru
днс сервера для интернета;804000;4;25;1528;154;5;dns.yandex.ru
быстрый dns;27000;2;11;1861;46;5;dns.yandex.ru
режим днс;318000;2;9;55212;83;5;dns.yandex.ru
адреса dns серверов для андроид;90000;5;31;66;37;5;dns.yandex.ru
днс сервер для пк;514000;4;17;2842;159;5;dns.yandex.ru
днс для блокировки рекламы;1000000;4;26;687;111;5;dns.yandex.ru
ddns yandex;404000;2;11;50;33;5;dns.yandex.ru
блокировка рекламы днс;995000;3;22;1036;73;5;dns.yandex.ru
адрес сервера днс;500000;3;17;3176;234;5;dns.yandex.ru
ip адрес yandex;500000;3;15;735;27;5;dns.yandex.ru
dns сервера;240000;2;11;134485;3135;6;dns.yandex.ru
dns сервер россии;1000000;3;17;2333;7;5;dns.yandex.ru
днс поиск;1000000;2;9;598;13;5;dns.yandex.ru
айпи для днс сервера;166000;4;20;220;6;5;dns.yandex.ru
dns сервера бесплатно;2000000;3;21;603;8;5;dns.yandex.ru
как подключить дн;118000;3;17;38;1;5;dns.yandex.ru
яндекс дно;1000000;2;10;808;19;5;dns.yandex.ru
днс сервер интернет;719000;3;19;3832;9;5;dns.yandex.ru
dns ссылка;621000;2;10;577;16;5;dns.yandex.ru
dns 3;3000000;2;5;7002;7;5;dns.yandex.ru
днс сервер для россии;1000000;4;21;2321;21;5;dns.yandex.ru
безопасные dns серверы;457000;3;22;904;16;5;dns.yandex.ru
надежный dns;357000;2;12;199;2;5;dns.yandex.ru
dns сервера россия;1000000;3;18;2333;16;5;dns.yandex.ru
dns для россии;1000000;3;14;3201;23;5;dns.yandex.ru
адрес яндекса ip;35000;3;16;1580;219;6;dns.yandex.ru
рабочие dns;1000000;2;11;1456;18;6;dns.yandex.ru
быстрые днс;1000000;2;11;3071;22;6;dns.yandex.ru
dns сервер для пк;584000;4;17;475;27;6;dns.yandex.ru
днс сервер бесплатно;1000000;3;20;1115;22;6;dns.yandex.ru
dns сервера в россии;2000000;4;20;1587;24;6;dns.yandex.ru
днс сервера для россии;1000000;4;22;2321;18;6;dns.yandex.ru
yandex ddns;73000;2;11;50;33;6;dns.yandex.ru
провайдер яндекс;350000;2;16;735;25;6;dns.yandex.ru
dns сервер адрес;693000;3;16;5683;28;6;dns.yandex.ru
днс для интернета;942000;3;17;4424;23;6;dns.yandex.ru
быстрые dns;630000;2;11;1861;34;6;dns.yandex.ru
рабочий днс;863000;2;11;3612;30;6;dns.yandex.ru
яндекс ip адреса;33000;3;16;1536;19;6;dns.yandex.ru
безопасные dns сервера;456000;3;22;904;27;6;dns.yandex.ru
днс сервера для пк;484000;4;18;2982;91;6;dns.yandex.ru
днс сервер ipv4;2000000;3;15;445;17;6;dns.yandex.ru
dns сервер бесплатный;2000000;3;21;603;27;7;dns.yandex.ru
lyc cthdth;7000;2;10;1370;91;7;dns.yandex.ru
бесплатные днс сервера;1000000;3;22;1139;115;7;dns.yandex.ru
бесплатный днс сервер;1000000;3;21;1139;77;7;dns.yandex.ru
айпи яндекс;590000;2;11;1155;103;7;dns.yandex.ru
ip address yandex;797000;3;17;131;50;7;dns.yandex.ru
днс сервера бесплатно;1000000;3;21;1115;4;6;dns.yandex.ru
днс сервера бесплатные;1000000;3;22;1115;110;7;dns.yandex.ru
yandex public;51000;2;13;1739;0;6;dns.yandex.ru
яндекс айпи;426000;2;11;1127;99;7;dns.yandex.ru
блокировка порно яндекс;623000;3;23;102;11;6;dns.yandex.ru
dns server address;471000;3;18;499;1;6;dns.yandex.ru
ipv4 dns;3000000;2;8;3007;53;7;dns.yandex.ru
yandex ip;241000;2;9;3108;314;7;dns.yandex.ru
открытые dns;782000;2;12;1316;15;6;dns.yandex.ru
днс сервер россии;1000000;3;17;3858;24;7;dns.yandex.ru
ip адрес яндекс;927000;3;15;1580;162;8;dns.yandex.ru
lyc cthdths;5000;2;11;42;5;7;dns.yandex.ru
хост яндекса;324000;2;12;781;14;7;dns.yandex.ru
dns айпи;42000;2;8;297;3;7;dns.yandex.ru
dns сервер для ipv4;350000;4;19;106;8;7;dns.yandex.ru
днс от рекламы;1000000;3;14;1013;265;8;dns.yandex.ru
быстрый dns для россии;2000000;4;22;59;22;7;dns.yandex.ru
бесплатные днс сервера для андроид;1000000;5;34;117;11;7;dns.yandex.ru
ip адреса яндекс;845000;3;16;1580;17;7;dns.yandex.ru
бесплатные dns сервера для андроид;2000000;5;34;28;7;7;dns.yandex.ru
профиль dns;8000;2;11;718;23;7;dns.yandex.ru
днс сервера россии;1000000;3;18;3858;22;7;dns.yandex.ru
yandex by internet;360000;3;18;147;0;7;dns.yandex.ru
какой адрес у яндекса;222000;4;21;197;17;7;dns.yandex.ru
dns россии;1000000;2;10;6195;24;7;dns.yandex.ru
днс сервера для андроид;157000;4;23;14945;98;8;dns.yandex.ru
днс сервер адреса;440000;3;17;3104;8;8;dns.yandex.ru
какой у яндекса адрес;1000000;4;21;197;17;8;dns.yandex.ru
днс сервер адрес;692000;3;16;3104;42;8;dns.yandex.ru
днс блокировщик рекламы;862000;3;23;79;17;8;dns.yandex.ru
блокировка рекламы днс сервер;1000000;4;29;482;30;8;dns.yandex.ru
ip адреса yandex;3000;3;16;735;13;8;dns.yandex.ru
dns для блокировки рекламы;1000000;4;26;458;70;8;dns.yandex.ru
dns address;862000;2;11;4902;36;8;dns.yandex.ru
yandex ip address;634000;3;17;131;50;8;dns.yandex.ru
днс сервер россия;1000000;3;17;3858;26;8;dns.yandex.ru
быстрый днс сервер;642000;3;18;1717;72;8;dns.yandex.ru
yandex proxy;147000;2;12;1405;66;8;dns.yandex.ru
днс для улучшения интернета;285000;4;27;100;13;8;dns.yandex.ru
yandex ru ip адрес;1000000;4;18;398;42;8;dns.yandex.ru
днс сервер бесплатный;1000000;3;21;1115;76;8;dns.yandex.ru
dns server russia;2000000;3;17;57;6;8;dns.yandex.ru
dns сервера для блокировки рекламы;1000000;5;34;189;14;9;dns.yandex.ru
ip адреса яндекса;978000;3;17;1580;38;9;dns.yandex.ru
айпи адрес яндекса;1000000;3;18;384;83;9;dns.yandex.ru
быстрые днс сервера россии;2000000;4;26;302;34;9;dns.yandex.ru
secure dns;186000;2;10;664;62;9;dns.yandex.ru
адреса днс сервера;700000;3;18;3176;20;9;dns.yandex.ru
dns для ноутбука;608000;3;16;3236;2;8;dns.yandex.ru
бесплатные dns сервера;1000000;3;22;603;81;9;dns.yandex.ru
днс серверы россии;6000;3;18;3858;1;8;dns.yandex.ru
ip адрес yandex ru;2000000;4;18;398;42;9;dns.yandex.ru
nds сервер;195000;2;10;24;6;8;dns.yandex.ru
как получить днс;778000;3;16;3865;1;8;dns.yandex.ru
днс серверы для андроид;280000;4;23;14142;22;9;dns.yandex.ru
днс адреса серверов;506000;3;19;3104;172;9;dns.yandex.ru
яндекс хост;212000;2;11;781;6;8;dns.yandex.ru
ссылка днс сервера;722000;3;18;697;13;9;dns.yandex.ru
использовать безопасный dns сервер;969000;4;34;552;48;10;dns.yandex.ru
dns блокировка рекламы;1000000;3;22;999;73;10;dns.yandex.ru
dns сервера в крыму;346000;4;19;27;0;9;dns.yandex.ru
блокировка рекламы dns;971000;3;22;999;73;10;dns.yandex.ru
днс сервер для андроид;341000;4;22;14945;201;10;dns.yandex.ru
dns ipv4;2000000;2;8;3007;53;10;dns.yandex.ru
dns блокировки рекламы;1000000;3;22;999;8;9;dns.yandex.ru
ip yandex;221000;2;9;3108;314;10;dns.yandex.ru
днс сервер ip;226000;3;13;442;2;9;dns.yandex.ru
айпи яндекса;516000;2;12;1155;83;10;dns.yandex.ru
dns для быстрого интернета;1000000;4;26;109;10;9;dns.yandex.ru
днс сервер быстрый интернет;984000;4;27;228;7;9;dns.yandex.ru
провайдер dns;831000;2;13;4906;54;10;dns.yandex.ru
какой адрес у яндекса в интернете;1000000;6;33;3;2;9;dns.yandex.ru
днс сервера для быстрого интернета;859000;5;34;191;11;9;dns.yandex.ru
днс быстрый;1000000;2;11;3050;43;10;dns.yandex.ru
днс сервер блокировка рекламы;1000000;4;29;464;31;10;dns.yandex.ru
dns сервер ipv4;2000000;3;15;1488;27;10;dns.yandex.ru
персональный днс;805000;2;16;1761;26;10;dns.yandex.ru
днс сервера впн;177000;3;15;3214;26;10;dns.yandex.ru
список днс серверов для андроид;42000;5;31;70;24;10;dns.yandex.ru
dns over https yandex browser;1000000;5;29;23;14;10;dns.yandex.ru
общедоступные днс сервера;157000;3;25;31;10;10;dns.yandex.ru
в настройках вашей сети запрещен показ страниц с подобных ресурсов;2000000;10;66;14;8;10;dns.yandex.ru
dns server для андроид;389000;4;22;49;6;10;dns.yandex.ru
адрес днс серверов;646000;3;18;3176;5;10;dns.yandex.ru
днс адреса для андроид;84000;4;22;253;3;10;dns.yandex.ru
ip yandex для пинга;249000;4;19;99;86;11;dns.yandex.ru
