"﻿""Ключевое слово""";Результатов в Яндексе;Слов;Символов;Частотность Весь мир;"""!Частотность !Весь !мир""";Позиция в выдаче Яндекса;help.yandex.ru
помощь рядом яндекс;2000000;3;19;946;233;1;help.yandex.ru
яндекс помоги;1000000;2;13;9831;28;1;help.yandex.ru
help yandex ru;1000000;3;14;974;33;1;help.yandex.ru
хелп яндекс;650000;2;11;525;51;1;help.yandex.ru
яндекс округление;583000;2;17;311;31;1;help.yandex.ru
сделать пожертвование;371000;2;21;2837;45;1;help.yandex.ru
нко помощь рядом;2000000;3;16;116;28;1;help.yandex.ru
yandex help;186000;2;11;1410;86;1;help.yandex.ru
помощь рядом яндекс что это;2000000;5;27;87;50;1;help.yandex.ru
яндекс благотворительность;784000;2;26;385;58;1;help.yandex.ru
яндекс рядом;784000;2;12;16214;43;1;help.yandex.ru
help yandex;167000;2;11;1410;86;1;help.yandex.ru
благотворительность яндекс;657000;2;26;406;65;1;help.yandex.ru
хелп яндекс ру;4000;3;14;40;31;1;help.yandex.ru
яндекс хелп;638000;2;11;528;51;1;help.yandex.ru
яндекс помощь рядом;2000000;3;19;899;213;1;help.yandex.ru
помощь рядом нко;2000000;3;16;116;28;1;help.yandex.ru
яндекс грант;631000;2;12;2336;14;1;help.yandex.ru
яндекс гранты;465000;2;13;2328;17;1;help.yandex.ru
помочь людям;834000;2;12;439070;20;1;help.yandex.ru
как отключить округление в яндекс такси;490000;6;39;18;17;1;help.yandex.ru
апрель месяц информирования об аутизме;1000000;5;38;26;18;1;help.yandex.ru
яндекс analytics;412000;2;16;528;15;1;help.yandex.ru
яндекс москва коронавирус;1000000;3;25;106;21;1;help.yandex.ru
яндекс хелп что это;687000;4;19;47;19;1;help.yandex.ru
яндекс коронавирус москва;1000000;3;25;106;21;1;help.yandex.ru
фонд помощь рядом;2000000;3;17;284;18;1;help.yandex.ru
яндекс help;522000;2;11;319;24;1;help.yandex.ru
проект помощь рядом;2000000;3;19;233;21;1;help.yandex.ru
верба центр;989000;2;11;1956;17;1;help.yandex.ru
сайт помощи;2000000;2;11;70848;20;1;help.yandex.ru
округление яндекс;573000;2;17;289;25;1;help.yandex.ru
яндекс гранты для нко;710000;4;21;29;14;1;help.yandex.ru
пожертвования онлайн;1000000;2;20;404;6;1;help.yandex.ru
реклама гранты;1000000;2;14;2794;8;1;help.yandex.ru
яндекс нко;813000;2;10;351;9;1;help.yandex.ru
кто сможет помочь;999000;3;17;2849;8;1;help.yandex.ru
помощь рядом приложение;2000000;3;23;252;8;1;help.yandex.ru
проект помощь рядом яндекс;2000000;4;26;73;7;1;help.yandex.ru
информация о аутизме;1000000;3;20;6998;11;1;help.yandex.ru
поддержка рядом;745000;2;15;6453;8;1;help.yandex.ru
создать счетчик метрики;580000;3;23;405;11;1;help.yandex.ru
приложение помощь рядом;2000000;3;23;252;8;1;help.yandex.ru
яндекс для нко;786000;3;14;100;12;1;help.yandex.ru
яндекс благотворительный фонд;1000000;3;29;175;11;1;help.yandex.ru
https help yandex ru;2000000;4;20;486;7;1;help.yandex.ru
яндекс добро;789000;2;12;17402;9;1;help.yandex.ru
helpy яндекс;499000;2;12;17;12;1;help.yandex.ru
статистика аутизма в мире по данным воз;2000000;7;39;12;6;1;help.yandex.ru
поиск помощи;2000000;2;12;46393;1;1;help.yandex.ru
социальные проекты яндекса;1000000;3;26;94;2;1;help.yandex.ru
сервисы для нко;1000000;3;15;227;3;1;help.yandex.ru
яндекс ковид;615000;2;12;234;1;1;help.yandex.ru
яндекс аналитика это;2000000;3;20;169;3;1;help.yandex.ru
сайт который поможет;696000;3;20;4101;1;1;help.yandex.ru
яндекс пожертвования;444000;2;20;72;5;1;help.yandex.ru
неделя добра что можно сделать;2000000;5;30;161;3;1;help.yandex.ru
сделать пожертвование онлайн;2000000;3;28;45;5;1;help.yandex.ru
онлайн пожертвование;1000000;2;20;404;3;1;help.yandex.ru
что такое яндекс help;566000;4;21;18;5;1;help.yandex.ru
metrika tag js;314000;3;14;199;5;1;help.yandex.ru
covid 19 yandex;1000000;3;15;14;1;1;help.yandex.ru
яндекс гранд;500000;2;12;1411;4;1;help.yandex.ru
помощь рядом такси для инвалидов;2000000;5;32;13;5;1;help.yandex.ru
yandex charity;57000;2;14;11;1;1;help.yandex.ru
помощь рядом яндекс такси;2000000;4;25;172;44;2;help.yandex.ru
яндекс справка яндекс директ;704000;4;28;827;163;2;help.yandex.ru
помощь рядом;2000000;2;12;52522;1068;2;help.yandex.ru
директ справка;389000;2;14;1569;160;2;help.yandex.ru
помощь яндекс;2000000;2;13;25016;533;2;help.yandex.ru
яркая жизнь;1000000;2;11;45434;61;2;help.yandex.ru
яндекс коронавирус спб;1000000;3;22;3;0;1;help.yandex.ru
яндекс помощь;2000000;2;13;24997;554;2;help.yandex.ru
яндекс коронавирусом;615000;2;20;436;0;1;help.yandex.ru
яндекс справка директ;679000;3;21;900;367;2;help.yandex.ru
яндекс ковид19;849000;2;14;2;0;1;help.yandex.ru
создать пожертвование;457000;2;21;1195;0;1;help.yandex.ru
справка директ;596000;2;14;1398;141;2;help.yandex.ru
яндекс ковид 19;2000000;3;15;15;0;1;help.yandex.ru
yandex ковид;143000;2;12;5;0;1;help.yandex.ru
яндекс такси помощь рядом;2000000;4;25;164;42;2;help.yandex.ru
апрель аутизм;836000;2;13;14588;21;2;help.yandex.ru
аутизм апрель;522000;2;13;14588;21;2;help.yandex.ru
сайт помощь рядом;3000000;3;17;127;27;2;help.yandex.ru
яндекс тест на коронавирус;817000;4;26;24;21;2;help.yandex.ru
аистенок благотворительный фонд;836000;3;31;111;24;2;help.yandex.ru
аутизм это не болезнь а особенность;263000;6;35;38;21;2;help.yandex.ru
яндекс метрика поддержка;1000000;3;24;97;34;2;help.yandex.ru
яндекс спасибо тебе;6000;3;19;260;26;2;help.yandex.ru
помощь рядом сайт;3000000;3;17;124;28;2;help.yandex.ru
помощь сиротам;2000000;2;14;5686;23;2;help.yandex.ru
фонд синяя птица;1000000;3;16;231;40;2;help.yandex.ru
поддержка яндекс метрика;813000;3;24;97;31;2;help.yandex.ru
акция щедрый вторник;245000;3;20;37;21;2;help.yandex.ru
справка метрика;788000;2;15;234;27;2;help.yandex.ru
яндекс метрика отчеты;730000;3;21;848;40;2;help.yandex.ru
спасибо яндекс за помощь;449000;4;24;89;20;2;help.yandex.ru
сделать пожертвования;450000;2;21;2837;9;2;help.yandex.ru
метрика поддержка;1000000;2;17;359;13;2;help.yandex.ru
сайт помощь;92000;2;11;70829;16;2;help.yandex.ru
дети мск ру;2000000;3;11;109;12;2;help.yandex.ru
яндекс в помощь;2000000;3;15;6777;13;2;help.yandex.ru
апрель месяц аутизма;2000000;3;20;69;10;2;help.yandex.ru
коронавирус сегодня яндекс;4000000;3;26;120;18;2;help.yandex.ru
щедрый вторник акция;1000000;3;20;26;15;2;help.yandex.ru
техподдержка яндекс метрика;260000;3;27;30;16;2;help.yandex.ru
помощь детям яндекс такси;1000000;4;25;60;13;2;help.yandex.ru
помочь животным;749000;2;15;45252;19;2;help.yandex.ru
яндекс метрика техподдержка;687000;3;27;32;18;2;help.yandex.ru
яндекс хелп что это такое;1000000;5;25;15;12;2;help.yandex.ru
сайт метрика;2000000;2;12;17113;16;2;help.yandex.ru
https mc yandex ru metrika tag js;1000000;7;33;155;19;2;help.yandex.ru
поддержка яндекс метрики;852000;3;24;97;9;2;help.yandex.ru
сбор средств для животных;2000000;4;25;182;5;2;help.yandex.ru
yandex помощь;2000000;2;13;3007;6;2;help.yandex.ru
помощь нко;2000000;2;10;3249;7;2;help.yandex.ru
справка яндекс директа;510000;3;22;917;5;2;help.yandex.ru
месяц аутизма апрель;2000000;3;20;43;6;2;help.yandex.ru
яндекс коронавирус россия;2000000;3;25;19;5;2;help.yandex.ru
карта ссылок;1000000;2;12;27784;8;2;help.yandex.ru
поможем животным вместе;2000000;3;23;413;7;2;help.yandex.ru
яндекс такси помощь рядом что это;3000000;6;33;7;7;2;help.yandex.ru
выход есть фонд;3000000;3;15;249;6;2;help.yandex.ru
яндекс такси для инвалидов бесплатно как воспользоваться;2000000;7;56;8;8;2;help.yandex.ru
помощь яндекса;1000000;2;14;25016;7;2;help.yandex.ru
кому можно помочь;54000;3;17;3988;5;2;help.yandex.ru
помощь детям яндекс такси как воспользоваться;3000000;6;45;7;7;2;help.yandex.ru
где найти помощь в трудной жизненной ситуации;501000;7;45;13;9;2;help.yandex.ru
коронавирус яндекс;576000;2;18;433;4;2;help.yandex.ru
http help yandex ru search;2000000;5;26;1;0;2;help.yandex.ru
поддержка метрики;905000;2;17;333;1;2;help.yandex.ru
помощь рядом онлайн чат;2000000;4;23;4;2;2;help.yandex.ru
яндекс коронавируса;821000;2;19;436;1;2;help.yandex.ru
апрель всемирный месяц информирования об аутизме;2000000;6;48;1;1;2;help.yandex.ru
яндекс ковил;753000;2;12;8;0;2;help.yandex.ru
портал помощи;1000000;2;13;6946;4;2;help.yandex.ru
яндекс кор;363000;2;10;1420;2;2;help.yandex.ru
нко мы вместе;1000000;3;13;32;4;2;help.yandex.ru
yandex charity что это;136000;4;22;1;1;2;help.yandex.ru
яндекс коронавирус;602000;2;18;436;4;2;help.yandex.ru
yandex коронавирус;180000;2;18;48;4;2;help.yandex.ru
яндекс такси для детей инвалидов бесплатно;2000000;6;42;5;0;2;help.yandex.ru
сайт для помощи;3000000;3;15;6944;3;2;help.yandex.ru
фонд аистенок;835000;2;13;131;4;2;help.yandex.ru
яндекс коронавирус в россии;2000000;4;27;1;0;2;help.yandex.ru
фонд искорка челябинск;526000;3;22;184;84;3;help.yandex.ru
яндекс директ справка;703000;3;21;900;367;3;help.yandex.ru
целевой звонок метрика;388000;3;22;23;0;2;help.yandex.ru
яндекс метрика что это такое и как работает;1000000;8;43;263;249;3;help.yandex.ru
помощь рядом рф;2000000;3;15;667;410;3;help.yandex.ru
фонд искорка;949000;2;12;600;92;3;help.yandex.ru
яндекс животные бесплатно;1000000;3;25;191;0;2;help.yandex.ru
энби;7000;1;4;9352;458;3;help.yandex.ru
яндекс помощ;2000000;2;12;31;0;2;help.yandex.ru
справка яндекс директ;797000;3;21;917;386;3;help.yandex.ru
сбор помощи для животных;3000000;4;24;211;0;2;help.yandex.ru
вместе яндекс ру;2000000;3;16;11;0;2;help.yandex.ru
соломон благотворительный фонд;1000000;3;30;176;100;3;help.yandex.ru
яндекс коронавирус в москве;786000;4;27;31;0;2;help.yandex.ru
пожертвовать онлайн;1000000;2;19;76;0;2;help.yandex.ru
помощьрядом рф;2000000;2;14;104;75;3;help.yandex.ru
яндекс счетчик посещений сайта;2000000;4;30;201;21;3;help.yandex.ru
спасибо тебе яндекс;358000;3;19;271;26;3;help.yandex.ru
благотворительный фонд чистое сердце;1000000;4;36;191;39;3;help.yandex.ru
яндекс статистика сайта метрика;2000000;4;31;216;23;3;help.yandex.ru
обыкновенное чудо фонд;837000;3;22;117;30;3;help.yandex.ru
дай лапу фонд;2000000;3;13;77;21;3;help.yandex.ru
яндекс метрика как работает;2000000;4;27;502;52;3;help.yandex.ru
щедрый вторник;860000;2;14;192;36;3;help.yandex.ru
благотворительность животным;912000;2;28;714;42;3;help.yandex.ru
источник надежды;1000000;2;16;4359;29;3;help.yandex.ru
кризисный центр верба;1000000;3;21;218;58;3;help.yandex.ru
академия жизни;931000;2;14;4242;51;3;help.yandex.ru
чистое сердце благотворительный фонд махачкала;703000;5;46;51;22;3;help.yandex.ru
открытая среда;657000;2;14;22871;40;3;help.yandex.ru
верба кризисный центр;1000000;3;21;218;58;3;help.yandex.ru
благотворительность для животных;1000000;3;32;257;19;3;help.yandex.ru
центр верба;813000;2;11;1768;12;3;help.yandex.ru
внимание забота;602000;2;15;11659;14;3;help.yandex.ru
рука помощи бездомным животным благотворительный фонд;2000000;6;53;28;15;3;help.yandex.ru
справка яндекса;648000;2;15;14261;13;3;help.yandex.ru
метр ка;477000;2;7;5342;14;3;help.yandex.ru
благотворительность помощь;1000000;2;26;3511;12;3;help.yandex.ru
самю;7000;1;4;421;18;3;help.yandex.ru
http metrika yandex ru;647000;4;22;26;14;3;help.yandex.ru
помогать животным;789000;2;17;45248;16;3;help.yandex.ru
яндекс москва коронавирус сегодня;4000000;4;33;65;14;3;help.yandex.ru
реклама яндекс практикум;1000000;3;24;162;18;3;help.yandex.ru
рас это определение;126000;3;19;596;17;3;help.yandex.ru
яндекс директ метрики;466000;3;21;1611;13;3;help.yandex.ru
нко коллективный иммунитет;464000;3;26;17;15;3;help.yandex.ru
благотворительность онлайн;2000000;2;26;169;18;3;help.yandex.ru
яндекс метрика справочник;469000;3;25;23;11;3;help.yandex.ru
яндекс директ справочник;630000;3;24;21;7;3;help.yandex.ru
электронная помощь;2000000;2;18;50454;8;3;help.yandex.ru
яндекс метрика создать;894000;3;22;971;10;3;help.yandex.ru
яндекс директ не определено в метрике что это;573000;8;45;8;8;3;help.yandex.ru
социальная реклама яндекс;2000000;3;25;205;8;3;help.yandex.ru
яндекс метрики вход;1000000;3;19;1141;7;3;help.yandex.ru
спасибо яндекс ты лучший;2000000;4;24;50;11;3;help.yandex.ru
как подать на грант;248000;4;19;929;10;3;help.yandex.ru
солнечный круг благотворительный фонд;1000000;4;37;55;10;3;help.yandex.ru
проект помощь рядом яндекс такси;3000000;5;32;9;8;3;help.yandex.ru
месяц информирования об аутизме;260000;4;31;47;11;3;help.yandex.ru
сайт помощь людям;3000000;3;17;1837;10;3;help.yandex.ru
отчеты в яндекс метрике;512000;4;23;450;8;3;help.yandex.ru
пора помогать;853000;2;13;7638;10;3;help.yandex.ru
как сделать пожертвование;717000;3;25;1353;11;3;help.yandex.ru
яндекс директ база знаний;1000000;4;25;17;6;3;help.yandex.ru
ищу помощь;1000000;2;10;14832;3;3;help.yandex.ru
позитивный дом;1000000;2;14;1348;4;3;help.yandex.ru
чу центр социально трудовой адаптации инвалидов мастер ок;1000000;8;57;5;4;3;help.yandex.ru
сбор средств через интернет;834000;4;27;57;3;3;help.yandex.ru
благотворительная помощь животным;2000000;3;33;1627;4;3;help.yandex.ru
сбор денег для животных;1000000;4;23;62;3;3;help.yandex.ru
аистенок фонд;1000000;2;13;132;5;3;help.yandex.ru
metrika yandex r;849000;3;16;154;4;3;help.yandex.ru
звездный дождь фонд;1000000;3;19;11;5;3;help.yandex.ru
https help;946000;2;10;29618;4;3;help.yandex.ru
сма сибирь фонд;394000;3;15;10;6;3;help.yandex.ru
яндекс реклама справка;1000000;3;22;725;5;3;help.yandex.ru
осведомленность об аутизме;28000;3;26;49;3;3;help.yandex.ru
я директ справка;1000000;3;16;12;4;3;help.yandex.ru
вместе ради жизни фонд;2000000;4;22;10;6;3;help.yandex.ru
чистое сердце благотворительный;397000;3;31;240;3;3;help.yandex.ru
metrika yandex u;430000;3;16;2844;2830;4;help.yandex.ru
яндекс метрика сайта онлайн;3000000;4;27;24;0;3;help.yandex.ru
предложения для нко;1000000;3;19;70;0;3;help.yandex.ru
яндекс метрика э;436000;3;16;21;0;3;help.yandex.ru
нф помощь;2000000;2;9;238;0;3;help.yandex.ru
метрика яндекс;633000;2;14;142190;85529;4;help.yandex.ru
яндекс метрика служба поддержки;1000000;4;31;7;2;3;help.yandex.ru
сбор продуктов;472000;2;14;5776;0;3;help.yandex.ru
яндекс коронавирус новости;2000000;3;26;1;1;3;help.yandex.ru
благотворительные сайты для животных;2000000;4;36;22;0;3;help.yandex.ru
помогает животным;814000;2;17;45248;2;3;help.yandex.ru
помощь хоспису;2000000;2;14;4177;2;3;help.yandex.ru
счетчик посетителей сайта яндекс;2000000;4;32;28;0;3;help.yandex.ru
https яндекс метрика;1000000;3;20;112;1;3;help.yandex.ru
фонд апельсин;1000000;2;13;26;2;3;help.yandex.ru
справка яндекс;632000;2;14;14261;1683;4;help.yandex.ru
гуманитарный проект;1000000;2;19;7434;64;4;help.yandex.ru
благотворительный фонд жизнь как чудо;2000000;5;37;205;106;4;help.yandex.ru
фонд жизнь одна;3000000;3;15;1393;164;4;help.yandex.ru
благотворительный фонд люди маяки;2000000;4;33;133;88;4;help.yandex.ru
подари подарок благотворительный фонд;1000000;4;37;192;120;4;help.yandex.ru
support yandex ru;1000000;3;17;8102;80;4;help.yandex.ru
metrika;1000000;1;7;8224;1028;4;help.yandex.ru
ро ворди волгоградской области;449000;4;30;168;158;4;help.yandex.ru
яндекс метрика что это;611000;4;22;1106;242;4;help.yandex.ru
метрика яндекса;705000;2;15;142190;113;4;help.yandex.ru
рас это что;2000000;3;11;13728;1210;4;help.yandex.ru
константа фонд;934000;2;14;527;329;4;help.yandex.ru
редкие люди;1000000;2;11;56448;83;4;help.yandex.ru
яндекс метрика это что;1000000;4;22;1106;242;4;help.yandex.ru
яндекс справка;642000;2;14;14184;1665;4;help.yandex.ru
большая перемена фонд;2000000;3;21;227;60;4;help.yandex.ru
яндекс справки;614000;2;14;14183;38;4;help.yandex.ru
метрике;8000000;1;7;383199;44;4;help.yandex.ru
фонд против дтп;906000;3;15;172;47;4;help.yandex.ru
бумеранг добра благотворительный фонд;1000000;4;37;82;43;4;help.yandex.ru
благотворительный фонд дорога к дому;2000000;5;36;135;45;4;help.yandex.ru
рас это что такое;2000000;4;17;2074;40;4;help.yandex.ru
фонд альцрус;944000;2;12;167;52;4;help.yandex.ru
https metrika yandex ru;2000000;4;23;524;47;4;help.yandex.ru
милосердие детям фонд;2000000;3;21;511;50;4;help.yandex.ru
поддержка нко;1000000;2;13;4073;44;4;help.yandex.ru
фонд живем;1000000;2;10;3550;52;4;help.yandex.ru
мтерика;3000;1;7;135;51;4;help.yandex.ru
фонд хрупкие люди;1000000;3;17;99;43;4;help.yandex.ru
альцрус фонд;1000000;2;12;160;47;4;help.yandex.ru
метрика яндекс что это такое;1000000;5;28;389;57;4;help.yandex.ru
бумажная птица фонд;644000;3;19;132;37;4;help.yandex.ru
яндекс метрики что это такое;1000000;5;28;379;23;4;help.yandex.ru
благотворительный фонд я есть;2000000;4;29;221;26;4;help.yandex.ru
помоги человеку;1000000;2;15;439137;28;4;help.yandex.ru
фонд дети без мам;2000000;4;17;106;26;4;help.yandex.ru
life line ru;1000000;3;12;127;28;4;help.yandex.ru
центр сестры психологическая помощь;2000000;4;35;33;23;4;help.yandex.ru
metrica yandex ru;1000000;3;17;89;34;4;help.yandex.ru
аиф фонд благотворительный;1000000;3;26;226;28;4;help.yandex.ru
благотворительный фонд оберег;755000;3;29;266;28;4;help.yandex.ru
краски этого мира;1000000;3;17;4532;28;4;help.yandex.ru
бф линия жизни;984000;3;14;67;34;4;help.yandex.ru
metrika yandex ru яндекс метрика;2000000;5;32;54;30;4;help.yandex.ru
сма сибирь;78000;2;10;66;25;4;help.yandex.ru
благотворительный фонд добрый мир;2000000;4;33;158;28;4;help.yandex.ru
благотворительные фонды для животных;1000000;4;36;835;36;4;help.yandex.ru
сможем вместе;860000;2;13;33978;22;4;help.yandex.ru
помощь рядом чат;2000000;3;16;72;17;4;help.yandex.ru
yandex ru метрика;1000000;3;17;156;18;4;help.yandex.ru
моя метрика;885000;2;11;366;19;4;help.yandex.ru
добродел спб;329000;2;12;46;17;4;help.yandex.ru
благотворительный фонд долго и счастливо;1000000;5;40;88;18;4;help.yandex.ru
ано синяя птица;1000000;3;15;49;17;4;help.yandex.ru
фонд дай лапу;2000000;3;13;64;21;4;help.yandex.ru
фонд оберег;831000;2;11;381;19;4;help.yandex.ru
фонд я тебя слышу;909000;4;17;54;19;4;help.yandex.ru
благотворительный центр сестры;1000000;3;30;42;18;4;help.yandex.ru
пожертвование в приют для животных;1000000;5;34;88;21;4;help.yandex.ru
родительский мост благотворительный фонд;1000000;4;40;83;21;4;help.yandex.ru
фонд открытая среда;982000;3;19;75;17;4;help.yandex.ru
помощь рядом рф сайт;3000000;4;20;23;19;4;help.yandex.ru
метрика сайт;2000000;2;12;17600;21;4;help.yandex.ru
бф берегиня;721000;2;11;31;17;4;help.yandex.ru
прикосновение к жизни благотворительный фонд;2000000;5;44;24;11;4;help.yandex.ru
колесо обозрения проект;909000;3;23;149;12;4;help.yandex.ru
благотворительный фонд бэла дети бабочки;1000000;5;40;49;13;4;help.yandex.ru
к какому типу источников яндекс метрика отнесет переходы с директа;1000000;10;66;45;12;4;help.yandex.ru
благотворительные фонды для животных в россии;2000000;6;45;21;13;4;help.yandex.ru
директ помощь;2000000;2;13;718;11;4;help.yandex.ru
бф жизненный путь;468000;3;17;38;15;4;help.yandex.ru
фонд поддержки пациентских инициатив;1000000;4;36;24;13;4;help.yandex.ru
альцрус фонд благотворительный;623000;3;30;21;14;4;help.yandex.ru
метрика yandex ru;1000000;3;17;136;12;4;help.yandex.ru
петербургские родители;425000;2;22;652;16;4;help.yandex.ru
благотворительный фонд поддержки детей пострадавших в дтп имени наташи едыкиной;2000000;10;79;29;15;4;help.yandex.ru
благотворительность сайт;567000;2;24;498;11;4;help.yandex.ru
у кого просить помощи в трудной жизненной ситуации;194000;8;50;27;14;4;help.yandex.ru
мы рядом ру;3000000;3;11;84;16;4;help.yandex.ru
пожертвования животным;865000;2;22;1064;11;4;help.yandex.ru
нко помощь рядом списали деньги;2000000;5;31;35;7;4;help.yandex.ru
пожертвования в приют для животных;969000;5;34;88;8;4;help.yandex.ru
центр сестры москва;1000000;3;19;363;9;4;help.yandex.ru
пространство равных возможностей;725000;3;32;133;8;4;help.yandex.ru
благотворительный проект исток жизни;736000;4;36;9;8;4;help.yandex.ru
дела любви;461000;2;10;22033;7;4;help.yandex.ru
позитивная среда;278000;2;16;4714;10;4;help.yandex.ru
сбор помощи животным;2000000;3;20;498;8;4;help.yandex.ru
помоги ребенку;1000000;2;14;271561;9;4;help.yandex.ru
яндекс социальная реклама;1000000;3;25;222;8;4;help.yandex.ru
свет в руках благотворительный;598000;4;30;288;10;4;help.yandex.ru
пожертвование животным;1000000;2;22;1064;10;4;help.yandex.ru
фонд вместе ради жизни;2000000;4;22;15;8;4;help.yandex.ru
бф бумеранг добра;625000;3;17;18;9;4;help.yandex.ru
мы вместе фонд помощи;2000000;4;21;185;10;4;help.yandex.ru
бременские консультанты;42000;2;23;7;7;4;help.yandex.ru
яндексметрика ру;2000000;2;16;3;3;4;help.yandex.ru
пожертвование собакам;849000;2;21;95;4;4;help.yandex.ru
автономная некоммерческая организация центр реабилитации инвалидов детства наш солнечный мир;2000000;10;92;6;5;4;help.yandex.ru
социальная поддержка онлайн;2000000;3;27;269;3;4;help.yandex.ru
фонд звездный дождь;642000;3;19;13;4;4;help.yandex.ru
sma ru;1000000;2;6;743;3;4;help.yandex.ru
фонд турмалин;568000;2;13;15;5;4;help.yandex.ru
дай лапу благотворительный фонд;2000000;4;31;10;5;4;help.yandex.ru
точка добра;349000;2;11;10263;5;4;help.yandex.ru
петрод;9000000;1;6;193;4;4;help.yandex.ru
молодой лидер;294000;2;13;3887;5;4;help.yandex.ru
помощь животных;507000;2;15;100533;5;4;help.yandex.ru
сбор для приюта животных;1000000;4;24;356;3;4;help.yandex.ru
фонд жени шохиной живем;950000;4;23;28;5;4;help.yandex.ru
добродел официальный сайт санкт петербург;2000000;5;41;8;6;4;help.yandex.ru
добрый вторник акция;789000;3;20;9;2;4;help.yandex.ru
сайт для нуждающихся в помощи;3000000;5;29;73;0;4;help.yandex.ru
центр интегрального развития человека эпоха водолея;5000;6;51;2;1;4;help.yandex.ru
яндекс новости коронавирус;2000000;3;26;1;1;4;help.yandex.ru
директ полная версия сайта;584000;4;26;6;0;4;help.yandex.ru
соц реклама яндекс;70000;3;18;48;1;4;help.yandex.ru
помощь рядом скачать;2000000;3;20;161;0;4;help.yandex.ru
благотворительные фонды россии для животных;2000000;5;43;30;2;4;help.yandex.ru
lotsman ru;1000000;2;10;41;1;4;help.yandex.ru
частное учреждение центр социально трудовой адаптации инвалидов мастер ок;2000000;9;73;1;1;4;help.yandex.ru
сайты помощи животным;3000000;3;21;355;1;4;help.yandex.ru
все дети могут благотворительный фонд;2000000;5;37;7;2;4;help.yandex.ru
сайт для помощи людям;2000000;4;21;178;2;4;help.yandex.ru
как благотворительному фонду получить грант;2000000;5;43;6;0;4;help.yandex.ru
звездный дождь благотворительный фонд;1000000;4;37;1;1;4;help.yandex.ru
я люблю экономику;2000000;3;17;40;2;4;help.yandex.ru
движение это жизнь благотворительный;939000;4;36;43;0;4;help.yandex.ru
благотворительный фонд милосердие детям;883000;4;39;382;177;5;help.yandex.ru
яндекс метрика ру;2000000;3;17;407;271;5;help.yandex.ru
метрика yandex;267000;2;14;1156;533;5;help.yandex.ru
гранты для нко;771000;3;14;3410;239;5;help.yandex.ru
metrica yandex;297000;2;14;944;421;5;help.yandex.ru
yandex support;311000;2;14;9452;181;5;help.yandex.ru
яндекс метрика;566000;2;14;136218;82710;5;help.yandex.ru
yandex метрика;247000;2;14;1151;532;5;help.yandex.ru
яндекс метрика это;2000000;3;18;3559;673;5;help.yandex.ru
помощь людям;2000000;2;12;408295;354;5;help.yandex.ru
пожертвования в фонд хабенского;619000;4;31;25;0;4;help.yandex.ru
метрики яндекс;944000;2;14;142190;1165;5;help.yandex.ru
благотворительный фонд адвита;273000;3;29;663;185;5;help.yandex.ru
metrica;1000000;1;7;2939;671;5;help.yandex.ru
линия жизни яндекс;1000000;3;18;29;0;4;help.yandex.ru
рэй фонд;162000;2;8;771;169;5;help.yandex.ru
мои счетчики яндекс метрика;542000;4;27;61;52;5;help.yandex.ru
фонд больше чем можешь;2000000;4;22;332;67;5;help.yandex.ru
благотворительный фонд для животных;1000000;4;35;835;86;5;help.yandex.ru
живи малыш;522000;2;10;11048;65;5;help.yandex.ru
инватур;4000;1;7;412;71;5;help.yandex.ru
анастасия фонд благотворительный;536000;3;32;397;52;5;help.yandex.ru
живой фонд;1000000;2;10;2722;115;5;help.yandex.ru
другое детство;1000000;2;14;19474;80;5;help.yandex.ru
благотворительный фонд время добрых;2000000;4;35;237;108;5;help.yandex.ru
рассвет жизни;847000;2;13;4609;68;5;help.yandex.ru
помогите решить проблему;1000000;3;24;15923;139;5;help.yandex.ru
благотворительный фонд детские сердца;1000000;4;37;240;109;5;help.yandex.ru
благотворительный фонд право на чудо;1000000;5;36;121;64;5;help.yandex.ru
гранты нко;362000;2;10;7230;101;5;help.yandex.ru
метрка;3000;1;6;474;167;5;help.yandex.ru
фонд безопасный дом;1000000;3;19;87;46;5;help.yandex.ru
верность фонд;272000;2;13;372;33;5;help.yandex.ru
нужна поддержка;814000;2;15;20007;36;5;help.yandex.ru
подарок судьбы фонд;1000000;3;19;97;42;5;help.yandex.ru
дети лучики;1000000;2;11;3130;36;5;help.yandex.ru
добрый юг;971000;2;9;1207;37;5;help.yandex.ru
yandex metrica ru;351000;3;17;89;34;5;help.yandex.ru
справедливая помощь;2000000;2;19;2072;44;5;help.yandex.ru
хрупкие люди фонд;1000000;3;17;98;42;5;help.yandex.ru
yandex metr;139000;2;11;88;42;5;help.yandex.ru
бф старость в радость адресная помощь;2000000;6;37;37;37;5;help.yandex.ru
advita благотворительный фонд;290000;3;29;68;45;5;help.yandex.ru
искра надежды воронеж;253000;3;21;137;44;5;help.yandex.ru
яндекс сводка;700000;2;13;551;35;5;help.yandex.ru
справки яндекс;7000;2;14;14260;42;5;help.yandex.ru
фонд время добрых;2000000;3;17;431;46;5;help.yandex.ru
центр социальной реабилитации турмалин;1000000;4;38;39;32;5;help.yandex.ru
ya metrika;207000;2;10;57;20;5;help.yandex.ru
подать на грант;772000;3;15;3146;22;5;help.yandex.ru
благотворительный фонд искорка;1000000;3;30;207;24;5;help.yandex.ru
яндекс метрика аналитика;707000;3;24;800;22;5;help.yandex.ru
добрый урал;1000000;2;11;550;23;5;help.yandex.ru
помоги ребенку ру благотворительный фонд;2000000;5;40;34;20;5;help.yandex.ru
директ официальный сайт;2000000;3;23;11274;28;5;help.yandex.ru
фонд едыкиной;298000;2;13;164;23;5;help.yandex.ru
право на чудо фонд;2000000;4;18;158;26;5;help.yandex.ru
благотворительный фонд животным;554000;3;31;3064;23;5;help.yandex.ru
дай лапу приют;2000000;3;14;325;29;5;help.yandex.ru
фонд дорога к дому;2000000;4;18;214;27;5;help.yandex.ru
яндекс практикум реклама;1000000;3;24;169;21;5;help.yandex.ru
помощь взрослым;2000000;2;15;73283;25;5;help.yandex.ru
фонд перспективы;430000;2;16;2403;32;5;help.yandex.ru
дорога жизни в контакте;2000000;4;23;339;20;5;help.yandex.ru
аутизм рф;845000;2;9;311;14;5;help.yandex.ru
подарок судьбы приют;966000;3;20;213;16;5;help.yandex.ru
питомцы яндекс;538000;2;14;456;16;5;help.yandex.ru
что делает яндекс метрика;976000;4;25;64;15;5;help.yandex.ru
благотворительный фонд лучшие друзья;3000000;4;36;23;16;5;help.yandex.ru
фонд сма;1000000;2;8;247;14;5;help.yandex.ru
орби инсульт;19000;2;12;306;17;5;help.yandex.ru
помощь сайт;3000000;2;11;69821;16;5;help.yandex.ru
фонд дети мск ру;2000000;4;16;84;17;5;help.yandex.ru
фонд ясное утро;523000;3;15;26;16;5;help.yandex.ru
дедморозим благотворительный фонд;389000;3;33;113;19;5;help.yandex.ru
верба в красноярске;115000;3;19;569;17;5;help.yandex.ru
felem yandex;129000;2;12;25;15;5;help.yandex.ru
искусство быть рядом;522000;3;20;684;17;5;help.yandex.ru
турмалин центр;959000;2;14;244;19;5;help.yandex.ru
помочь человеку;982000;2;15;439057;14;5;help.yandex.ru
веб аналитика яндекс метрика;765000;4;28;211;9;5;help.yandex.ru
фонд матроны московской;1000000;3;23;36;10;5;help.yandex.ru
яндекс справку;515000;2;14;14183;11;5;help.yandex.ru
благотворительный фонд солнечный круг;1000000;4;37;44;9;5;help.yandex.ru
приют для животных пожертвовать;44000;4;31;81;11;5;help.yandex.ru
мы рядом фонд;2000000;3;13;135;9;5;help.yandex.ru
гуманитарный проект новосибирск;421000;3;31;24;13;5;help.yandex.ru
metrika yandex ru статистика;2000000;4;28;21;11;5;help.yandex.ru
благотворительные организации в россии для животных;2000000;6;51;23;12;5;help.yandex.ru
фокус медиа;436000;2;11;229;11;5;help.yandex.ru
фонд наташи едыкиной;582000;3;20;106;14;5;help.yandex.ru
помогите бездомным животным;999000;3;27;2626;13;5;help.yandex.ru
яндекс посещаемость сайта;3000;3;25;340;9;5;help.yandex.ru
благотворительные фонды животным;1000000;3;32;3064;11;5;help.yandex.ru
центр верба красноярск;715000;3;22;125;14;5;help.yandex.ru
мертика;3000;1;7;220;9;5;help.yandex.ru
право на чудо благотворительный;2000000;4;31;111;6;5;help.yandex.ru
помоги ребенку ру благотворительный;1000000;4;35;40;6;5;help.yandex.ru
помочь животным благотворительный фонд;2000000;4;38;264;7;5;help.yandex.ru
world it planet org;354000;4;19;30;6;5;help.yandex.ru
поможем вместе животным;5000;3;23;413;7;5;help.yandex.ru
яндекс метрика онлайн;1000000;3;21;74;6;5;help.yandex.ru
фонд мы рядом;1000000;3;13;113;8;5;help.yandex.ru
yandex help desk;235000;3;16;14;7;5;help.yandex.ru
помощь бездомных животных;2000000;3;25;12424;7;5;help.yandex.ru
яндекс коронавирус онлайн;1000000;3;25;8;6;5;help.yandex.ru
прикосновение к жизни;643000;3;21;570;8;5;help.yandex.ru
пожертвование для животных;734000;3;26;226;8;5;help.yandex.ru
ассоциация музыкантов урала;35000;3;27;10;6;5;help.yandex.ru
пожертвование в фонд хабенского;336000;4;31;34;7;5;help.yandex.ru
дом фрупполо;1000000;2;12;69;9;5;help.yandex.ru
подача на грант;622000;3;15;1511;5;5;help.yandex.ru
платформа помощи;153000;2;16;6588;3;5;help.yandex.ru
пожертвовать в приют для животных;1000000;5;33;35;3;5;help.yandex.ru
ано семья детям;2000000;3;15;354;4;5;help.yandex.ru
метрика яндекс ru;2000000;3;17;627;3;5;help.yandex.ru
ано центр развития инновационных технологий ит планета;2000000;7;54;8;3;5;help.yandex.ru
фонд комитет против пыток;1000000;4;25;15;3;5;help.yandex.ru
фонд комиссарова;764000;2;16;94;5;5;help.yandex.ru
чаты помощи;2000000;2;11;22963;4;5;help.yandex.ru
благотворительный фонд помощи людям с нарушениями развития жизненный путь;3000000;9;73;5;4;5;help.yandex.ru
поможем благотворительный фонд;1000000;3;30;6323;3;5;help.yandex.ru
бф семьи сма;519000;3;12;15;5;5;help.yandex.ru
фонд жени шохиной;681000;3;17;37;5;5;help.yandex.ru
благотворительный фонд для животных в россии;2000000;6;44;21;3;5;help.yandex.ru
яндекс корона;414000;2;13;515;4;5;help.yandex.ru
центр профилактики ландшафтных пожаров;1000000;4;38;14;5;5;help.yandex.ru
поможем бездомным животным;1000000;3;26;2626;3;5;help.yandex.ru
радость ясного взора благотворительный фонд;720000;5;43;2;1;5;help.yandex.ru
помощь людям онлайн;2000000;3;19;651;1;5;help.yandex.ru
яндекс метрика мой счетчик;528000;4;26;68;2;5;help.yandex.ru
как фонды зарабатывают деньги;771000;4;29;42;1;5;help.yandex.ru
яндекс коронавирус новосибирск;657000;3;30;1;1;5;help.yandex.ru
best buddy;293000;2;10;610;1;5;help.yandex.ru
фонд для собак;836000;3;14;166;3;5;help.yandex.ru
рука помощи бездомным животным в пензе;2000000;6;38;24;2;5;help.yandex.ru
metrica yandex com;956000;3;18;28;3;5;help.yandex.ru
щедрый вторник официальный сайт;1000000;4;31;1;1;5;help.yandex.ru
деньги на пожертвование;429000;3;23;851;3;5;help.yandex.ru
реквизиты для помощи;2000000;3;20;542;3;5;help.yandex.ru
metrika yandex by;67000;3;17;30;1;5;help.yandex.ru
помогаем животным;1000000;2;17;45251;2;5;help.yandex.ru
http help;253000;2;9;3258;3;5;help.yandex.ru
дом с маяком помощь беженцам с украины;2000000;7;38;2;1;5;help.yandex.ru
время добрых;1000000;2;12;38620;93;6;help.yandex.ru
фонд хабенского что это;253000;4;23;217;149;6;help.yandex.ru
кругосветчики;4000;1;13;2277;834;6;help.yandex.ru
лучшие друзья фонд;3000000;3;18;288;143;6;help.yandex.ru
support yandex;267000;2;14;9452;181;6;help.yandex.ru
яндекса метрика;449000;2;15;136218;101;6;help.yandex.ru
помощь рядом приложение скачать;2000000;4;31;21;0;5;help.yandex.ru
metrika yandex;246000;2;14;5872;476;6;help.yandex.ru
аналитика яндекс;973000;2;16;11758;1079;6;help.yandex.ru
metrika yandex ru;1000000;3;17;1048;157;6;help.yandex.ru
яндекс такси скидки инвалидам;363000;4;29;47;0;5;help.yandex.ru
точка добра москва;972000;3;18;28;0;5;help.yandex.ru
бумажный журавлик благотворительный фонд;342000;4;40;238;120;6;help.yandex.ru
яндекс аналитика;715000;2;16;10728;982;6;help.yandex.ru
помочь хосписам;831000;2;15;209;0;5;help.yandex.ru
радуга благотворительный фонд омск;477000;4;34;123;92;6;help.yandex.ru
родительский мост;812000;2;17;369;56;6;help.yandex.ru
хранители детства;118000;2;17;698;60;6;help.yandex.ru
еда днесь;324000;2;9;130;73;6;help.yandex.ru
ай лав экономикс;241000;3;16;67;60;6;help.yandex.ru
фонд доброе сердце;1000000;3;18;922;69;6;help.yandex.ru
больше чем можешь фонд;2000000;4;22;303;58;6;help.yandex.ru
yandex ru support;1000000;3;17;8102;80;6;help.yandex.ru
яндексметрика яндекс метрика;550000;3;28;72;72;6;help.yandex.ru
фонд жизненный путь;648000;3;19;183;76;6;help.yandex.ru
берегиня благотворительный фонд;794000;3;31;130;65;6;help.yandex.ru
планета друзей;2000000;2;14;10543;84;6;help.yandex.ru
фонд гордей;890000;2;11;260;78;6;help.yandex.ru
яндекс метрика что это такое;1000000;5;28;379;58;6;help.yandex.ru
фонд равновесие;379000;2;15;299;76;6;help.yandex.ru
гуд серфинг;315000;2;11;149;92;6;help.yandex.ru
фонд сестры;364000;2;11;549;55;6;help.yandex.ru
благотворительный фонд большая перемена;2000000;4;39;62;44;6;help.yandex.ru
константа благотворительный фонд;1000000;3;32;156;46;6;help.yandex.ru
благотворительный фонд живи малыш;931000;4;33;101;52;6;help.yandex.ru
верное направление;381000;2;18;65266;46;6;help.yandex.ru
яндекс metrika;582000;2;14;248;48;6;help.yandex.ru
твоя вода;450000;2;9;23388;44;6;help.yandex.ru
я без мамы;2000000;3;10;26860;53;6;help.yandex.ru
фонд тотальный диктант;605000;3;22;180;48;6;help.yandex.ru
живи малыш благотворительный фонд;878000;4;33;101;52;6;help.yandex.ru
как установить на сайт яндекс метрику;2000000;6;37;485;47;6;help.yandex.ru
собаки которые любят фонд;784000;4;25;121;53;6;help.yandex.ru
живой фонд помощи взрослым;2000000;4;26;115;53;6;help.yandex.ru
помогать людям;1000000;2;14;438985;45;6;help.yandex.ru
фонды помощи животным;2000000;3;21;4831;52;6;help.yandex.ru
наш солнечный мир реабилитационный центр москва;2000000;6;47;65;54;6;help.yandex.ru
благотворительный фонд банк еды русь;1000000;5;36;109;43;6;help.yandex.ru
мы рядом благотворительный фонд;1000000;4;31;50;29;6;help.yandex.ru
динго фонд;1000000;2;10;178;35;6;help.yandex.ru
благотворительный фонд ангел веры;1000000;4;33;48;40;6;help.yandex.ru
яндекс документация;493000;2;19;1331;35;6;help.yandex.ru
фонд динго;285000;2;10;177;37;6;help.yandex.ru
фонд теплый дом;2000000;3;15;152;29;6;help.yandex.ru
анна помогает благотворительный фонд;1000000;4;36;43;41;6;help.yandex.ru
исток жизни;694000;2;11;3264;38;6;help.yandex.ru
рас что это такое;772000;4;17;2074;40;6;help.yandex.ru
центр василия великого;1000000;3;22;487;35;6;help.yandex.ru
человек напротив;872000;2;16;14564;42;6;help.yandex.ru
metrika яндекс;431000;2;14;251;41;6;help.yandex.ru
возрождение природы благотворительный фонд;1000000;4;42;73;31;6;help.yandex.ru
фонд подарок судьбы;1000000;3;19;90;40;6;help.yandex.ru
партнерство каждому ребенку;1000000;3;27;168;42;6;help.yandex.ru
грант на социальный проект;1000000;4;26;2103;28;6;help.yandex.ru
исток жизни благотворительный фонд;2000000;4;34;20;19;6;help.yandex.ru
яндекс конкурс;691000;2;14;1349;22;6;help.yandex.ru
рука помощи бездомным животным пенза;2000000;5;36;171;23;6;help.yandex.ru
бф жизнь одна;4000000;3;13;60;22;6;help.yandex.ru
благотворительный фонд мы рядом;1000000;4;31;46;22;6;help.yandex.ru
навстречу переменам;79000;2;19;572;20;6;help.yandex.ru
открытая среда краснодар;916000;3;24;43;26;6;help.yandex.ru
фонд живи малыш;846000;3;15;140;22;6;help.yandex.ru
благотворительный фонд жизненный путь;1000000;4;37;41;24;6;help.yandex.ru
благотворительный фонд это чудо;289000;4;31;55;22;6;help.yandex.ru
yandex аналитика;287000;2;16;348;27;6;help.yandex.ru
спецоперация бабушка;102000;2;20;81;25;6;help.yandex.ru
ано бо журавлик;1000000;3;15;57;20;6;help.yandex.ru
domsg ru;843000;2;8;37;24;6;help.yandex.ru
благотворительный фонд родительский мост;112000;4;40;100;28;6;help.yandex.ru
support go yandex com;1000000;4;21;43;19;6;help.yandex.ru
что такое яндекс метрика простыми словами;1000000;6;41;19;16;6;help.yandex.ru
dobryaki;10000;1;8;130;17;6;help.yandex.ru
кризисный центр сестры;1000000;3;22;35;17;6;help.yandex.ru
благотворительный фонд жить вместе;2000000;4;34;49;16;6;help.yandex.ru
метрика сайта яндекс;2000000;3;20;12261;17;6;help.yandex.ru
благотворительный фонд нить добра;1000000;4;33;27;16;6;help.yandex.ru
благо дари;167000;2;10;2607;18;6;help.yandex.ru
яндекс метрики что это;484000;4;22;1106;17;6;help.yandex.ru
рука помощи бездомным животным;2000000;4;30;450;18;6;help.yandex.ru
бэла дети бабочки;1000000;3;17;126;17;6;help.yandex.ru
благотворительные фонды помощи животным;2000000;4;39;1208;18;6;help.yandex.ru
фонд радуга;1000000;2;11;417;18;6;help.yandex.ru
ясное утро фонд;406000;3;15;25;16;6;help.yandex.ru
помощь домашним животным;138000;3;24;2833;17;6;help.yandex.ru
фонд им ани чижовой;1000000;4;19;25;18;6;help.yandex.ru
спецоперация бабушка благотворительный фонд;260000;4;43;17;16;6;help.yandex.ru
фонд три сердца;1000000;3;15;41;12;6;help.yandex.ru
фонд марины гутерман;536000;3;20;56;14;6;help.yandex.ru
сайт благотворительности;497000;2;24;453;15;6;help.yandex.ru
моймио;2000;1;6;65;13;6;help.yandex.ru
онкофонд ру;1000000;2;11;43;15;6;help.yandex.ru
свет в ладонях;416000;3;14;868;13;6;help.yandex.ru
цлп это;1000000;2;7;55;16;6;help.yandex.ru
грант реклама;1000000;2;13;2615;15;6;help.yandex.ru
собаки которые любят фонд благотворительный;885000;5;43;25;15;6;help.yandex.ru
что такое яндекс метрики;438000;4;24;1313;14;6;help.yandex.ru
фонд потерь нет;748000;3;15;202;16;6;help.yandex.ru
яндекс бизнес помощь;2000000;3;20;152;15;6;help.yandex.ru
колесо обозрения фонд;657000;3;21;17;13;6;help.yandex.ru
добросердие благотворительный фонд;156000;3;34;20;15;6;help.yandex.ru
дети ангелы тверь;1000000;3;17;42;16;6;help.yandex.ru
чужих детей не бывает фонд;2000000;5;26;62;12;6;help.yandex.ru
что дает яндекс метрика;2000000;4;23;77;9;6;help.yandex.ru
агентство городских инициатив;946000;3;29;97;10;6;help.yandex.ru
фонд натальи водяновой открытые сердца;668000;5;38;16;11;6;help.yandex.ru
metrika yandex ru list;1000000;4;22;65;10;6;help.yandex.ru
яндекс животные;734000;2;15;7565;11;6;help.yandex.ru
как называется благотворительный фонд константина хабенского;818000;6;60;13;9;6;help.yandex.ru
сестры центр помощи;2000000;3;19;223;12;6;help.yandex.ru
где взять счетчик яндекс метрики;1000000;5;32;40;11;6;help.yandex.ru
игры будущего сайт;3000000;3;18;66;11;6;help.yandex.ru
бф против дтп;349000;3;13;11;10;6;help.yandex.ru
благотворительные фонды животных;1000000;3;32;3064;12;6;help.yandex.ru
сайт для пожертвований;1000000;3;22;199;11;6;help.yandex.ru
свет дети благотворительный;2000000;3;27;220;10;6;help.yandex.ru
фонд защиты детей от жестокого обращения;1000000;6;40;161;11;6;help.yandex.ru
спаси одну жизнь;3000000;3;16;2554;12;6;help.yandex.ru
яндекс аналитики;492000;2;16;10728;9;6;help.yandex.ru
дети мск;2000000;2;8;2825;6;6;help.yandex.ru
межрегиональная общественная организация социальной помощи детям наши дети;2000000;8;74;12;7;6;help.yandex.ru
фонд водяновой открытые сердца;930000;4;30;28;8;6;help.yandex.ru
фонд юна;1000000;2;8;403;7;6;help.yandex.ru
метрика почта;90000;2;13;296;7;6;help.yandex.ru
яндекс спонсорство;491000;2;18;23;6;6;help.yandex.ru
добрый юг краснодар;582000;3;19;68;8;6;help.yandex.ru
лига мечты фонд;353000;3;15;11;7;6;help.yandex.ru
улица мира фонд;2000000;3;15;193;8;6;help.yandex.ru
фонды помощи животным в россии;2000000;5;30;36;7;6;help.yandex.ru
фонд борьбы с колоректальным раком;380000;5;34;14;9;6;help.yandex.ru
другие просто;2000000;2;13;90119;8;6;help.yandex.ru
милосердие детям благотворительный;1000000;3;34;378;7;6;help.yandex.ru
фонд словом и делом;783000;4;19;24;8;6;help.yandex.ru
доброделы петербурга;251000;2;20;67;9;6;help.yandex.ru
благотворительный сервис;53000;2;24;228;6;6;help.yandex.ru
ты не одна фонд помощи;4000000;5;22;35;3;6;help.yandex.ru
фонд имени наташи едыкиной;680000;4;26;43;4;6;help.yandex.ru
гаоорди расшифровка;32000;2;19;5;5;6;help.yandex.ru
vbudushee ru;1000000;2;12;131;4;6;help.yandex.ru
фонд живем благотворительный;2000000;3;28;561;4;6;help.yandex.ru
ано амба;1000000;2;8;7;3;6;help.yandex.ru
помоги бездомным животным;1000000;3;25;2626;5;6;help.yandex.ru
как установить счетчик яндекс метрики;822000;5;37;336;5;6;help.yandex.ru
sister help;167000;2;11;9166;5;6;help.yandex.ru
фонды животных;178000;2;14;11364;4;6;help.yandex.ru
поддержка аутистов;807000;2;18;105;6;6;help.yandex.ru
фонды для животных;1000000;3;18;1476;5;6;help.yandex.ru
организация верас;1000000;2;17;25;3;6;help.yandex.ru
фонд против пыток;1000000;3;17;23;5;6;help.yandex.ru
дело любви;705000;2;10;22032;6;6;help.yandex.ru
социальная реклама яндекс директ;1000000;4;32;37;3;6;help.yandex.ru
семья плюс;1000000;2;10;16683;200;7;help.yandex.ru
где моя помощь;1000000;3;14;888;0;6;help.yandex.ru
спецпроект яндекса;538000;2;18;115;2;6;help.yandex.ru
город добрый;995000;2;12;27230;697;7;help.yandex.ru
special garden центр реабилитации;1000000;4;33;1;1;6;help.yandex.ru
помощь животным;2000000;2;15;100527;339;7;help.yandex.ru
helping ru;187000;2;10;47750;3;6;help.yandex.ru
сбор помощи для приюта животных;2000000;5;31;100;2;6;help.yandex.ru
нф метрика;5000;2;10;3;3;6;help.yandex.ru
на помощь помогите;4000000;3;18;18172;1;6;help.yandex.ru
help animals;60000;2;12;9857;3;6;help.yandex.ru
социальная реклама нко;1000000;3;22;139;3;6;help.yandex.ru
yandex metrika;238000;2;14;5872;476;7;help.yandex.ru
помочь питомцу;715000;2;14;1711;2;6;help.yandex.ru
красноярье без сирот;27000;3;20;15;3;6;help.yandex.ru
благотворительный фонд дорога жизни;1000000;4;35;310;172;7;help.yandex.ru
время детства;1000000;2;13;26972;77;7;help.yandex.ru
фонд берегиня;819000;2;13;334;89;7;help.yandex.ru
не напрасно фонд;2000000;3;16;206;108;7;help.yandex.ru
яндекс поддержка бизнеса;2000000;3;24;3537;87;7;help.yandex.ru
поддержка алиса;685000;2;15;4879;93;7;help.yandex.ru
белый ирис благотворительный фонд;1000000;4;33;230;82;7;help.yandex.ru
фонд подари подарок;1000000;3;19;370;126;7;help.yandex.ru
fund4dogs ru;3000000;2;12;158;103;7;help.yandex.ru
благотворительный фонд вклад в будущее;1000000;5;38;422;111;7;help.yandex.ru
радуга омск благотворительный фонд;334000;4;34;123;92;7;help.yandex.ru
благотворительный фонд животных;935000;3;31;3064;131;7;help.yandex.ru
дети наши смоленск;1000000;3;18;391;116;7;help.yandex.ru
фонд долго и счастливо;1000000;4;22;286;85;7;help.yandex.ru
благотворительный фонд ты ему нужен;1000000;5;35;226;110;7;help.yandex.ru
благотворительный фонд солнечный город;1000000;4;38;439;170;7;help.yandex.ru
фонд хорошие люди;2000000;3;17;546;71;7;help.yandex.ru
фонд оксаны федоровой;374000;3;21;229;48;7;help.yandex.ru
доброделы;25000;1;9;68135;52;7;help.yandex.ru
синдром любви благотворительный фонд;653000;4;36;103;59;7;help.yandex.ru
вершина первая помощь;4000000;3;21;373;51;7;help.yandex.ru
добросвет воронеж;93000;2;17;193;56;7;help.yandex.ru
национальный фонд защиты детей от жестокого обращения;2000000;7;53;146;49;7;help.yandex.ru
перспектива фонд;1000000;2;16;2408;68;7;help.yandex.ru
право на чудо благотворительный фонд;2000000;5;36;103;57;7;help.yandex.ru
долго и счастливо фонд;1000000;4;22;209;64;7;help.yandex.ru
гудсерфинг волонтерство;19000;2;23;68;56;7;help.yandex.ru
яндекс статистика сайта;2000000;3;23;538;68;7;help.yandex.ru
детские сердца;661000;2;14;14893;66;7;help.yandex.ru
фонд милосердие детям;1000000;3;21;537;50;7;help.yandex.ru
сестры фонд;928000;2;11;577;63;7;help.yandex.ru
как работает яндекс метрика;1000000;4;27;586;69;7;help.yandex.ru
тебе поверят фонд;841000;3;17;93;48;7;help.yandex.ru
благотворительный фонд верю в чудо;1000000;5;34;156;39;7;help.yandex.ru
благотворительный фонд спина бифида;325000;4;35;96;40;7;help.yandex.ru
изгелек благотворительный фонд;275000;3;30;111;43;7;help.yandex.ru
ангел веры благотворительный фонд;442000;4;33;48;40;7;help.yandex.ru
теплый дом благотворительный фонд;2000000;4;33;67;42;7;help.yandex.ru
vaccina info;177000;2;12;75;39;7;help.yandex.ru
пожертвование детям;1000000;2;19;1207;47;7;help.yandex.ru
такси для инвалидов яндекс;1000000;4;26;250;42;7;help.yandex.ru
своя стая;1000000;2;9;7500;44;7;help.yandex.ru
детская деревня благотворительный фонд;1000000;4;38;95;41;7;help.yandex.ru
фонд вклад в будущее;535000;4;20;601;47;7;help.yandex.ru
артемка фонд благотворительный;886000;3;30;76;46;7;help.yandex.ru
metric yandex;108000;2;13;112;39;7;help.yandex.ru
душа с душою говорит;487000;4;20;11795;44;7;help.yandex.ru
яндекс support;734000;2;14;563;48;7;help.yandex.ru
yandex metric;134000;2;13;112;39;7;help.yandex.ru
фонд верность;502000;2;13;367;29;7;help.yandex.ru
благотворительный фонд возрождение природы;1000000;4;42;73;31;7;help.yandex.ru
движение это жизнь благотворительный фонд;1000000;5;41;62;32;7;help.yandex.ru
благотворительный фонд сестры;1000000;3;29;125;31;7;help.yandex.ru
благотворительный фонд движение это жизнь;710000;5;41;62;32;7;help.yandex.ru
дорога к дому фонд;2000000;4;18;215;30;7;help.yandex.ru
документация яндекс;322000;2;19;1532;35;7;help.yandex.ru
фонд ани чижовой чебоксары;583000;4;26;57;32;7;help.yandex.ru
бф клуб добряков;304000;3;16;94;34;7;help.yandex.ru
детская деревня сос вологда;564000;4;27;95;31;7;help.yandex.ru
добрый город петербург благотворительный фонд;1000000;5;45;65;35;7;help.yandex.ru
мои друзья фонд;2000000;3;15;486;34;7;help.yandex.ru
движение это жизнь фонд;1000000;4;23;258;30;7;help.yandex.ru
турмалин центр социальной реабилитации;656000;4;38;39;32;7;help.yandex.ru
рука помощи бездомным животным пензы;2000000;5;36;171;38;7;help.yandex.ru
мой мио фонд;1000000;3;12;64;29;7;help.yandex.ru
бф артемка;29000;2;10;56;22;7;help.yandex.ru
благотворительный фонд дети без мам;2000000;5;35;49;22;7;help.yandex.ru
аналитика яндекс метрика;677000;3;24;921;25;7;help.yandex.ru
планета добра благотворительный фонд;1000000;4;36;59;22;7;help.yandex.ru
фонд движение это жизнь;1000000;4;23;218;24;7;help.yandex.ru
партнерство каждому ребенку официальный сайт;2000000;5;44;23;22;7;help.yandex.ru
конкурс яндекс;580000;2;14;1541;27;7;help.yandex.ru
добрый шрифт;403000;2;12;786;24;7;help.yandex.ru
яндекс метрика для чего;475000;4;23;713;26;7;help.yandex.ru
фонд артемка;239000;2;12;128;23;7;help.yandex.ru
благотворительный фонд рауль;391000;3;28;38;28;7;help.yandex.ru
ано свет;47000;2;8;286;26;7;help.yandex.ru
как установить код счетчика яндекс метрики на сайт;2000000;8;50;64;22;7;help.yandex.ru
благотворительная больница спб;333000;3;30;68;26;7;help.yandex.ru
люди помогите;1000000;2;13;446830;29;7;help.yandex.ru
помоги животным;1000000;2;15;45284;21;7;help.yandex.ru
фонд медицинских решений не напрасно;904000;5;36;24;17;7;help.yandex.ru
центр примирение;917000;2;16;385;19;7;help.yandex.ru
бф милосердие детям;1000000;3;19;68;20;7;help.yandex.ru
центр турмалин;332000;2;14;243;19;7;help.yandex.ru
дети ждут благотворительный фонд;2000000;4;32;69;19;7;help.yandex.ru
рассвет жизни благотворительный фонд;2000000;4;36;27;17;7;help.yandex.ru
бф дети ждут;1000000;3;12;32;20;7;help.yandex.ru
благотворительный фонд дедморозим;607000;3;33;113;19;7;help.yandex.ru
семьи сма;516000;2;9;289;20;7;help.yandex.ru
яндекс директ официальный сайт;621000;4;30;44;19;7;help.yandex.ru
благотворительный фонд яркая жизнь;2000000;4;34;47;21;7;help.yandex.ru
бф жизнь как чудо;905000;4;17;29;20;7;help.yandex.ru
яндекс матрица;535000;2;14;1271;18;7;help.yandex.ru
расправь крылья инстаграм;103000;3;25;20;20;7;help.yandex.ru
фонд новый учитель;3000000;3;18;78;21;7;help.yandex.ru
благотворительный фонд динго;972000;3;28;67;17;7;help.yandex.ru
фонд искусство быть рядом;1000000;4;25;40;12;7;help.yandex.ru
фонд чужих детей не бывает;2000000;5;26;62;13;7;help.yandex.ru
фонд unity;315000;2;10;32;14;7;help.yandex.ru
благотворительный фонд искусство быть рядом;2000000;5;43;20;13;7;help.yandex.ru
аланон москва;714000;2;13;145;13;7;help.yandex.ru
фонд люди маяки;2000000;3;15;189;12;7;help.yandex.ru
пыткам нет;941000;2;10;576;15;7;help.yandex.ru
я люблю жизнь фонд;1000000;4;18;67;14;7;help.yandex.ru
душа с душою говорит благотворительный проект;1000000;6;45;15;15;7;help.yandex.ru
https id yandex ru helpdesk;1000000;5;27;24;13;7;help.yandex.ru
в твоих руках фонд;1000000;4;18;50;15;7;help.yandex.ru
искусство быть рядом фонд благотворительный;2000000;5;43;26;15;7;help.yandex.ru
дети плюс благотворительный фонд;2000000;4;32;20;12;7;help.yandex.ru
счастье слышать;85000;2;15;2445;14;7;help.yandex.ru
яндекс метрика личный;981000;3;21;4042;17;7;help.yandex.ru
подарок судьбы благотворительный фонд;1000000;4;37;17;12;7;help.yandex.ru
нижегородская региональная общественная организация родителей детей инвалидов по зрению перспектива;1000000;10;99;13;9;7;help.yandex.ru
солнечный мир москва;2000000;3;20;416;9;7;help.yandex.ru
благотворительный фонд наташи едыкиной;315000;4;38;54;10;7;help.yandex.ru
фонд помощь бездомным беспородным животным;1000000;5;42;39;9;7;help.yandex.ru
бф рассвет жизни;712000;3;16;32;10;7;help.yandex.ru
свет в руках благотворительный фонд сайт;1000000;6;40;49;9;7;help.yandex.ru
бумажный журавлик благотворительный;105000;3;35;250;11;7;help.yandex.ru
редкие люди благотворительный фонд;1000000;4;34;145;10;7;help.yandex.ru
ассоциация благополучия животных;300000;3;32;47;11;7;help.yandex.ru
мир да лад;1000000;3;10;432;10;7;help.yandex.ru
диакония фонд;338000;2;13;148;11;7;help.yandex.ru
мастерская светоч;492000;2;17;62;11;7;help.yandex.ru
фонд желтый аист;91000;3;16;85;9;7;help.yandex.ru
мархамат благотворительный фонд;1000000;3;31;95;10;7;help.yandex.ru
благотворительная больница санкт петербург;441000;4;42;22;11;7;help.yandex.ru
ано центр развития и популяризации физической культуры и спорта;1000000;9;63;19;9;7;help.yandex.ru
фонд антон рядом;933000;3;16;1205;6;7;help.yandex.ru
собиратор это;1000000;2;13;23;7;7;help.yandex.ru
статистика метрика;351000;2;18;1346;8;7;help.yandex.ru
сестры фонд помощи;2000000;3;18;26;7;7;help.yandex.ru
море добра благотворительный фонд;725000;4;33;12;8;7;help.yandex.ru
ано верное направление;1000000;3;22;14;7;7;help.yandex.ru
школа онкологов;38000;2;15;67;8;7;help.yandex.ru
сестры центр психологической помощи;2000000;4;35;42;8;7;help.yandex.ru
центр сестры иноагент;1000000;3;21;10;8;7;help.yandex.ru
фонд рядом;638000;2;10;8139;7;7;help.yandex.ru
poter net;143000;2;9;43;9;7;help.yandex.ru
ано партнерство каждому ребенку;1000000;4;31;33;8;7;help.yandex.ru
спешл гарден реабилитационный центр;1000000;4;35;7;7;7;help.yandex.ru
тариф помощь детям яндекс такси что это;3000000;7;39;10;8;7;help.yandex.ru
доброделы петербурга официальный сайт;2000000;4;37;17;9;7;help.yandex.ru
бф адели;40000;2;8;18;6;7;help.yandex.ru
фонд водяновой открытые сердца официальный сайт;2000000;6;47;4;4;7;help.yandex.ru
попросить помощь в интернете;2000000;4;28;289;5;7;help.yandex.ru
6365 благотворительный фонд;1000000;3;27;16;5;7;help.yandex.ru
дети бэла;1000000;2;9;217;5;7;help.yandex.ru
открытая среда краснодар официальный сайт;2000000;5;41;6;5;7;help.yandex.ru
хоспис дом фрупполо;764000;3;19;18;4;7;help.yandex.ru
школа практической онкологии;1000000;3;28;37;6;7;help.yandex.ru
поиск пропавших красноярск;1000000;3;26;498;5;7;help.yandex.ru
яндекс онлайн коронавирус;1000000;3;25;8;6;7;help.yandex.ru
региональный общественный фонд правовой защиты и поддержки инвалидов без барьеров;2000000;10;81;11;5;7;help.yandex.ru
радомира центр официальный сайт;2000000;4;31;15;6;7;help.yandex.ru
радость ясного взора;148000;3;20;45;6;7;help.yandex.ru
благотворительные фонды россии помощи животным;3000000;5;46;34;5;7;help.yandex.ru
бездомные животные помощь;2000000;3;25;13295;5;7;help.yandex.ru
сева выводцев;14000;2;13;13;6;7;help.yandex.ru
такси помощь;2000000;2;12;5395;4;7;help.yandex.ru
рядом про;450000;2;9;24470;1;7;help.yandex.ru
бф солнце мое;1000000;3;13;2;2;7;help.yandex.ru
чужие кампании в метрике что это;104000;6;32;4;3;7;help.yandex.ru
фонды для помощи животным;2000000;4;25;130;2;7;help.yandex.ru
фонды помощи бездомным животным в россии;1000000;6;40;11;2;7;help.yandex.ru
благотворительная организация большая перемена;2000000;4;46;7;1;7;help.yandex.ru
центр реабилитации наш солнечный мир;76000;5;36;47;3;7;help.yandex.ru
фонд хабенского как перевести деньги;974000;5;36;43;2;7;help.yandex.ru
support yandex com;1000000;3;18;349;3;7;help.yandex.ru
сестры помощь;123000;2;13;31502;2;7;help.yandex.ru
как подать заявление на грант;327000;5;29;58;3;7;help.yandex.ru
люди маяки благотворительный;1000000;3;28;136;3;7;help.yandex.ru
благотворительный фонд памяти ильи и василисы;719000;6;45;1;1;7;help.yandex.ru
яндекс метрика москва;1000000;3;21;36;3;7;help.yandex.ru
благотворительные организации помощи животным;2000000;4;45;102;4;7;help.yandex.ru
благотворительный фонд памяти николая богатикова;363000;5;48;12;1;7;help.yandex.ru
фонд животных благотворительный;1000000;3;31;2860;132;8;help.yandex.ru
сестры центр;924000;2;12;7924;173;8;help.yandex.ru
помощь бездомным животным;2000000;3;25;12424;385;8;help.yandex.ru
мои счетчики яндекс;2000000;3;19;238;169;8;help.yandex.ru
аутизм это болезнь или нет;109000;5;26;271;261;8;help.yandex.ru
yandex metrics;311000;2;14;271;141;8;help.yandex.ru
фонд борьбы с онкологическими заболеваниями кишечника колоректальным раком;951000;8;74;2;0;7;help.yandex.ru
жизнь с аутизмом и без него;1000000;6;27;5773;265;8;help.yandex.ru
социальная служба оптима;1000000;3;24;13;0;7;help.yandex.ru
что такое метрика яндекс;449000;4;24;1313;214;8;help.yandex.ru
помогайте животным;897000;2;18;45248;1;7;help.yandex.ru
http clck yandex ru;361000;4;19;644;0;7;help.yandex.ru
проект яндекс;732000;2;13;11664;161;8;help.yandex.ru
яндекс метрика личный кабинет;1000000;4;29;3998;2953;8;help.yandex.ru
инфраструктурный фонд;1000000;2;21;683;1;7;help.yandex.ru
настенька фонд;751000;2;14;383;128;8;help.yandex.ru
общие дети;2000000;2;10;207786;69;8;help.yandex.ru
соломон фонд благотворительный;1000000;3;30;153;82;8;help.yandex.ru
яндекс саппорт;765000;2;14;347;100;8;help.yandex.ru
благотворительный фонд синдром любви;764000;4;36;126;79;8;help.yandex.ru
воронье гнездо приют;64000;3;20;261;88;8;help.yandex.ru
статистика сайта яндекс;2000000;3;23;541;74;8;help.yandex.ru
свет в руках фонд;852000;4;17;447;113;8;help.yandex.ru
благотворительный фонд равновесие;955000;3;33;113;90;8;help.yandex.ru
яндекс витрина;443000;2;14;2105;109;8;help.yandex.ru
поддержка бизнеса яндекс;2000000;3;24;3503;84;8;help.yandex.ru
спектр а;2000000;2;8;24310;117;8;help.yandex.ru
яндекс директ полная версия;955000;4;27;121;112;8;help.yandex.ru
природа и люди;1000000;3;14;498014;79;8;help.yandex.ru
ресурс центр;1000000;2;12;26271;101;8;help.yandex.ru
жизнь одна благотворительный фонд;4000000;4;33;341;122;8;help.yandex.ru
возрождение природы;232000;2;19;3416;64;8;help.yandex.ru
благотворительный фонд артемка;383000;3;30;76;46;8;help.yandex.ru
каритас благотворительный фонд;269000;3;30;117;50;8;help.yandex.ru
благотворительный фонд теплый дом;2000000;4;33;85;52;8;help.yandex.ru
благотворительный фонд семья вместе;2000000;4;35;95;49;8;help.yandex.ru
дети бабочки благотворительный фонд;2000000;4;35;165;50;8;help.yandex.ru
синяя птица благотворительный фонд;1000000;4;34;119;46;8;help.yandex.ru
благотворительная больница;630000;2;26;1013;61;8;help.yandex.ru
фонд собаки которые любят;849000;4;25;112;51;8;help.yandex.ru
пространство общения;234000;2;20;7166;56;8;help.yandex.ru
яндекс ру поддержка;2000000;3;19;497;50;8;help.yandex.ru
планета добра;330000;2;13;4408;61;8;help.yandex.ru
возьми счастье в дом;1000000;4;20;231;57;8;help.yandex.ru
яндекс такси для инвалидов;1000000;4;26;254;47;8;help.yandex.ru
как поехать на такси бесплатно;2000000;5;30;133;52;8;help.yandex.ru
школа героев москва;1000000;3;19;3805;61;8;help.yandex.ru
подари подарок благотворительный фонд официальный сайт;2000000;6;54;46;46;8;help.yandex.ru
благотворительный фонд настенька;291000;3;32;117;38;8;help.yandex.ru
луч надежды реабилитационный центр;1000000;4;34;138;39;8;help.yandex.ru
синяя птица фонд;807000;3;16;244;42;8;help.yandex.ru
звезда милосердия благотворительный фонд;1000000;4;40;86;39;8;help.yandex.ru
где попросить помощи в трудной жизненной ситуации;2000000;7;49;83;40;8;help.yandex.ru
помощь животным благотворительный фонд;2000000;4;38;1094;39;8;help.yandex.ru
ясенева поляна;715000;2;14;327;45;8;help.yandex.ru
яндекс мет;539000;2;10;381;41;8;help.yandex.ru
бф созидание;21000;2;12;122;42;8;help.yandex.ru
поддержка яндекс для бизнеса;2000000;4;28;538;39;8;help.yandex.ru
фонд содружество;898000;2;16;408;45;8;help.yandex.ru
фонд константина хабенского чем занимается;426000;5;42;47;44;8;help.yandex.ru
большая перемена фонд благотворительный;2000000;4;39;50;39;8;help.yandex.ru
центр святителя василия великого;1000000;4;32;197;42;8;help.yandex.ru
благотворительный фонд синяя птица;1000000;4;34;117;46;8;help.yandex.ru
фонд крохино;267000;2;12;125;38;8;help.yandex.ru
каритас новосибирск;164000;2;19;118;29;8;help.yandex.ru
лапа дружбы;131000;2;11;572;31;8;help.yandex.ru
support яндекс;714000;2;14;572;34;8;help.yandex.ru
детская деревня sos пушкин;511000;4;26;157;30;8;help.yandex.ru
перспективы фонд;127000;2;16;2407;31;8;help.yandex.ru
во имя добра;806000;3;12;1910;29;8;help.yandex.ru
яндекс помощь такси;2000000;3;19;827;37;8;help.yandex.ru
оберег благотворительный фонд;1000000;3;29;271;32;8;help.yandex.ru
дедморозим фонд;309000;2;15;301;35;8;help.yandex.ru
темида;6000000;1;6;398;31;8;help.yandex.ru
помощь собакам;2000000;2;14;24451;37;8;help.yandex.ru
сводка яндекс;497000;2;13;579;37;8;help.yandex.ru
фонд обыкновенное чудо;1000000;3;22;119;29;8;help.yandex.ru
как работать с яндекс метрикой;685000;5;30;83;34;8;help.yandex.ru
yandex analytics;239000;2;16;360;37;8;help.yandex.ru
поиск пропавших людей красноярск;2000000;4;32;76;29;8;help.yandex.ru
каритас омск официальный сайт омск;2000000;5;34;29;21;8;help.yandex.ru
мбоо справедливая помощь доктора лизы;2000000;5;37;36;23;8;help.yandex.ru
со единение фонд;2000000;3;16;122;25;8;help.yandex.ru
сэфер;105000;1;5;118;22;8;help.yandex.ru
bfkh;4000;1;4;205;23;8;help.yandex.ru
фонд дети плюс;1000000;3;14;64;22;8;help.yandex.ru
метрика вебмастер;210000;2;17;390;27;8;help.yandex.ru
яндекс метрика это простыми словами;1000000;5;35;25;24;8;help.yandex.ru
благотворительный фонд диакония;572000;3;31;93;26;8;help.yandex.ru
оооибрс;3000;1;7;63;23;8;help.yandex.ru
фонд единение;1000000;2;13;242;27;8;help.yandex.ru
диакония благотворительный фонд;271000;3;31;93;26;8;help.yandex.ru
благотворительный фонд жени шохиной живем;444000;5;41;28;22;8;help.yandex.ru
верное направление благотворительный фонд;1000000;4;41;36;26;8;help.yandex.ru
фонд навстречу переменам;334000;3;24;119;28;8;help.yandex.ru
добросвет фонд;448000;2;14;211;21;8;help.yandex.ru
благотворительный фонд верность;308000;3;31;114;15;8;help.yandex.ru
фонд для животных;872000;3;17;1476;17;8;help.yandex.ru
фонд родительский мост;518000;3;22;124;18;8;help.yandex.ru
помощь людям попавшим в трудную;2000000;5;31;1306;17;8;help.yandex.ru
благотворительный фонд оксаны федоровой;457000;4;39;120;17;8;help.yandex.ru
найди семью благотворительный фонд;2000000;4;34;40;15;8;help.yandex.ru
деревня сос вологда;200000;3;19;138;19;8;help.yandex.ru
статистика посещения сайта яндекс;236000;4;33;65;18;8;help.yandex.ru
благотворительный фонд дети ждут;2000000;4;32;69;19;8;help.yandex.ru
как называется фонд хабенского;443000;4;30;78;17;8;help.yandex.ru
добрый юг краснодар благотворительный фонд официальный сайт;2000000;7;59;20;19;8;help.yandex.ru
фонд борьбы с инсультом орби;443000;5;28;126;19;8;help.yandex.ru
детский дом пожертвование;2000000;3;25;342;17;8;help.yandex.ru
пространство общения центр;693000;3;26;93;18;8;help.yandex.ru
золотая капля благотворительный фонд;1000000;4;36;40;20;8;help.yandex.ru
святое белогорье фонд;574000;3;21;110;15;8;help.yandex.ru
помощь бездомным беспородным животным;2000000;4;37;99;12;8;help.yandex.ru
daylapu help;117000;2;12;35;13;8;help.yandex.ru
операция бабушка фонд;400000;3;21;56;14;8;help.yandex.ru
сестры центр помощи женщинам;2000000;4;28;15;13;8;help.yandex.ru
дети плюс официальный сайт;2000000;4;26;49;13;8;help.yandex.ru
верю в чудо фонд;983000;4;16;197;12;8;help.yandex.ru
изгелек октябрьский башкортостан;69000;3;32;19;15;8;help.yandex.ru
фонд бэла дети бабочки;1000000;4;22;66;14;8;help.yandex.ru
петербургские родители благотворительный фонд;653000;4;45;18;15;8;help.yandex.ru
solomon charity;21000;2;15;19;13;8;help.yandex.ru
оберег фонд;938000;2;11;376;15;8;help.yandex.ru
ресурс центр психологической помощи;1000000;4;35;37;15;8;help.yandex.ru
хотела помочь;45000;2;13;86412;13;8;help.yandex.ru
яндекс художник;563000;2;15;830;15;8;help.yandex.ru
фонд добрый город петербург;1000000;4;27;89;15;8;help.yandex.ru
ано центр адаптации и физического развития детей с ограниченными возможностями;2000000;10;78;19;12;8;help.yandex.ru
защита и помощь бездомным животным;2000000;5;34;55;8;8;help.yandex.ru
bigchange ru;1000000;2;12;15;10;8;help.yandex.ru
фонд рауль;301000;2;10;65;10;8;help.yandex.ru
кто помогает бесплатно;2000000;3;22;960;10;8;help.yandex.ru
нить добра фонд;912000;3;15;37;10;8;help.yandex.ru
мастер ок санкт петербург;784000;4;25;71;8;8;help.yandex.ru
дом фрупполо калининград;1000000;3;24;30;12;8;help.yandex.ru
хранители детства благотворительный фонд;1000000;4;40;13;10;8;help.yandex.ru
кризисный центр для женщин красноярск;847000;5;37;32;11;8;help.yandex.ru
помощь людям оказавшимся в сложной жизненной ситуации;2000000;7;53;104;10;8;help.yandex.ru
бф движение это жизнь;876000;4;21;18;12;8;help.yandex.ru
помощь благотворительность;2000000;2;26;3475;12;8;help.yandex.ru
благотворительный фонд здесь и сейчас;5000000;5;37;34;9;8;help.yandex.ru
родительский мост благотворительный фонд санкт петербургский;1000000;6;60;44;11;8;help.yandex.ru
помочь приюту для животных москва;1000000;5;33;28;12;8;help.yandex.ru
программа помощи;2000000;2;16;156634;8;8;help.yandex.ru
получение гранта на социальный проект;797000;5;37;477;5;8;help.yandex.ru
downside up;252000;2;11;104;6;8;help.yandex.ru
бэла фонд;328000;2;9;101;7;8;help.yandex.ru
помощь в жизненных ситуациях;69000;4;28;19309;5;8;help.yandex.ru
special garden;570000;2;14;608;6;8;help.yandex.ru
фонд диакония;456000;2;13;132;5;8;help.yandex.ru
юна фонд;2000000;2;8;397;7;8;help.yandex.ru
веб метрика;319000;2;11;558;6;8;help.yandex.ru
волонтерская команда гудсерфинг;167000;3;31;7;7;8;help.yandex.ru
метрика войти;2000000;2;13;1074;6;8;help.yandex.ru
как получить грант нко;2000000;4;22;74;7;8;help.yandex.ru
яндекс ру суппорт;2000000;3;17;52;7;8;help.yandex.ru
реклама нко;2000000;2;11;380;5;8;help.yandex.ru
сбор помощи приюту для животных;2000000;5;31;91;7;8;help.yandex.ru
детская деревня sos вологда;543000;4;27;29;8;8;help.yandex.ru
благотворительные организации для животных;1000000;4;42;166;5;8;help.yandex.ru
грантовая деятельность нко;1000000;3;26;8;0;8;help.yandex.ru
крохино ру;2000000;2;10;1;1;8;help.yandex.ru
свет в руках сайт;2000000;4;17;60;2;8;help.yandex.ru
благотворительный фонд семья плюс;2000000;4;33;19;1;8;help.yandex.ru
темида это;2000000;2;10;7;2;8;help.yandex.ru
центра сестры;768000;2;13;7824;1;8;help.yandex.ru
как подать грант;185000;3;16;1081;4;8;help.yandex.ru
верное направление благотворительная служба;1000000;4;43;6;2;8;help.yandex.ru
фонд золотая капля;1000000;3;18;40;3;8;help.yandex.ru
добавьте код счетчика в html код всех страниц сайта;3000000;9;51;9;2;8;help.yandex.ru
нижегородская региональная общественная организация инклюзивный центр семьи и детства умка;2000000;10;90;5;4;8;help.yandex.ru
благотворительный фонд животных россии;2000000;4;38;124;4;8;help.yandex.ru
неизлечима здорова яндекс;520000;3;25;312;1;8;help.yandex.ru
доброшрифт что это;3000000;3;18;3;3;8;help.yandex.ru
подари жизнь благотворительные организации россии;2000000;5;49;34;5;8;help.yandex.ru
челябинская региональная общественная организация молодежи с ограниченными возможностями здоровья наше место;1000000;11;108;1;0;8;help.yandex.ru
солнечный город фонд;1000000;3;20;727;104;9;help.yandex.ru
фонд дети наши;363000;3;14;1166;162;9;help.yandex.ru
доброшрифт;3000;1;10;549;280;9;help.yandex.ru
яндекс проект;1000000;2;13;11156;160;9;help.yandex.ru
благотворительный фонд свет в руках;34000;5;35;267;190;9;help.yandex.ru
яндекс поддержка онлайн;2000000;3;23;627;140;9;help.yandex.ru
перспективы благотворительная;565000;2;29;363;0;8;help.yandex.ru
движение вверх фонд благотворительный;1000000;4;37;390;273;9;help.yandex.ru
наша жизнь с аутизмом и без дзен;1000000;7;32;1535;675;9;help.yandex.ru
живи сейчас фонд;4000000;3;16;613;166;9;help.yandex.ru
наташи едыкиной;30000;2;15;187;0;8;help.yandex.ru
фонд динго официальный;97000;3;22;15;0;8;help.yandex.ru
адвита фонд;463000;2;11;1102;147;9;help.yandex.ru
yandex metrica;257000;2;14;944;421;9;help.yandex.ru
sam yandex;10000;2;10;162;0;8;help.yandex.ru
сос детская деревня;410000;3;19;1547;101;9;help.yandex.ru
фонд ночлежка;945000;2;13;264;56;9;help.yandex.ru
благотворительный фонд берегиня;340000;3;31;130;65;9;help.yandex.ru
яндекс метрику;513000;2;14;136218;77;9;help.yandex.ru
ал анон россии официальный сайт;3000000;5;31;104;62;9;help.yandex.ru
кто не может быть грантодателем для нко;345000;7;39;212;68;9;help.yandex.ru
яндекс суппорт;727000;2;14;313;58;9;help.yandex.ru
благотворительная организация перспективы;984000;3;41;216;87;9;help.yandex.ru
аиф доброе сердце благотворительный фонд;827000;5;40;192;70;9;help.yandex.ru
перспективы благотворительная организация;670000;3;41;196;85;9;help.yandex.ru
простые вещи инклюзивные мастерские;1000000;4;35;130;66;9;help.yandex.ru
игра фонд;668000;2;9;3865;88;9;help.yandex.ru
нко гранты;245000;2;10;6270;86;9;help.yandex.ru
фонд арифметика добра;538000;3;21;521;60;9;help.yandex.ru
банк еды;1000000;2;8;8744;77;9;help.yandex.ru
хабенский благотворительный фонд;549000;3;32;1860;89;9;help.yandex.ru
дарина фонд;1000000;2;11;266;48;9;help.yandex.ru
рядом рф;794000;2;8;24218;35;9;help.yandex.ru
детская деревня sos пушкин официальный сайт;2000000;6;43;38;38;9;help.yandex.ru
фонд бумажная птица благотворительный;1000000;4;37;77;43;9;help.yandex.ru
гранты для нко и на социальные проекты;2000000;7;38;55;38;9;help.yandex.ru
милосердие детям благотворительный фонд официальный сайт;3000000;6;56;43;41;9;help.yandex.ru
вера надежда любовь фонд;478000;4;24;91;36;9;help.yandex.ru
больше чем можешь благотворительный фонд;2000000;5;40;78;45;9;help.yandex.ru
фонд 102;585000;2;8;448;42;9;help.yandex.ru
подать заявку на грант;155000;4;22;1759;44;9;help.yandex.ru
фонд анастасия;381000;2;14;1214;39;9;help.yandex.ru
сайт дети ждут;2000000;3;14;550;45;9;help.yandex.ru
фонд алиса;1000000;2;10;2705;44;9;help.yandex.ru
кросс девайс;92000;2;12;247;36;9;help.yandex.ru
благотворительный фонд бумажная птица;953000;4;37;77;43;9;help.yandex.ru
информирование об аутизме;53000;3;25;2742;47;9;help.yandex.ru
благотворительный фонд мои друзья;2000000;4;33;445;35;9;help.yandex.ru
добро шрифт;365000;2;11;955;26;9;help.yandex.ru
goodsurfing org;133000;2;15;38;29;9;help.yandex.ru
созидатели фонд;1000000;2;15;864;30;9;help.yandex.ru
что такое яндекс метрика и зачем он нужен;769000;8;41;28;27;9;help.yandex.ru
фонд дети марии;1000000;3;15;173;30;9;help.yandex.ru
фонд вера надежда любовь;958000;4;24;96;26;9;help.yandex.ru
наш солнечный мир реабилитационный центр;2000000;5;40;187;34;9;help.yandex.ru
ассоциация благополучие животных;335000;3;32;78;30;9;help.yandex.ru
рбоо центр лечебной педагогики;1000000;4;30;86;33;9;help.yandex.ru
со единение;824000;2;11;1689;30;9;help.yandex.ru
синдром любви фонд;669000;3;18;195;34;9;help.yandex.ru
фонд клуб добряков;1000000;3;18;546;34;9;help.yandex.ru
внимание и забота;437000;3;17;9497;26;9;help.yandex.ru
как подать заявку на грант;340000;5;26;457;31;9;help.yandex.ru
яндекс для бизнеса поддержка;815000;4;28;491;35;9;help.yandex.ru
брянский молодежный центр;757000;3;25;63;26;9;help.yandex.ru
фонд изгелек;442000;2;12;184;19;9;help.yandex.ru
яндекс метрика инструкция;657000;3;25;88;19;9;help.yandex.ru
сайт пожертвований;2000000;2;18;1281;20;9;help.yandex.ru
фонд вирта;1000000;2;10;131;19;9;help.yandex.ru
мир меняют люди;2000000;3;15;2025;19;9;help.yandex.ru
национальный фонд защиты детей от жестокого обращения официальный сайт;2000000;9;70;20;19;9;help.yandex.ru
фонд настенька официальный сайт благотворительный фонд;2000000;6;54;38;24;9;help.yandex.ru
веб аналитика яндекс;646000;3;20;283;19;9;help.yandex.ru
пенза рука помощи бездомным животным;2000000;5;36;168;23;9;help.yandex.ru
цвет жизни фонд;2000000;3;15;66;19;9;help.yandex.ru
дети мск ру фонд;2000000;4;16;91;25;9;help.yandex.ru
радуга фонд;970000;2;11;418;23;9;help.yandex.ru
гранты для ано;1000000;3;14;141;19;9;help.yandex.ru
аланон что это;2000000;3;14;34;23;9;help.yandex.ru
бф волонтеры в помощь детям сиротам;2000000;6;35;61;25;9;help.yandex.ru
best buddies russia;2000000;3;19;18;18;9;help.yandex.ru
цвет жизни благотворительный фонд;1000000;4;33;28;15;9;help.yandex.ru
благотворительный фонд добросердие;483000;3;34;20;15;9;help.yandex.ru
дом удивительных людей 77;2000000;4;25;25;16;9;help.yandex.ru
фонд добросвет;329000;2;14;178;15;9;help.yandex.ru
фонд дети саха азия;1000000;4;19;27;16;9;help.yandex.ru
грант для нко;863000;3;13;3410;15;9;help.yandex.ru
verimtebe;2000;1;9;59;17;9;help.yandex.ru
благотворительный фонд независимость;958000;3;36;70;16;9;help.yandex.ru
море добра;975000;2;10;15881;17;9;help.yandex.ru
страна детям;1000000;2;12;120169;16;9;help.yandex.ru
фонд помощи детям сиротам;2000000;4;25;571;18;9;help.yandex.ru
грант нко;450000;2;9;7231;17;9;help.yandex.ru
детская деревня вологда;510000;3;23;177;15;9;help.yandex.ru
приют подарок судьбы;1000000;3;20;213;16;9;help.yandex.ru
ассоциация выпускников спбгу;727000;3;28;47;18;9;help.yandex.ru
что такое аутический спектр;70000;4;27;103;14;9;help.yandex.ru
хочешь помочь;1000000;2;13;86411;11;9;help.yandex.ru
вершина первая помощь москва;3000000;4;28;32;12;9;help.yandex.ru
помощь аутистам;1000000;2;15;566;12;9;help.yandex.ru
фонд движение жизнь паркинсона;1000000;4;30;89;12;9;help.yandex.ru
белогорье против детского рака;757000;4;30;514;12;9;help.yandex.ru
движение это жизнь благотворительный фонд официальный сайт;2000000;7;58;11;11;9;help.yandex.ru
фонд святое белогорье;565000;3;21;109;14;9;help.yandex.ru
благотворительный фонд центр святителя василия великого;1000000;6;55;21;12;9;help.yandex.ru
туба фонд;1000000;2;9;93;13;9;help.yandex.ru
фонд advita;347000;2;11;89;12;9;help.yandex.ru
благотворительный фонд в твоих руках;1000000;5;36;21;14;9;help.yandex.ru
вектор жизни самара;735000;3;19;42;14;9;help.yandex.ru
фонд старшие братья старшие сестры;947000;5;34;37;11;9;help.yandex.ru
бесплатное такси для онкобольных;2000000;4;32;41;12;9;help.yandex.ru
метрики яндекс метрика;516000;3;22;142190;14;9;help.yandex.ru
фонд гуманитарное действие;688000;3;26;77;11;9;help.yandex.ru
белла дети бабочки;101000;3;18;40;8;9;help.yandex.ru
фонд жизненный путь москва;324000;4;26;12;8;9;help.yandex.ru
master ok;577000;2;9;210;9;9;help.yandex.ru
доброделы петербурга благотворительный фонд;769000;4;43;10;8;9;help.yandex.ru
благотворительный фонд для собак;2000000;4;32;77;9;9;help.yandex.ru
помогите животным;791000;2;17;45252;8;9;help.yandex.ru
орби это в медицине;2000000;4;19;10;9;9;help.yandex.ru
обнаженные сердца аутизм;256000;3;24;74;9;9;help.yandex.ru
моо старшие братья старшие сестры;788000;5;33;24;9;9;help.yandex.ru
благотворительный фонд марины гутерман;959000;4;38;12;9;9;help.yandex.ru
настенька фонд помощи детям;2000000;4;27;10;10;9;help.yandex.ru
бф детские сердца;1000000;3;17;25;9;9;help.yandex.ru
кризисный центр красноярск с детьми для женщин;2000000;7;46;8;8;9;help.yandex.ru
бездомным животным;6000;2;18;69584;9;9;help.yandex.ru
фонд водяновой;293000;2;14;273;10;9;help.yandex.ru
благотворительный фонд спасения тяжелобольных детей линия жизни;2000000;7;63;22;8;9;help.yandex.ru
бф дедморозим;29000;2;13;7;6;9;help.yandex.ru
ме трика;663000;2;8;22;6;9;help.yandex.ru
urbananimal ru;1000000;2;14;11;7;9;help.yandex.ru
центр верба красноярск официальный сайт;2000000;5;39;6;6;9;help.yandex.ru
грантовая поддержка нко;1000000;3;23;406;7;9;help.yandex.ru
ворди орг;158000;2;9;10;6;9;help.yandex.ru
фонд время детства;2000000;3;18;34;7;9;help.yandex.ru
грантодатели для нко;1000000;3;20;288;7;9;help.yandex.ru
дай лапу фонд помощи животным;2000000;5;29;10;7;9;help.yandex.ru
фонд в твоих руках;1000000;4;18;34;6;9;help.yandex.ru
yandex коронавирус статистика;322000;3;29;20;8;9;help.yandex.ru
дети ждут московская область;2000000;4;28;45;7;9;help.yandex.ru
старость на радость;142000;3;19;650;6;9;help.yandex.ru
фонд бабочки;1000000;2;12;810;7;9;help.yandex.ru
изумрудный город фонд;1000000;3;21;51;8;9;help.yandex.ru
дети жду;614000;2;8;63242;6;9;help.yandex.ru
аистенок ишим благотворительный фонд;277000;4;36;3;3;9;help.yandex.ru
у кого можно попросить помощи;2000000;5;29;336;4;9;help.yandex.ru
бф измени одну жизнь;4000000;4;20;25;4;9;help.yandex.ru
yandexmetrica com;1000000;2;17;34;4;9;help.yandex.ru
милосердия детям благотворительный фонд;2000000;4;39;319;4;9;help.yandex.ru
благотворительный фонд апельсин;1000000;3;31;8;3;9;help.yandex.ru
бф жить вместе;821000;3;14;11;5;9;help.yandex.ru
фонд доброделы петербурга;533000;3;25;8;4;9;help.yandex.ru
рука помощи пенза;2000000;3;17;193;5;9;help.yandex.ru
проект помощи пожилым людям;3000000;4;27;418;4;9;help.yandex.ru
ано центр пространство общения;478000;4;30;10;5;9;help.yandex.ru
ано марфо мариинский центр для детей с ограниченными возможностями здоровья;2000000;10;75;14;5;9;help.yandex.ru
фонд это чудо;186000;3;13;87;4;9;help.yandex.ru
родительский мост спб;600000;3;21;53;5;9;help.yandex.ru
народный контроль жкх;2000000;3;21;110;6;9;help.yandex.ru
благотворительный фонд имени наташи едыкиной;1000000;5;44;36;3;9;help.yandex.ru
фонд хабенский;303000;2;14;12330;259;10;help.yandex.ru
яндекс ковид график;615000;3;19;3;0;9;help.yandex.ru
m taxi yandex ru;966000;4;16;4;0;9;help.yandex.ru
реклама благотворительного фонда пример;144000;4;39;10;0;9;help.yandex.ru
02 апреля аутизм;3000000;3;16;2;0;9;help.yandex.ru
поддержка яндекс бизнес;2000000;3;23;3326;776;10;help.yandex.ru
аутизм россия;1000000;2;13;4533;2;9;help.yandex.ru
как пользоваться метрикой яндекс инструкция;256000;5;43;1;0;9;help.yandex.ru
main ya;89000;2;7;675;1;9;help.yandex.ru
приют динго ахтубинск;35000;3;21;3;0;9;help.yandex.ru
cleangames org;201000;2;14;23;2;9;help.yandex.ru
старшие братья старшие сестры тверь;366000;5;35;1;1;9;help.yandex.ru
поддержка яндекса;1000000;2;17;282221;1242;10;help.yandex.ru
best buddies москва;872000;3;19;2;1;9;help.yandex.ru
фонд альцрус сайт;3000000;3;17;43;2;9;help.yandex.ru
line life;946000;2;9;3631;220;10;help.yandex.ru
верю в чудо калининград;267000;4;23;172;70;10;help.yandex.ru
благотворительный фонд маяк;735000;3;27;3109;79;10;help.yandex.ru
фонд я без мамы;2000000;4;15;416;83;10;help.yandex.ru
мусора больше нет;2000000;3;17;502;74;10;help.yandex.ru
яндекс практикум войти в личный кабинет;2000000;6;39;84;82;10;help.yandex.ru
котодетки благотворительный фонд;318000;3;32;104;72;10;help.yandex.ru
яндекс онлайн поддержка;1000000;3;23;627;140;10;help.yandex.ru
goodsurfing;4000;1;11;131;82;10;help.yandex.ru
кораблик фонд;991000;2;13;380;95;10;help.yandex.ru
метрику;2000000;1;7;383325;81;10;help.yandex.ru
солнечный город фонд благотворительный;1000000;4;38;382;156;10;help.yandex.ru
фонд лучшие друзья;3000000;3;18;275;129;10;help.yandex.ru
бф равновесие;781000;2;13;86;73;10;help.yandex.ru
жизненный путь фонд;695000;3;19;207;95;10;help.yandex.ru
что такое яндекс метрика;764000;4;24;1313;214;10;help.yandex.ru
берегиня пермь;92000;2;14;409;69;10;help.yandex.ru
sos dd ru;1000000;3;9;116;48;10;help.yandex.ru
аутизм это что такое простым;1000000;5;28;3114;51;10;help.yandex.ru
теплый прием приют для бездомных;410000;5;32;74;55;10;help.yandex.ru
фонд помощи взрослым живой;2000000;4;26;100;51;10;help.yandex.ru
константин хабенский фонд благотворительный;335000;4;43;883;53;10;help.yandex.ru
русдог;5000;1;6;155;50;10;help.yandex.ru
край милосердия;301000;2;15;738;56;10;help.yandex.ru
яндекс поиск справка;2000000;3;20;334;54;10;help.yandex.ru
старшие братья старшие сестры;354000;4;29;81384;55;10;help.yandex.ru
весна фонд;992000;2;10;552;52;10;help.yandex.ru
autizm;154000;1;6;548;64;10;help.yandex.ru
ночлежка благотворительный фонд;1000000;3;31;84;56;10;help.yandex.ru
счастье дарить счастье приют;163000;4;28;117;50;10;help.yandex.ru
аутизм регионы официальный сайт;2000000;4;31;75;55;10;help.yandex.ru
сервисы яндекс для бизнеса;2000000;4;26;666;64;10;help.yandex.ru
ника фонд помощи бездомным животным;2000000;5;35;127;45;10;help.yandex.ru
чужих детей не бывает хабаровск;1000000;5;31;67;30;10;help.yandex.ru
дарящие надежду фонд помощи животным;2000000;5;36;54;35;10;help.yandex.ru
фонд дети ждут;1000000;3;14;158;38;10;help.yandex.ru
ано наш солнечный мир;2000000;4;21;119;34;10;help.yandex.ru
неизлечимо здорова яндекс;601000;3;25;340;37;10;help.yandex.ru
фонд созвездие добра;1000000;3;20;117;31;10;help.yandex.ru
справочная яндекс;683000;2;17;1227;40;10;help.yandex.ru
каритас что это;2000000;3;15;58;38;10;help.yandex.ru
как бесплатно ездить на такси;1000000;5;29;131;40;10;help.yandex.ru
фонд ани чижовой;349000;3;16;209;36;10;help.yandex.ru
инклюзивный центр;1000000;2;17;4568;40;10;help.yandex.ru
help ru;1000000;2;7;47748;40;10;help.yandex.ru
дед морозим;92000;2;11;175;33;10;help.yandex.ru
яндекс поддержка для бизнеса;2000000;4;28;562;39;10;help.yandex.ru
верба красноярск;169000;2;16;1075;41;10;help.yandex.ru
помощь приютам для животных в москве;2000000;6;36;52;30;10;help.yandex.ru
добросвет официальный сайт воронеж;2000000;4;34;64;23;10;help.yandex.ru
фонд общие дети воронеж;1000000;4;23;69;25;10;help.yandex.ru
донор сеарч;23000;2;11;34;26;10;help.yandex.ru
подари завтра;4000000;2;13;2430;25;10;help.yandex.ru
фонд со единение;2000000;3;16;119;25;10;help.yandex.ru
юна подольск приют для животных;269000;5;31;65;24;10;help.yandex.ru
yandex ru такси;1000000;3;15;302;27;10;help.yandex.ru
рука помощи бездомным животным фонд;2000000;5;35;108;25;10;help.yandex.ru
благополучие животных;321000;2;21;1840;26;10;help.yandex.ru
бф соломон официальный сайт;1000000;4;27;25;25;10;help.yandex.ru
фонд журавлик;690000;2;13;399;27;10;help.yandex.ru
бумажный журавлик благотворительный фонд официальный сайт;2000000;6;57;58;26;10;help.yandex.ru
мусора больше нет барнаул официальный сайт;2000000;6;42;27;25;10;help.yandex.ru
фонд свет дети;1000000;3;14;264;26;10;help.yandex.ru
благотворительный фонд даунсайд ап;671000;4;34;124;28;10;help.yandex.ru
дд sos;62000;2;6;35;23;10;help.yandex.ru
фонд гордей официальный сайт;2000000;4;28;39;17;10;help.yandex.ru
best buddies;247000;2;12;607;18;10;help.yandex.ru
добрый журавлик;368000;2;15;135;19;10;help.yandex.ru
бф время добрых;2000000;3;15;44;18;10;help.yandex.ru
русдог приют москва;845000;3;19;19;18;10;help.yandex.ru
наш солнечный мир москва;2000000;4;24;288;17;10;help.yandex.ru
русдог фонд;501000;2;11;29;20;10;help.yandex.ru
верю в чудо калининград благотворительный фонд сайт;2000000;7;51;21;18;10;help.yandex.ru
кому нужна помощь;2000000;3;17;6306;19;10;help.yandex.ru
fund4dogs;3000000;1;9;179;18;10;help.yandex.ru
артемка фонд;309000;2;12;116;21;10;help.yandex.ru
ненапрасно ру;1000000;2;13;48;20;10;help.yandex.ru
учебно кинологический центр собаки помощники;1000000;5;44;59;18;10;help.yandex.ru
фонд яркая жизнь;2000000;3;16;94;19;10;help.yandex.ru
приют евфросинии московской;327000;3;27;68;21;10;help.yandex.ru
изгелек фонд;433000;2;12;165;17;10;help.yandex.ru
бф рауль;812000;2;8;21;13;10;help.yandex.ru
подари еду;586000;2;10;3631;14;10;help.yandex.ru
благотворительные сайты;2000000;2;23;24592;15;10;help.yandex.ru
имя счетчика яндекс метрики что это;1000000;6;35;14;14;10;help.yandex.ru
социальный центр сос мурманск;938000;4;29;18;14;10;help.yandex.ru
поиск людей самара;1000000;3;18;98;13;10;help.yandex.ru
бф настенька;905000;2;12;47;15;10;help.yandex.ru
портал help;448000;2;11;348;15;10;help.yandex.ru
фонд милосердие детям официальный сайт;2000000;5;38;63;15;10;help.yandex.ru
как кататься на такси бесплатно;2000000;5;31;31;14;10;help.yandex.ru
бф рука помощи бездомным животным;2000000;5;33;23;16;10;help.yandex.ru
подать грант;1000000;2;12;4111;15;10;help.yandex.ru
доброе аиф;9000;2;10;603;13;10;help.yandex.ru
подать проект на грант;833000;4;22;233;15;10;help.yandex.ru
альцрус официальный сайт фонд москва;2000000;5;36;16;16;10;help.yandex.ru
фонд экология человека;2000000;3;22;79;13;10;help.yandex.ru
прием пожертвований на сайте;2000000;4;28;16;9;10;help.yandex.ru
помощь взрослым яндекс такси;582000;4;28;155;11;10;help.yandex.ru
фонд бумеранг добра;1000000;3;19;110;11;10;help.yandex.ru
помощь маломобильным;2000000;2;20;2858;10;10;help.yandex.ru
дети ждут ру;2000000;3;12;54;11;10;help.yandex.ru
помочь приюту;588000;2;13;3914;9;10;help.yandex.ru
едыкина;5000;1;7;657;12;10;help.yandex.ru
социальный центр sos мурманск;831000;4;29;37;11;10;help.yandex.ru
национальный фонд развития реабилитации;1000000;4;39;14;11;10;help.yandex.ru
фонд николая чудотворца официальный сайт;2000000;5;40;67;11;10;help.yandex.ru
фонд верю в чудо;467000;4;16;169;12;10;help.yandex.ru
добросердие;4000;1;11;122;12;10;help.yandex.ru
фонд добросердие;584000;2;16;33;9;10;help.yandex.ru
велес фонд;930000;2;10;104;11;10;help.yandex.ru
чусо социальный центр sos мурманск;1000000;5;34;18;12;10;help.yandex.ru
метрика ру;1000000;2;10;505;9;10;help.yandex.ru
счетчик яндекса;546000;2;15;7022;6;10;help.yandex.ru
бф собаки которые любят;534000;4;23;11;7;10;help.yandex.ru
получить поддержку;891000;2;18;33948;7;10;help.yandex.ru
благотворительный фонд движение жизнь;2000000;4;37;198;7;10;help.yandex.ru
яндекс метрика демоверсия;5000;3;25;22;7;10;help.yandex.ru
приют новая жизнь;2000000;3;17;498;6;10;help.yandex.ru
яндекс конкурсы;628000;2;15;1349;8;10;help.yandex.ru
синерджи барнаул;85000;2;16;21;7;10;help.yandex.ru
центр реабилитации временно бездомных животных юна;1000000;6;50;19;8;10;help.yandex.ru
благотворительный фонд общие дети;1000000;4;33;41;7;10;help.yandex.ru
организация ночлежка;1000000;2;20;478;8;10;help.yandex.ru
фонд подари еду;1000000;3;15;37;8;10;help.yandex.ru
яндекс метрика поддержка телефон;2000000;4;32;20;7;10;help.yandex.ru
санкт петербургский благотворительный фонд гуманитарное действие;960000;6;64;10;8;10;help.yandex.ru
кому нужна помощь и как помочь;2000000;6;30;69;8;10;help.yandex.ru
спаси одну жизнь сайт;2000000;4;21;8;6;10;help.yandex.ru
дедморозим официальный сайт благотворительный;2000000;4;45;58;2;10;help.yandex.ru
social accounts yandex team ru;1000000;5;30;11;3;10;help.yandex.ru
помощь людям с вич;2000000;4;18;227;4;10;help.yandex.ru
география добра благотворительный;1000000;3;33;227;3;10;help.yandex.ru
sos villages;47000;2;12;60;4;10;help.yandex.ru
межрегиональная благотворительная общественная организация российский комитет детские деревни sos;410000;9;97;4;2;10;help.yandex.ru
фонд поддержки животных;1000000;3;23;115;6;10;help.yandex.ru
служба верное направление;1000000;3;25;192;4;10;help.yandex.ru
просто другие казань;2000000;3;20;15;4;10;help.yandex.ru
как принимать пожертвования на сайте;1000000;5;36;8;3;10;help.yandex.ru
мне нужно помочь;2000000;3;16;14616;6;10;help.yandex.ru
нижегородский кризисный центр;789000;3;29;143;5;10;help.yandex.ru
юна фонд помощи бездомным животным;2000000;5;34;3;3;10;help.yandex.ru
alzrus org официальный сайт;377000;4;27;4;4;10;help.yandex.ru
помогать бездомным животным;1000000;3;27;2626;6;10;help.yandex.ru
ано паркран;1000000;2;11;13;2;10;help.yandex.ru
фонд жизнь как чудо;1000000;4;19;364;138;11;help.yandex.ru
адели клаб;107000;2;10;14;0;10;help.yandex.ru
солнечный мир реабилитационный центр для детей инвалидов;222000;7;56;3;1;10;help.yandex.ru
благотворительный фонд онкологика;301000;3;33;912;331;11;help.yandex.ru
бф живем шохина;338000;3;15;1;0;10;help.yandex.ru
движение вверх благотворительный фонд;949000;4;37;233;153;11;help.yandex.ru
фонд старшие братья и сестры;950000;5;28;3;2;10;help.yandex.ru
1 апреля аутизм;3000000;3;15;9;1;10;help.yandex.ru
яндекс метрика гайд;432000;3;19;22;1;10;help.yandex.ru
поиск людей самаре;1000000;3;18;98;0;10;help.yandex.ru
сервис социальной поддержки;2000000;3;27;228;2;10;help.yandex.ru
bestbuddies ru;1000000;2;14;3;2;10;help.yandex.ru
жизнь с аутизмом;837000;3;16;10877;190;11;help.yandex.ru
раздел помощь;1000000;2;13;21969;1;10;help.yandex.ru
vbudushee;3000;1;9;165;2;10;help.yandex.ru
провидение фонд;283000;2;15;261;125;11;help.yandex.ru
фонд помощи ника;2000000;3;16;649;37;11;help.yandex.ru
для чего нужна яндекс метрика;916000;5;29;146;53;11;help.yandex.ru
география добра фонд;29000;3;20;343;61;11;help.yandex.ru
инклюзион;29000;1;9;376;49;11;help.yandex.ru
фонд дальше официальный сайт;2000000;4;28;76;57;11;help.yandex.ru
благотворительный фонд дети марии;2000000;4;33;76;45;11;help.yandex.ru
ясное утро психологическая помощь;1000000;4;33;102;72;11;help.yandex.ru
ночлежка фонд;980000;2;13;248;58;11;help.yandex.ru
фонд софия;789000;2;10;486;64;11;help.yandex.ru
дальше фонд официальный сайт;2000000;4;28;74;54;11;help.yandex.ru
дети марии;1000000;2;10;65263;105;11;help.yandex.ru
елизаветинский хоспис;685000;2;21;618;68;11;help.yandex.ru
благотворительный фонд милосердие детям официальный сайт;2000000;6;56;50;48;11;help.yandex.ru
yandex metrika counter;273000;3;22;292;62;11;help.yandex.ru
спорт норма жизни официальный сайт;2000000;5;34;114;107;11;help.yandex.ru
фонд добрый дом;2000000;3;15;387;37;11;help.yandex.ru
святое белогорье против детского рака белгород;844000;6;46;116;26;11;help.yandex.ru
найди семью;2000000;2;11;167452;29;11;help.yandex.ru
changeonelife ru;1000000;2;16;192;31;11;help.yandex.ru
яндекс метрика про;859000;3;18;293;28;11;help.yandex.ru
хоспис маяк;909000;2;11;1548;30;11;help.yandex.ru
фонд справедливая помощь;2000000;3;24;209;26;11;help.yandex.ru
благотворительный фонд журавлик;397000;3;31;303;34;11;help.yandex.ru
адвита благотворительный фонд официальный;426000;4;41;410;30;11;help.yandex.ru
благотворительный фонд перспектива;737000;3;34;139;32;11;help.yandex.ru
движение жизнь фонд;1000000;3;19;684;30;11;help.yandex.ru
журавлик благотворительный фонд;328000;3;31;303;34;11;help.yandex.ru
фонд живой официальный сайт;2000000;4;27;105;34;11;help.yandex.ru
мбоо ночлежка;580000;2;13;64;28;11;help.yandex.ru
искорка благотворительный фонд челябинск;376000;4;40;48;31;11;help.yandex.ru
фонд артист;1000000;2;11;476;36;11;help.yandex.ru
хрупкие люди фонд благотворительный;2000000;4;35;31;25;11;help.yandex.ru
фонд святое белогорье против детского рака в белгороде;1000000;8;54;18;12;11;help.yandex.ru
фонд лавка радостей;1000000;3;19;129;15;11;help.yandex.ru
деревня сос в пушкине спб;462000;5;25;34;19;11;help.yandex.ru
дети мск ру фонд официальный сайт;2000000;6;33;15;15;11;help.yandex.ru
благотворительный фонд шалаш;1000000;3;28;46;17;11;help.yandex.ru
благотворительный фонд потерь нет;412000;4;33;87;12;11;help.yandex.ru
добросвет воронеж официальный сайт;1000000;4;34;64;23;11;help.yandex.ru
бф ангел веры;198000;3;13;25;18;11;help.yandex.ru
благотворительный фонд помощи бездомным животным ника;2000000;6;53;34;22;11;help.yandex.ru
аналитика яндекса;630000;2;17;11758;16;11;help.yandex.ru
каритас омск;103000;2;12;125;24;11;help.yandex.ru
солнечный мир реабилитационный центр;1000000;4;36;316;22;11;help.yandex.ru
хоспис в твери;82000;3;14;84;13;11;help.yandex.ru
центр василия великого санкт петербург официальный сайт;2000000;7;55;23;20;11;help.yandex.ru
берегиня фонд пермь;703000;3;19;90;24;11;help.yandex.ru
бумеранг добра тюмень;486000;3;21;31;12;11;help.yandex.ru
advita ru;895000;2;9;27;7;11;help.yandex.ru
люди будущего фонд;835000;3;18;121;9;11;help.yandex.ru
благотворительный фонд изгелек уфа официальный сайт;2000000;6;51;10;10;11;help.yandex.ru
консультация по аутизму;553000;3;23;80;9;11;help.yandex.ru
изменить одну жизнь;4000000;3;19;9325;10;11;help.yandex.ru
старшие братья и сестры;381000;4;23;28149;7;11;help.yandex.ru
берегиня благотворительный фонд пермь;600000;4;37;28;12;11;help.yandex.ru
leikozu net;132000;2;11;34;10;11;help.yandex.ru
антон здесь рядом фонд;1000000;4;22;14;11;11;help.yandex.ru
аналитики яндекс;562000;2;16;11758;9;11;help.yandex.ru
рас определение воз;5000;3;19;27;12;11;help.yandex.ru
фонд по борьбе с лейкемией официальный сайт;2000000;7;43;14;12;11;help.yandex.ru
фонд дедморозим пермь;575000;3;21;69;8;11;help.yandex.ru
каритас саратов;95000;2;15;16;11;11;help.yandex.ru
как работать в яндекс метрике;1000000;5;29;52;12;11;help.yandex.ru
фонд развития межсекторного социального партнерства;1000000;5;51;18;7;11;help.yandex.ru
кругосветчик;7000000;1;12;2277;12;12;help.yandex.ru
лавка радости благотворительный фонд;1000000;4;36;60;20;12;help.yandex.ru
самю сосьяль;7000;2;12;29;2;11;help.yandex.ru
бф арифметика добра;305000;3;19;40;20;12;help.yandex.ru
центра лечебной педагогики;846000;3;26;1954;0;11;help.yandex.ru
фонд вера паллиативная помощь;2000000;4;29;62;14;12;help.yandex.ru
региональная общественная организация поддержки инвалидов радость;2000000;6;65;20;3;11;help.yandex.ru
фонда второе дыхание;2000000;3;20;1505;2;11;help.yandex.ru
nenaprasno ru;1000000;2;13;47;2;11;help.yandex.ru
информирование об аутизме 2 апреля;3000000;5;34;18;0;11;help.yandex.ru
ясное утро официальный;664000;3;22;161;5;11;help.yandex.ru
расправь крылья фонд;564000;3;20;40;3;11;help.yandex.ru
changeonelife;4000;1;13;217;20;12;help.yandex.ru
happylong;3000;1;9;16;2;11;help.yandex.ru
мой солнечный мир центр реабилитации;2000000;5;36;13;5;11;help.yandex.ru
сельскохозяйственный приют новая жизнь;2000000;4;38;15;9;12;help.yandex.ru
нижегородский кризисный центр для женщин;931000;5;40;8;7;12;help.yandex.ru
