"﻿""Ключевое слово""";Результатов в Яндексе;Слов;Символов;Частотность Весь мир;"""!Частотность !Весь !мир""";Позиция в выдаче Яндекса;id.yandex.ru
как узнать пароль от почты яндекс;2000000;6;33;1233;522;1;id.yandex.ru
как удалить привязанные карты в яндекс;2000000;6;38;167;12;1;id.yandex.ru
настройки яндекс id;889000;3;19;205;27;1;id.yandex.ru
яндекс настройки профиля;867000;3;24;289;58;1;id.yandex.ru
личные настройки;586000;2;16;9672;23;1;id.yandex.ru
яндекс аккаунт настройки;979000;3;24;1063;48;1;id.yandex.ru
настройка профиля яндекс;708000;3;24;285;14;1;id.yandex.ru
яндекс настройки аккаунта;847000;3;25;1063;195;1;id.yandex.ru
настройки профиля яндекс;666000;3;24;285;57;1;id.yandex.ru
настройка яндекс аккаунта;266000;3;25;1065;73;1;id.yandex.ru
как настроить аккаунт яндекс;875000;4;28;388;30;1;id.yandex.ru
настройки яндекс аккаунта;659000;3;25;1065;218;1;id.yandex.ru
яндекс настройка аккаунта;711000;3;25;1063;75;1;id.yandex.ru
яндекс логин вход;1000000;3;17;9343;15;1;id.yandex.ru
настройка аккаунта яндекс;828000;3;25;1065;73;1;id.yandex.ru
настройки аккаунта яндекс;1000000;3;25;1065;218;1;id.yandex.ru
как войти в настройки яндекс;2000000;5;28;231;10;1;id.yandex.ru
яндекс id;704000;2;9;71246;24524;2;id.yandex.ru
как узнать пароль от почты яндекс находясь в ней через телефон;2000000;11;62;9;1;1;id.yandex.ru
yandex account login;406000;3;20;142;4;1;id.yandex.ru
удалить карту из яндекс маркет в приложении;2000000;7;43;36;0;1;id.yandex.ru
личные настройки в яндексе;1000000;4;26;86;4;1;id.yandex.ru
яндекс аккаунт;878000;2;14;279047;35618;2;id.yandex.ru
как отвязать все карты от яндекса;1000000;6;33;65;8;1;id.yandex.ru
как войти в настройки яндекса;2000000;5;29;231;4;1;id.yandex.ru
как отвязать карту на яндекс маркете на телефоне;2000000;8;48;27;7;1;id.yandex.ru
настроины;5000;1;9;233;2;1;id.yandex.ru
как удалить карту из яндекс маркета банковскую в приложении;2000000;9;59;25;10;1;id.yandex.ru
настройки учетной записи яндекс;821000;4;31;115;7;1;id.yandex.ru
аккаунт яндекс;820000;2;14;289735;36541;2;id.yandex.ru
войдите в свой аккаунт яндекс;3000000;5;29;3356;4;1;id.yandex.ru
как удалить карту с аккаунта яндекс;2000000;6;35;115;10;1;id.yandex.ru
настройки;2000000;1;9;6617263;23742;2;id.yandex.ru
яндекс управление аккаунтом;8000;3;27;981;434;2;id.yandex.ru
паспорт яндекс вход;1000000;3;19;1311;692;2;id.yandex.ru
id yandex ru;1000000;3;12;57926;997;2;id.yandex.ru
https id yandex ru;2000000;4;18;50221;631;2;id.yandex.ru
яндекс настройка;37000;2;16;94360;719;2;id.yandex.ru
управление яндекс аккаунтом;954000;3;27;996;442;2;id.yandex.ru
id yandex;310000;2;9;74245;5151;2;id.yandex.ru
яндекс создать новый аккаунт;3000000;4;28;3829;729;2;id.yandex.ru
настройки яндекс;5000;2;16;95523;3543;2;id.yandex.ru
настройка яндекс;5000;2;16;95523;709;2;id.yandex.ru
яндекс ид;565000;2;9;10076;6510;2;id.yandex.ru
yandex id;293000;2;9;74245;5151;2;id.yandex.ru
настройки яндекса;5000;2;17;95523;522;2;id.yandex.ru
яндекс настройки;5000;2;16;94360;3531;2;id.yandex.ru
яндекс айди;569000;2;11;37451;21953;2;id.yandex.ru
аккаунт yandex;503000;2;14;7258;414;2;id.yandex.ru
яндекс ld;851000;2;9;864;232;2;id.yandex.ru
личный кабинет yandex;725000;3;21;14641;278;2;id.yandex.ru
настройка портала яндекс;957000;3;24;985;340;2;id.yandex.ru
я айди;1000000;2;6;6197;262;2;id.yandex.ru
https passport yandex ru;2000000;4;24;4700;283;2;id.yandex.ru
ya id;278000;2;5;3095;252;2;id.yandex.ru
account yandex;492000;2;14;2525;411;2;id.yandex.ru
как настроить яндекс;5000;3;20;59085;295;2;id.yandex.ru
настроить яндекс;644000;2;16;76200;372;2;id.yandex.ru
yandex личный кабинет;537000;3;21;13586;282;2;id.yandex.ru
yandex account;463000;2;14;2525;411;2;id.yandex.ru
яндекс мой профиль;975000;3;18;2028;384;2;id.yandex.ru
id ya;272000;2;5;2854;262;2;id.yandex.ru
яндекс настроить;601000;2;16;74678;362;2;id.yandex.ru
yandex аккаунт;513000;2;14;7258;414;2;id.yandex.ru
почта яндекс регистрация создать новый аккаунт;3000000;6;46;326;224;2;id.yandex.ru
зайти в личный кабинет яндекс;1000000;5;29;2229;127;2;id.yandex.ru
яндекс ади;591000;2;10;186;132;2;id.yandex.ru
яндекс айли;541000;2;11;204;175;2;id.yandex.ru
мой аккаунт в яндекс;446000;4;20;2759;131;2;id.yandex.ru
устройства яндекс аккаунт;1000000;3;25;8864;150;2;id.yandex.ru
мои яндекс аккаунты;1000000;3;19;7146;128;2;id.yandex.ru
яндекс id личный кабинет;1000000;4;24;4169;183;2;id.yandex.ru
яндекс ад;4000;2;9;2515;163;2;id.yandex.ru
yandex settings;268000;2;15;2399;178;2;id.yandex.ru
яндекс ай;775000;2;9;4513;144;2;id.yandex.ru
я ид;1000000;2;4;3862;196;2;id.yandex.ru
личный кабинет яндекс id;42000;4;24;4169;183;2;id.yandex.ru
аккаунт яндекс устройства;801000;3;25;8882;129;2;id.yandex.ru
id yandex личный кабинет;997000;4;24;558;176;2;id.yandex.ru
аккаунт яндекса;858000;2;15;289735;213;2;id.yandex.ru
https passport yandex ru auth origin browser android menu;1000000;9;57;206;126;2;id.yandex.ru
зарегистрировать новый аккаунт яндекс;2000000;4;37;270;91;2;id.yandex.ru
где находится яндекс аккаунт;2000000;4;28;334;100;2;id.yandex.ru
яндекс мой кабинет;663000;3;18;9932;107;2;id.yandex.ru
яндекс id вход в личный кабинет войти в личный;2000000;9;46;697;98;2;id.yandex.ru
настройки общие;593000;2;15;10196;101;2;id.yandex.ru
яндекс йд;514000;2;9;146;95;2;id.yandex.ru
яндекс аккаунт сделать;1000000;3;22;3738;111;2;id.yandex.ru
сделать яндекс аккаунт;1000000;3;22;3780;106;2;id.yandex.ru
настрой яндекс;665000;2;14;78263;109;2;id.yandex.ru
общие настройки;514000;2;15;10196;101;2;id.yandex.ru
настройка яндекса;479000;2;17;95523;113;2;id.yandex.ru
https id yandex ru about;927000;5;24;193;110;2;id.yandex.ru
открой настройки;770000;2;16;43379;97;2;id.yandex.ru
yandex профиль;337000;2;14;1060;108;2;id.yandex.ru
я id;2000000;2;4;33110;118;2;id.yandex.ru
где настройки в яндексе;740000;4;23;3526;91;2;id.yandex.ru
где настройки яндекс;1000000;3;20;6773;57;2;id.yandex.ru
https id yandex ru personal;861000;5;27;569;63;2;id.yandex.ru
где аккаунт яндекс;801000;3;18;4043;67;2;id.yandex.ru
яндекс айди личный кабинет;1000000;4;26;580;59;2;id.yandex.ru
аккаунт яндекса мой;2000000;3;19;7438;67;2;id.yandex.ru
открой яндекс id;1000000;3;16;419;57;2;id.yandex.ru
яндекс ил;671000;2;9;273;85;2;id.yandex.ru
яндекс ib;587000;2;9;184;67;2;id.yandex.ru
в яндекс аккаунт;3000000;3;16;91230;74;2;id.yandex.ru
id yandex личный;635000;3;16;644;67;2;id.yandex.ru
войдите с яндекс id;3000000;4;19;686;87;2;id.yandex.ru
профиль яндекса;970000;2;15;32633;84;2;id.yandex.ru
настройки яндекса где;920000;3;21;6570;59;2;id.yandex.ru
https passport yandex ru profile data;2000000;6;37;77;68;2;id.yandex.ru
яндекс id войти в личный кабинет;2000000;6;32;869;89;2;id.yandex.ru
где настройки яндекса;6000;3;21;6773;54;2;id.yandex.ru
создать аккаунт на яндекс;796000;4;25;3462;38;2;id.yandex.ru
айди яндекса;771000;2;12;38169;40;2;id.yandex.ru
подключенные устройства яндекс аккаунт;1000000;4;38;897;48;2;id.yandex.ru
покажи яндекс аккаунт;1000000;3;21;589;39;2;id.yandex.ru
яндекс устройства личный кабинет;1000000;4;32;277;45;2;id.yandex.ru
как открыть настройки яндекса;1000000;4;29;906;38;2;id.yandex.ru
общие настройки яндекс;707000;3;22;385;52;2;id.yandex.ru
как зайти в настройки яндекса;974000;5;29;830;48;2;id.yandex.ru
яндекс id аккаунт;840000;3;17;4414;51;2;id.yandex.ru
id yandex ru personal;2000000;4;21;628;45;2;id.yandex.ru
скачать яндекс id;1000000;3;17;160;52;2;id.yandex.ru
яндекс йди;549000;2;10;84;52;2;id.yandex.ru
passport yandex ru registration;1000000;4;31;101;38;2;id.yandex.ru
настройки приложения яндекс;1000000;3;27;1651;49;2;id.yandex.ru
общие настройки яндекса;926000;3;23;385;53;2;id.yandex.ru
яндекс id вход в аккаунт;2000000;5;24;316;38;2;id.yandex.ru
yandex лк;153000;2;9;302;29;2;id.yandex.ru
личный кабинет на яндекс;1000000;4;24;8172;32;2;id.yandex.ru
аккаунт на яндексе;650000;3;18;42639;33;2;id.yandex.ru
id yandex личный кабинет вход в личный;1000000;7;38;333;30;2;id.yandex.ru
системные настройки яндекс;798000;3;26;245;32;2;id.yandex.ru
https id yandex ru personal найти меня;3000000;7;38;99;29;2;id.yandex.ru
id yandex ru profile;2000000;4;20;209;35;2;id.yandex.ru
мои аккаунты на яндекс;578000;4;22;1338;32;2;id.yandex.ru
я id яндекс;2000000;3;11;847;35;2;id.yandex.ru
зайти в профиль яндекс;898000;4;22;647;32;2;id.yandex.ru
завести аккаунт яндекс;896000;3;22;542;36;2;id.yandex.ru
вход в кабинет яндекс;2000000;4;21;107711;35;2;id.yandex.ru
аккаунт яндекс вход на мою страницу;2000000;6;35;82;30;2;id.yandex.ru
как открыть настройки в яндексе;1000000;5;31;378;34;2;id.yandex.ru
настройки портала яндекс открыть;1000000;4;32;38;37;2;id.yandex.ru
yandex lk;90000;2;9;1240;29;2;id.yandex.ru
id яндекс ру;1000000;3;12;167;23;2;id.yandex.ru
яндекс лич;368000;2;10;488;23;2;id.yandex.ru
yandex ru аккаунт;368000;3;17;4489;25;2;id.yandex.ru
id яндекса;590000;2;10;74448;23;2;id.yandex.ru
настроить аккаунт яндекс;983000;3;24;590;24;2;id.yandex.ru
yandex настройки;28000;2;16;5961;23;2;id.yandex.ru
yandex accounts;116000;2;15;2525;28;2;id.yandex.ru
как открыть настройки яндекс;949000;4;28;906;24;2;id.yandex.ru
яндекс тд;1000000;2;9;1064;27;2;id.yandex.ru
яндекс ийди;332000;2;11;29;24;2;id.yandex.ru
яндекс почта войти в другой аккаунт;3000000;6;35;101;28;2;id.yandex.ru
страница авторизации яндекс;1000000;3;27;103;28;2;id.yandex.ru
где найти настройки в яндексе;2000000;5;29;595;23;2;id.yandex.ru
яндекс ud;510000;2;9;54;26;2;id.yandex.ru
яндекс страница регистрации;3000000;3;27;5610;29;2;id.yandex.ru
setting yandex;131000;2;14;3860;22;2;id.yandex.ru
личный кабинет яндекс ру;2000000;4;24;1222;17;2;id.yandex.ru
аккаунт яндекс войти в свой по логину и паролю;3000000;9;46;22;18;2;id.yandex.ru
настройки yandex;355000;2;16;5699;19;2;id.yandex.ru
зайди в яндекс id;383000;4;17;545;18;2;id.yandex.ru
создать новый аккаунт в яндекс;2000000;5;30;1068;19;2;id.yandex.ru
яндекс ид справка;285000;3;17;33;18;2;id.yandex.ru
настройки в яндексе;760000;3;19;29073;21;2;id.yandex.ru
скачать яндекс аккаунт;1000000;3;22;541;19;2;id.yandex.ru
яндекс вход по паролю;2000000;4;21;4954;20;2;id.yandex.ru
id ya ru;1000000;3;8;2181;18;2;id.yandex.ru
passport yandex com;1000000;3;19;713;21;2;id.yandex.ru
устройства на яндекс аккаунте;977000;4;29;4794;20;2;id.yandex.ru
включи мой яндекс аккаунт;730000;4;25;67;18;2;id.yandex.ru
войти в аккаунт яндекс id;2000000;5;25;320;20;2;id.yandex.ru
yandex setting;253000;2;14;3860;22;2;id.yandex.ru
открыть настройки яндекса;1000000;3;25;2089;17;2;id.yandex.ru
настройки в яндекс;680000;3;18;29073;13;2;id.yandex.ru
яндекс аккаунт вход через телефон;2000000;5;33;105;14;2;id.yandex.ru
яндекс шд;520000;2;9;44;15;2;id.yandex.ru
где личный кабинет яндекс;1000000;4;25;1244;14;2;id.yandex.ru
как настроить яндекс id;624000;4;23;56;14;2;id.yandex.ru
яндекс ру аккаунт;2000000;3;17;498;13;2;id.yandex.ru
яндекс od;433000;2;9;50;16;2;id.yandex.ru
как открыть настройки в яндекс;609000;5;30;378;15;2;id.yandex.ru
мои устройства яндекс аккаунт;920000;4;29;467;15;2;id.yandex.ru
почта яндекс логин и пароль;1000000;5;27;15163;14;2;id.yandex.ru
yandex настройка;15000;2;16;5961;17;2;id.yandex.ru
yandex аккаунты;581000;2;15;7258;15;2;id.yandex.ru
яндекс il;605000;2;9;226;13;2;id.yandex.ru
параметры яндекс;600000;2;16;4291;15;2;id.yandex.ru
настройка приложения яндекс;1000000;3;27;1651;17;2;id.yandex.ru
все настройки яндекс;3000000;3;20;1290;12;2;id.yandex.ru
yandex паспорт вход в личный кабинет;1000000;6;36;8;8;2;id.yandex.ru
yandex аккаунт регистрация;2000000;3;26;68;8;2;id.yandex.ru
яндекс паспорт устройства;685000;3;25;113;9;2;id.yandex.ru
где настройки приложения яндекс;2000000;4;31;228;8;2;id.yandex.ru
где настройки у яндекса;477000;4;23;110;9;2;id.yandex.ru
яндекс bl;503000;2;9;91;8;2;id.yandex.ru
yandex ru account;2000000;3;17;1214;10;2;id.yandex.ru
яндекс учетная запись вход;2000000;4;26;174;9;2;id.yandex.ru
сервисы яндекса регистрация войти;3000000;4;33;93;10;2;id.yandex.ru
мой аккаунт в яндексе вход на мою страницу с телефона андроид;3000000;11;61;9;9;2;id.yandex.ru
открой мой яндекс id;1000000;4;20;18;11;2;id.yandex.ru
я шв;1000000;2;4;126;10;2;id.yandex.ru
перейти в яндекс id;654000;4;19;93;8;2;id.yandex.ru
включи яндекс id;930000;3;16;99;9;2;id.yandex.ru
настройк;5000;1;8;626;12;2;id.yandex.ru
войдите в аккаунт на яндексе;3000000;5;28;2419;7;2;id.yandex.ru
settings настройки яндекс;722000;3;25;41;4;2;id.yandex.ru
войдите с яндекс id почта телефон введите ваш id;354000;9;48;10;5;2;id.yandex.ru
yandex ru паспорт;1000000;3;17;462;6;2;id.yandex.ru
яндекс lb;433000;2;9;33;5;2;id.yandex.ru
https passport yandex;976000;3;21;5165;5;2;id.yandex.ru
вход в яндекс паспорт;1000000;4;21;396;4;2;id.yandex.ru
настройки ya ru;1000000;3;15;271;7;2;id.yandex.ru
passport ya ru;1000000;3;14;317;6;2;id.yandex.ru
мои настройки в яндексе;563000;4;23;122;7;2;id.yandex.ru
яндекс паспорт зайти;602000;3;20;113;5;2;id.yandex.ru
яндекс портал настройки;779000;3;23;956;7;2;id.yandex.ru
яндекс лд;485000;2;9;75;7;2;id.yandex.ru
где войти в яндекс аккаунт;3000000;5;26;77;4;2;id.yandex.ru
геометка яндекс;429000;2;15;602;6;2;id.yandex.ru
настройки интерфейса яндекс;606000;3;27;144;7;2;id.yandex.ru
аккаунт яндекс вход личный кабинет войти через телефон по номеру;3000000;10;64;54;4;2;id.yandex.ru
мой аккаунт в яндексе войти с телефона;2000000;7;38;13;1;2;id.yandex.ru
яндекс интерфейс настройка;629000;3;26;142;2;2;id.yandex.ru
http family yandex ru;1000000;4;21;51;2;2;id.yandex.ru
включи свои настройки;545000;3;21;481;1;2;id.yandex.ru
как включить настройки в яндекс;880000;5;31;571;2;2;id.yandex.ru
айди яндекс точка ру;2000000;4;20;2;1;2;id.yandex.ru
включи профиль;34000;2;14;9465;3;2;id.yandex.ru
авторизуйтесь на яндексе passport yandex ru;1000000;6;43;5;2;2;id.yandex.ru
где открыть настройки яндекса;1000000;4;29;227;3;2;id.yandex.ru
открой мои настройки;734000;3;20;273;2;2;id.yandex.ru
где находится настройки в яндексе;1000000;5;33;589;3;2;id.yandex.ru
регистрация аккаунта в яндексе;2000000;4;30;288;3;2;id.yandex.ru
где зайти в яндекс аккаунт;1000000;5;26;24;1;2;id.yandex.ru
яндекс dl;302000;2;9;152;2;2;id.yandex.ru
https passport yandex ru auth add;2000000;6;33;63;4;2;id.yandex.ru
регистрация яндекс id зарегистрироваться на сайте;3000000;6;49;1;0;2;id.yandex.ru
мой аккаунт яндекс;2000000;3;18;7522;1179;3;id.yandex.ru
passport yandex;191000;2;15;11903;1277;3;id.yandex.ru
войти в яндекс аккаунт через логин и пароль без телефона;3000000;10;56;38;0;2;id.yandex.ru
yandex passport;207000;2;15;11903;1277;3;id.yandex.ru
яндекс id вход в личный кабинет;2000000;6;31;3612;2836;3;id.yandex.ru
мой яндекс аккаунт;2000000;3;18;7522;1179;3;id.yandex.ru
страница регистрации в яндекс;2000000;4;29;203;0;2;id.yandex.ru
профиль яндекс;767000;2;14;32633;5155;3;id.yandex.ru
дай мне настройки;2000000;3;17;350;0;2;id.yandex.ru
лк яндекс;586000;2;9;9101;1330;3;id.yandex.ru
какой мой аккаунт на яндексе;906000;5;28;203;0;2;id.yandex.ru
настойка яндекса;546000;2;16;176;0;2;id.yandex.ru
яндекс мой аккаунт;1000000;3;18;7438;1218;3;id.yandex.ru
включи настройки портала;446000;3;24;31;0;2;id.yandex.ru
зайди в мои настройки;1000000;4;21;139;0;2;id.yandex.ru
мое местоположение сейчас яндекс;4000000;4;32;1997;949;3;id.yandex.ru
яндекс id вход в личный;745000;5;23;3926;300;3;id.yandex.ru
яндекс айди вход в личный кабинет;2000000;6;33;487;359;3;id.yandex.ru
управление аккаунтом яндекс;841000;3;27;996;442;3;id.yandex.ru
яндекс id справка;803000;3;17;523;346;3;id.yandex.ru
яндекс личный;1000000;2;13;562610;383;3;id.yandex.ru
яндекс паспорт ру;1000000;3;17;582;302;3;id.yandex.ru
яндекс аккаунты;711000;2;15;279048;651;3;id.yandex.ru
войти яндекс айди;2000000;3;17;1203;442;3;id.yandex.ru
яндекс местоположение;297000;2;21;17971;505;3;id.yandex.ru
справка яндекс id;387000;3;17;539;362;3;id.yandex.ru
яндекс акк;710000;2;10;3750;693;3;id.yandex.ru
id яндекс войти;2000000;3;15;4636;623;3;id.yandex.ru
яндекс справка id;988000;3;17;523;346;3;id.yandex.ru
почта яндекс войти в аккаунт;2000000;5;28;1071;442;3;id.yandex.ru
аккаунты яндекс;332000;2;15;289738;697;3;id.yandex.ru
passport yandex ru profile;1000000;4;26;1376;274;3;id.yandex.ru
где находится аккаунт яндекс;2000000;4;28;334;100;3;id.yandex.ru
яндекс почта вход в личный кабинет по номеру телефона войти;3000000;10;59;138;116;3;id.yandex.ru
мой профиль в яндекс;798000;4;20;803;174;3;id.yandex.ru
яндекс аккаунт зайти;523000;3;20;6277;112;3;id.yandex.ru
мои аккаунты яндекс;1000000;3;19;7522;132;3;id.yandex.ru
мой яндекс id;1000000;3;13;710;103;3;id.yandex.ru
passport yandex ru личный кабинет;2000000;5;33;370;232;3;id.yandex.ru
яндекс ид вход в личный кабинет;2000000;6;31;203;170;3;id.yandex.ru
яндекс айди справка;878000;3;19;265;207;3;id.yandex.ru
яндекс устройства аккаунт;951000;3;25;8674;132;3;id.yandex.ru
мой аккаунт в яндексе;941000;4;21;2759;247;3;id.yandex.ru
https passport yandex ru profile;2000000;5;32;689;208;3;id.yandex.ru
yandex id вход;542000;3;14;668;104;3;id.yandex.ru
settings yandex;151000;2;15;2399;178;3;id.yandex.ru
yandex id вход в личный кабинет;2000000;6;31;333;269;3;id.yandex.ru
зайди в яндекс аккаунт;999000;4;22;5726;99;3;id.yandex.ru
личный аккаунт яндекс;1000000;3;21;3218;47;3;id.yandex.ru
аккаунт яндекс id;1000000;3;17;4448;51;3;id.yandex.ru
https id yandex ru personal dialog personal data;21000;8;48;65;60;3;id.yandex.ru
yandex кабинет;355000;2;14;14295;50;3;id.yandex.ru
яндекс профили;28000;2;14;32410;54;3;id.yandex.ru
яндекс i d;1000000;3;10;274;49;3;id.yandex.ru
id яндекс войти в личный кабинет;3000000;6;32;869;89;3;id.yandex.ru
мой id в яндексе;749000;4;16;224;56;3;id.yandex.ru
аккаунта яндекс;862000;2;15;289738;61;3;id.yandex.ru
профиль в яндексе;737000;3;17;12962;52;3;id.yandex.ru
где в яндексе настройки;1000000;4;23;3526;91;3;id.yandex.ru
яндекс иди;1000000;2;10;14626;68;3;id.yandex.ru
яндекс почта айди;1000000;3;17;697;49;3;id.yandex.ru
яндекс почта мой кабинет;1000000;4;24;1475;60;3;id.yandex.ru
yandex паспорт;824000;2;14;627;96;3;id.yandex.ru
яндекс учетная запись вход в личный кабинет;1000000;7;43;55;44;3;id.yandex.ru
https id yandex ru security;4000;5;27;192;27;3;id.yandex.ru
настройки системные яндекс;661000;3;26;247;32;3;id.yandex.ru
как войти в аккаунт на яндексе;2000000;6;30;1343;34;3;id.yandex.ru
войти в почту яндекс по номеру телефона на свою страницу;3000000;10;56;78;31;3;id.yandex.ru
управление аккаунтами яндекс;551000;3;28;996;34;3;id.yandex.ru
мои аккаунты в яндекс;390000;4;21;2759;28;3;id.yandex.ru
новый аккаунт яндекс создать регистрация;3000000;5;40;380;41;3;id.yandex.ru
яндекс личная страница;1000000;3;22;2926;34;3;id.yandex.ru
ян личный кабинет;769000;3;17;541;35;3;id.yandex.ru
включи настройки;588000;2;16;64167;32;3;id.yandex.ru
yandex profile;356000;2;14;7411;42;3;id.yandex.ru
профиль яндекс id;854000;3;17;1036;37;3;id.yandex.ru
passport yandex ru profile data;2000000;5;31;108;30;3;id.yandex.ru
личная страница яндекс;2000000;3;22;2943;34;3;id.yandex.ru
yandex stw;124000;2;10;130;44;3;id.yandex.ru
создать аккаунт яндекс на андроид бесплатно на русском;3000000;8;54;67;27;3;id.yandex.ru
как посмотреть аккаунт яндекс;1000000;4;29;3687;17;3;id.yandex.ru
войдите один раз сразу во все сервисы яндекса;3000000;8;45;77;22;3;id.yandex.ru
passport yandex team ru profile;2000000;5;31;31;24;3;id.yandex.ru
яндекс паспорт регистрация;2000000;3;26;150;21;3;id.yandex.ru
пользователь яндекс;71000;2;19;43935;23;3;id.yandex.ru
мой аккаунт на яндекс;910000;4;21;1338;19;3;id.yandex.ru
яндекс ib вход в личный;2000000;5;23;55;26;3;id.yandex.ru
создать аккаунт в яндексе бесплатно;2000000;5;35;59;23;3;id.yandex.ru
как изменить id в яндексе;892000;5;25;398;24;3;id.yandex.ru
аккаунты яндекса;834000;2;16;289738;22;3;id.yandex.ru
яндекс плюс айди;332000;3;16;105;27;3;id.yandex.ru
редактировать профиль яндекс;695000;3;28;168;25;3;id.yandex.ru
моя учетная запись яндекс;522000;4;25;86;20;3;id.yandex.ru
где находятся настройки в яндексе;1000000;5;33;589;24;3;id.yandex.ru
на каких устройствах выполнен вход яндекс;2000000;6;41;347;27;3;id.yandex.ru
yandex id как узнать свой;810000;5;25;23;16;3;id.yandex.ru
https id yandex ru profile phones;2000000;6;33;13;10;3;id.yandex.ru
покажи настройки;1000000;2;16;14587;12;3;id.yandex.ru
яндекс идентификатор;580000;2;20;776;14;3;id.yandex.ru
yandex ru tune;1000000;3;14;614;11;3;id.yandex.ru
яндекс меню настройки;996000;3;21;820;14;3;id.yandex.ru
id yandex ru почта;2000000;4;18;330;11;3;id.yandex.ru
как зайти в настройки в яндексе;1000000;6;31;830;15;3;id.yandex.ru
яндекс шв справка;644000;3;17;22;14;3;id.yandex.ru
passport yandex ru личный;2000000;4;25;412;14;3;id.yandex.ru
https id yandex ru helpdesk;1000000;5;27;24;13;3;id.yandex.ru
у меня есть яндекс аккаунт;3000000;5;26;405;16;3;id.yandex.ru
открыть яндекс id;1000000;3;17;419;15;3;id.yandex.ru
http passport yandex ru;50000;4;23;82;11;3;id.yandex.ru
id справка;263000;2;10;994;14;3;id.yandex.ru
ак яндекс;528000;2;9;1539;16;3;id.yandex.ru
https passport yandex ru auth list;2000000;6;34;82;10;3;id.yandex.ru
что такое аккаунт яндекса;765000;4;25;754;7;3;id.yandex.ru
примите приглашение в семейный аккаунт в яндексе и бесплатно смотрите кино и сериалы на кинопоиске;2000000;15;98;1032;7;3;id.yandex.ru
открыть яндекс паспорт;921000;3;22;152;8;3;id.yandex.ru
моя учетная запись в яндексе;1000000;5;28;44;7;3;id.yandex.ru
где находятся настройки в яндекс;1000000;5;32;589;7;3;id.yandex.ru
открой мне настройки;665000;3;20;423;7;3;id.yandex.ru
паспорт айди яндекс;56000;3;19;14;9;3;id.yandex.ru
яндекс учетная;219000;2;14;4285;8;3;id.yandex.ru
настройки яндекс где находится;1000000;4;30;1184;8;3;id.yandex.ru
откройте настройки;959000;2;18;43352;7;3;id.yandex.ru
включить яндекс аккаунт;1000000;3;23;727;10;3;id.yandex.ru
https passport yandex ru profile journal;2000000;6;40;10;9;3;id.yandex.ru
https id yandex ru security external accounts;2000000;7;45;9;7;3;id.yandex.ru
яндекс id управление аккаунтом;1000000;4;30;102;8;3;id.yandex.ru
мой яндекс id вход;1000000;4;18;31;10;3;id.yandex.ru
личные настройки яндекс как найти;2000000;5;33;11;7;3;id.yandex.ru
http passport yandex;502000;3;20;92;3;3;id.yandex.ru
страница настроек;779000;2;17;15788;4;3;id.yandex.ru
как зайти на свой яндекс аккаунт;778000;6;32;212;5;3;id.yandex.ru
открой настройки моего аккаунта;1000000;4;31;49;3;3;id.yandex.ru
настройки мне включи;573000;3;20;831;4;3;id.yandex.ru
открой свои настройки;754000;3;21;377;3;3;id.yandex.ru
открыть настройки телефона через яндекс;2000000;5;39;36;6;3;id.yandex.ru
сайт яндекс ру войти в почту;2000000;6;28;10;5;3;id.yandex.ru
переключить на яндекс;447000;3;21;3760;5;3;id.yandex.ru
войдите 1 раз сразу во все сервисы яндекса;4000000;8;42;10;4;3;id.yandex.ru
yandex cabinet;105000;2;14;820;7;3;id.yandex.ru
сменить яндекс;508000;2;14;28030;6;3;id.yandex.ru
uid яндекс;21000;2;10;271;3;3;id.yandex.ru
яндекс паспорт ру вход в личный;2000000;6;31;19;5;3;id.yandex.ru
https passport yandex ru profile upgrade;2000000;6;40;117;7;3;id.yandex.ru
как обновить аккаунт яндекс;896000;4;27;23;2;3;id.yandex.ru
яндекс личный кабинет вход;1000000;4;26;127167;2023;4;id.yandex.ru
паспорт яндекс;687000;2;14;24638;12096;4;id.yandex.ru
и имя пользователя из яндекса;1000000;5;29;12;0;3;id.yandex.ru
яндекс паспорт;4000;2;14;23908;11797;4;id.yandex.ru
личный кабинет яндекс;1000000;3;21;553601;24310;4;id.yandex.ru
яндекс айди вход;1000000;3;16;3223;2083;4;id.yandex.ru
запусти яндекс аккаунт;10000;3;22;62;1;3;id.yandex.ru
яндекс единый кабинет;609000;3;21;40;0;3;id.yandex.ru
включи настройки свои;2000000;3;21;573;1;3;id.yandex.ru
яндекс личный кабинет;1000000;3;21;532135;23617;4;id.yandex.ru
как войти на яндекс аккаунт;2000000;5;27;1429;1;3;id.yandex.ru
yandex set;667000;2;10;1985;1;3;id.yandex.ru
яндекс id вход;1000000;3;14;8088;2488;4;id.yandex.ru
обновить яндекс аккаунт;966000;3;23;82;0;3;id.yandex.ru
настрой настройка;8000;2;17;38280;2;3;id.yandex.ru
passport yandex ru;1000000;3;18;9526;1688;4;id.yandex.ru
ид яндекс вход;1000000;3;14;547;226;4;id.yandex.ru
личный кабинет яндекса;1000000;3;22;553601;263;4;id.yandex.ru
яндекс айди войти;2000000;3;17;1193;443;4;id.yandex.ru
войти в яндекс id;2000000;4;17;2831;254;4;id.yandex.ru
войти в яндекс почту личный кабинет;2000000;6;35;39680;384;4;id.yandex.ru
яндекс ид вход;1000000;3;14;542;230;4;id.yandex.ru
акк яндекс;512000;2;10;3785;682;4;id.yandex.ru
мой профиль яндекс;2000000;3;18;2091;397;4;id.yandex.ru
поддержка яндекс id;751000;3;19;1418;583;4;id.yandex.ru
яндекс id вход в личный кабинет войти;296000;7;37;697;272;4;id.yandex.ru
вход в яндекс аккаунт личный кабинет;2000000;6;36;1250;704;4;id.yandex.ru
яндекс id войти;3000000;3;15;4654;644;4;id.yandex.ru
настройках;2000000;1;10;6617436;250;4;id.yandex.ru
яндекс учетная запись;1000000;3;21;4200;507;4;id.yandex.ru
yandex passport ru;1000000;3;18;9526;1688;4;id.yandex.ru
яндекс id вход в личный кабинет войти в личный кабинет;3000000;10;54;697;222;4;id.yandex.ru
настройки портала яндекс;1000000;3;24;985;68;4;id.yandex.ru
яндекс аккаунт личный кабинет;659000;4;29;2434;90;4;id.yandex.ru
яндекс ид войти;2000000;3;15;614;116;4;id.yandex.ru
фэмили яндекс;501000;2;13;2472;83;4;id.yandex.ru
войти в яндекс айди;2000000;4;19;650;110;4;id.yandex.ru
passport yandex ru profile family;2000000;5;33;94;81;4;id.yandex.ru
яндекс аккаунт устройства;1000000;3;25;8841;146;4;id.yandex.ru
вход в яндекс id;1000000;4;16;4853;116;4;id.yandex.ru
яндекс id почта;1000000;3;15;2842;134;4;id.yandex.ru
аккаунт в яндексе;938000;3;17;96739;103;4;id.yandex.ru
как посмотреть на каких устройствах выполнен вход в яндекс аккаунт;2000000;10;66;161;153;4;id.yandex.ru
почта яндекс id;1000000;3;15;2903;144;4;id.yandex.ru
аккаунт в яндекс;391000;3;16;96739;82;4;id.yandex.ru
мое местоположение яндекс;1000000;3;25;4712;134;4;id.yandex.ru
яндекс айди вход в аккаунт;402000;5;26;233;192;4;id.yandex.ru
открой яндекс аккаунт;5000;3;21;1635;68;4;id.yandex.ru
yandexuid;5000;1;9;1031;38;4;id.yandex.ru
ай ди яндекс;617000;3;12;203;42;4;id.yandex.ru
мои аккаунты в яндексе;903000;4;22;2759;53;4;id.yandex.ru
поиск настройки яндекса;2000000;3;23;4270;41;4;id.yandex.ru
аккаунт на яндекс;841000;3;17;42639;44;4;id.yandex.ru
passport yandex ru auth add;2000000;5;27;108;39;4;id.yandex.ru
профили яндекс;54000;2;14;32633;61;4;id.yandex.ru
https passport yandex ru auth;2000000;5;29;2439;48;4;id.yandex.ru
яндекс айди где посмотреть;1000000;4;26;156;60;4;id.yandex.ru
мой яндекс айди;1000000;3;15;207;44;4;id.yandex.ru
почта яндекс мой кабинет;1000000;4;24;1426;64;4;id.yandex.ru
яндекс в личный кабинет;985000;4;23;162004;61;4;id.yandex.ru
паспорт яндекса;665000;2;15;24638;39;4;id.yandex.ru
личный кабинет в яндекс;1000000;4;23;165829;59;4;id.yandex.ru
яндекс профиль пользователя;1000000;3;27;387;65;4;id.yandex.ru
зайти в свой яндекс аккаунт;574000;5;27;1223;34;4;id.yandex.ru
яндекс пользователь;1000000;2;19;43606;22;4;id.yandex.ru
config yandex;130000;2;13;358;24;4;id.yandex.ru
яндекс управление аккаунтами;914000;3;28;981;29;4;id.yandex.ru
как открыть яндекс настройки;1000000;4;28;856;24;4;id.yandex.ru
мои устройства в яндекс аккаунте;1000000;5;32;134;26;4;id.yandex.ru
где найти настройки яндекса;2000000;4;27;1017;22;4;id.yandex.ru
яндекс паспорт личный кабинет;1000000;4;29;541;33;4;id.yandex.ru
аккаунты яндекс бесплатно;2000000;3;25;2278;28;4;id.yandex.ru
мой профиль в яндексе;748000;4;21;803;30;4;id.yandex.ru
яндекс ii;609000;2;9;595;25;4;id.yandex.ru
passport yandex by;251000;3;18;166;33;4;id.yandex.ru
яндекс di;633000;2;9;364;30;4;id.yandex.ru
yandex id вход в личный;2000000;5;23;356;23;4;id.yandex.ru
профиль в яндексе мой;844000;4;21;803;29;4;id.yandex.ru
яндекс плюс id;33000;3;14;377;34;4;id.yandex.ru
настройка профиля;194000;2;17;13832;21;4;id.yandex.ru
яндекс ид вход в личный кабинет войти;2000000;7;37;34;17;4;id.yandex.ru
проверить почту на яндекс;1000000;4;25;494;18;4;id.yandex.ru
яндекс passport;566000;2;15;742;19;4;id.yandex.ru
яндекс почта вход с паролем;2000000;5;27;937;17;4;id.yandex.ru
яндекс пользователи;1000000;2;19;43616;18;4;id.yandex.ru
как изменить айди в яндексе;817000;5;27;100;17;4;id.yandex.ru
яндекс аккаунты бесплатно;2000000;3;25;2142;20;4;id.yandex.ru
яндекс айди вход в личный;2000000;5;25;531;18;4;id.yandex.ru
яндексе passport yandex ru;2000000;4;26;691;19;4;id.yandex.ru
яндекс моя страница вход;2000000;4;24;34008;18;4;id.yandex.ru
yandex авторизация;298000;2;18;685;21;4;id.yandex.ru
ян аккаунт;257000;2;10;213;20;4;id.yandex.ru
мой аккаунт на яндексе;850000;4;22;1338;17;4;id.yandex.ru
местонахождение яндекс;531000;2;22;719;19;4;id.yandex.ru
пароль от яндекс аккаунта;894000;4;25;1935;21;4;id.yandex.ru
войти через яндекс;2000000;3;18;18089;16;4;id.yandex.ru
yandex gemuk;136000;2;12;141;11;4;id.yandex.ru
настроить страницу яндекс;343000;3;25;2620;11;4;id.yandex.ru
яндекс аккаунт войти в свой по номеру телефона;2000000;8;46;243;14;4;id.yandex.ru
яндекс погода вход;2000000;3;18;27;11;4;id.yandex.ru
моя почта yandex ru;2000000;4;19;2933;12;4;id.yandex.ru
зайти на почту яндекс по логину и паролю с телефона войти;3000000;11;57;19;11;4;id.yandex.ru
войдите один раз сразу во все сервисы яндекса регистрация войти показать еще;2000000;12;76;20;15;4;id.yandex.ru
яндекс id личный кабинет войти;3000000;5;30;908;13;4;id.yandex.ru
яндекс ру зарегистрироваться;2000000;3;28;143;14;4;id.yandex.ru
открой настройки приложения яндекс;2000000;4;34;142;11;4;id.yandex.ru
пойти в яндекс почту;1000000;4;20;39;15;4;id.yandex.ru
настройки аккаунт;387000;2;17;50453;14;4;id.yandex.ru
яндекс ru войти;3000000;3;15;6289;11;4;id.yandex.ru
яндекс id вход в аккаунт войти с телефона;2000000;8;41;42;14;4;id.yandex.ru
личный кабинет яндекс id вход;2000000;5;29;3646;15;4;id.yandex.ru
зайти в аккаунт яндекса;4000;4;23;5726;10;4;id.yandex.ru
яндекс семей;92000;2;12;33270;5;4;id.yandex.ru
мой id в яндексе посмотреть на телефоне;999000;7;39;13;6;4;id.yandex.ru
https passport;898000;2;14;8622;7;4;id.yandex.ru
яндекс языки;1000000;2;12;124361;6;4;id.yandex.ru
как настроить приложение яндекс;2000000;4;31;1221;7;4;id.yandex.ru
где открыть страницу настройки яндекса;2000000;5;38;112;6;4;id.yandex.ru
как изменить яндекс;718000;3;19;44485;9;4;id.yandex.ru
сайт passport yandex ru;2000000;4;23;76;7;4;id.yandex.ru
яндекс айти справка;515000;3;19;9;8;4;id.yandex.ru
проверить электронную почту яндекс;2000000;4;34;57;7;4;id.yandex.ru
другие настройки;2000000;2;16;28086;9;4;id.yandex.ru
яндекс почта мой аккаунт;124000;4;24;109;8;4;id.yandex.ru
как правильно настроить яндекс;748000;4;30;927;6;4;id.yandex.ru
яндекс сеансы аккаунта;748000;3;22;264;8;4;id.yandex.ru
https passport yandex ru passport mode changepass;2000000;7;49;10;9;4;id.yandex.ru
как зарегистрироваться на яндекс id;815000;5;35;14;5;4;id.yandex.ru
включи яндекс паспорт;832000;3;21;9;1;4;id.yandex.ru
где можно открыть настройки яндекса;2000000;5;35;118;2;4;id.yandex.ru
открыть почту яндекс мою страницу;1000000;5;33;3254;3;4;id.yandex.ru
войдите с яндекс;2000000;3;16;10774;2;4;id.yandex.ru
как открыть настройки приложения яндекс;2000000;5;39;30;3;4;id.yandex.ru
войти в личный кабинет на почту яндекс;3000000;7;38;818;2;4;id.yandex.ru
открой профиль яндекс;816000;3;21;327;4;4;id.yandex.ru
как войти в свой аккаунт на яндексе с телефона;3000000;9;46;6;3;4;id.yandex.ru
настройки сервиса;857000;2;17;11838;4;4;id.yandex.ru
ya di;131000;2;5;600;3;4;id.yandex.ru
аккаунт яндекс вход личный кабинет войти;881000;6;40;205;5;4;id.yandex.ru
где можешь открыть настройки яндекса;2000000;5;36;24;4;4;id.yandex.ru
включи мне настройки;479000;3;20;865;2;4;id.yandex.ru
как изменить возраст в яндексе;945000;5;30;60;4;4;id.yandex.ru
где ты можешь открыть настройки яндекса;1000000;6;39;11;5;4;id.yandex.ru
посмотри в настройках;681000;3;21;20636;1;4;id.yandex.ru
яндекс id поддержка;1000000;3;19;1429;591;5;id.yandex.ru
яндекс личный кабинет войти в личный кабинет;3000000;7;44;63323;8646;5;id.yandex.ru
yandex ru tune geo;1000000;4;18;145;0;4;id.yandex.ru
яндекс войти;2000000;2;12;491235;3706;5;id.yandex.ru
тюн яндекс;690000;2;10;14;0;4;id.yandex.ru
яндекс аккаунт вход в личный кабинет;2000000;6;36;1299;740;5;id.yandex.ru
покажи настройка;1000000;2;16;14272;1;4;id.yandex.ru
войти в электронную почту яндекс по логину;3000000;7;42;196;0;4;id.yandex.ru
где можешь открыть страницу настройки яндекса;2000000;6;45;9;1;4;id.yandex.ru
как найти настройки приложения яндекс;2000000;5;37;24;0;4;id.yandex.ru
как настроить приложение яндекса;1000000;4;32;1148;1;4;id.yandex.ru
yandex uid not found;21000;4;20;4;1;4;id.yandex.ru
яндекс лк;505000;2;9;8961;1325;5;id.yandex.ru
условия город определять автоматически;2000000;4;38;7;0;4;id.yandex.ru
акк яндекса;21000;2;11;3720;1;4;id.yandex.ru
местоположение яндекс;5000;2;21;17968;543;5;id.yandex.ru
яндекс id это;2000000;3;13;1507;71;5;id.yandex.ru
включи яндекс аккаунт;840000;3;21;727;121;5;id.yandex.ru
открыть настройки;744000;2;17;43352;240;5;id.yandex.ru
мои записи яндекс;2000000;3;17;442;118;5;id.yandex.ru
яндекс почта id;1000000;3;15;3012;144;5;id.yandex.ru
мой id яндекс;1000000;3;13;710;103;5;id.yandex.ru
яндекс айди регистрация;2000000;3;23;503;386;5;id.yandex.ru
яндекс поиск настройки;2000000;3;22;4297;216;5;id.yandex.ru
мое местоположение в яндексе;868000;4;28;780;329;5;id.yandex.ru
яндекс личный кабинет вход по номеру телефона без пароля;3000000;9;56;1269;126;5;id.yandex.ru
настройка портала яндекс поиск;2000000;4;30;473;470;5;id.yandex.ru
id яндекс что это;646000;4;17;975;339;5;id.yandex.ru
passport yandex team ru;1000000;4;23;307;111;5;id.yandex.ru
паспорт яндекс ру;1000000;3;17;565;311;5;id.yandex.ru
учетная запись яндекс;1000000;3;21;4259;512;5;id.yandex.ru
паспорт яндекс ру вход;2000000;4;22;90;71;5;id.yandex.ru
яндекс айди что это такое;1000000;5;25;47;43;5;id.yandex.ru
яндекс личный аккаунт;1000000;3;21;3162;45;5;id.yandex.ru
войти в почту яндекс через логин и пароль с телефона;3000000;10;52;534;49;5;id.yandex.ru
войти в яндекс паспорт;2000000;4;22;323;44;5;id.yandex.ru
passport yandex ru личный кабинет войти в личный;3000000;8;48;90;49;5;id.yandex.ru
как посмотреть на каких устройствах выполнен вход в яндекс;1000000;9;58;229;43;5;id.yandex.ru
yandex ia;138000;2;9;322;66;5;id.yandex.ru
яндекс айди почта;1000000;3;17;697;49;5;id.yandex.ru
яндекс айди вход в личный кабинет по номеру телефона;3000000;9;52;95;52;5;id.yandex.ru
вход в яндекс айди;1000000;4;18;972;48;5;id.yandex.ru
яндекс айди войти в аккаунт;2000000;5;27;103;67;5;id.yandex.ru
yandex ru личный кабинет;2000000;4;24;8584;57;5;id.yandex.ru
https passport yandex ru profile subscriptions;2000000;6;46;48;44;5;id.yandex.ru
открой яндекс паспорт;1000000;3;21;131;51;5;id.yandex.ru
в аккаунт яндекс;3000000;3;16;90397;69;5;id.yandex.ru
как зайти в настройки яндекс;993000;5;28;830;41;5;id.yandex.ru
как поменять айди в яндексе;359000;5;27;393;25;5;id.yandex.ru
yandex ru личный кабинет вход;1000000;5;29;1763;28;5;id.yandex.ru
yandex почта зайти;1000000;3;18;376;34;5;id.yandex.ru
где яндекс паспорт находится;1000000;4;28;50;26;5;id.yandex.ru
yandex tune;137000;2;11;921;32;5;id.yandex.ru
яндекс id вход в личный кабинет войти в личный кабинет вход по номеру телефона;2000000;14;78;67;26;5;id.yandex.ru
зайти в яндекс id;696000;4;17;540;36;5;id.yandex.ru
yandex вход в личный кабинет;852000;5;28;2715;33;5;id.yandex.ru
id яндекс плюс;7000;3;14;377;34;5;id.yandex.ru
yandex team passport;229000;3;20;342;30;5;id.yandex.ru
личный кабинет в яндексе;955000;4;24;165829;36;5;id.yandex.ru
зайти в свой аккаунт яндекс;1000000;5;27;1223;34;5;id.yandex.ru
яндекс аккаунт вход в личный кабинет войти;3000000;7;42;138;26;5;id.yandex.ru
яндекс профиль вход в личный;411000;5;28;391;34;5;id.yandex.ru
открой мой яндекс аккаунт;1000000;4;25;264;39;5;id.yandex.ru
passport yandex ru личный кабинет войти;3000000;6;39;122;25;5;id.yandex.ru
яндекс id вход в почту;1000000;5;22;161;15;5;id.yandex.ru
паспорт яндекс точка ру;2000000;4;23;37;17;5;id.yandex.ru
пользователи яндекс;1000000;2;19;43945;19;5;id.yandex.ru
свой яндекс аккаунт;2000000;3;19;9810;16;5;id.yandex.ru
мои сервисы яндекс;81000;3;18;374;17;5;id.yandex.ru
профиль на яндексе;713000;3;18;4074;16;5;id.yandex.ru
как поменять настройки;274000;3;22;27144;23;5;id.yandex.ru
яндекс ру личный кабинет;2000000;4;24;1236;18;5;id.yandex.ru
зайти в яндекс айди;948000;4;19;221;19;5;id.yandex.ru
yandex ru login;2000000;3;15;1987;17;5;id.yandex.ru
кабинет яндекса;575000;2;15;596540;23;5;id.yandex.ru
айди яндекс аккаунта;623000;3;20;1274;20;5;id.yandex.ru
яндекс йд войти;2000000;3;15;20;16;5;id.yandex.ru
паспорт яндекс профиль;766000;3;22;112;19;5;id.yandex.ru
как изменить яндекс айди;827000;4;24;150;23;5;id.yandex.ru
яндекс ру профиль;2000000;3;17;212;14;5;id.yandex.ru
паспорт яндекс почты;1000000;3;20;632;9;5;id.yandex.ru
выбор города яндекс;1000000;3;19;47;10;5;id.yandex.ru
войти ы почту яндекс;3000000;4;20;18;12;5;id.yandex.ru
как открыть яндекс id;1000000;4;21;74;10;5;id.yandex.ru
местоположения яндекс;603000;2;21;17968;10;5;id.yandex.ru
войти в яндекс id вход;2000000;5;22;888;9;5;id.yandex.ru
yandex id справка;442000;3;17;36;14;5;id.yandex.ru
мой профиль на яндекс;161000;4;21;430;11;5;id.yandex.ru
nastroiki;4000;1;9;462;13;5;id.yandex.ru
аккаунт яндекс вход личный кабинет войти через телефон по номеру телефона;921000;11;73;54;10;5;id.yandex.ru
yandex ru главная страница вход yandex ru почта;2000000;8;47;38;14;5;id.yandex.ru
яндекс распорт;522000;2;14;17;13;5;id.yandex.ru
войди в яндекс id;2000000;4;17;2831;9;5;id.yandex.ru
открой мой аккаунт в яндексе;1000000;5;28;62;13;5;id.yandex.ru
яндекс маркет id;805000;3;16;466;14;5;id.yandex.ru
как посмотреть аккаунты яндекс;735000;4;30;3687;8;5;id.yandex.ru
passport yandex profile;459000;3;23;1408;5;5;id.yandex.ru
yandex passport ru яндекс паспорт;2000000;5;33;15;6;5;id.yandex.ru
яндекспаспорт ру;872000;2;16;8;8;5;id.yandex.ru
паспорт аккаунта яндекс;856000;3;23;320;6;5;id.yandex.ru
почта ya ru вход в почту моя страница;3000000;8;37;9;7;5;id.yandex.ru
где посмотреть настройки;1000000;3;24;7162;6;5;id.yandex.ru
показать настройки;1000000;2;18;14585;8;5;id.yandex.ru
зайти в яндекс паспорт;724000;4;22;83;7;5;id.yandex.ru
настройка яндекса на телефоне;2000000;4;29;2012;8;5;id.yandex.ru
как узнать яндекс id в телефоне андроид;2000000;7;39;20;6;5;id.yandex.ru
открой мой аккаунт на яндексе;1000000;5;29;44;8;5;id.yandex.ru
passport yandex ru авторизация личный кабинет войти в личный;3000000;9;60;9;8;5;id.yandex.ru
электронный почта яндекс вход на мою страницу;2000000;7;45;2497;6;5;id.yandex.ru
https passport yandex team ru;2000000;5;29;90;8;5;id.yandex.ru
passport yandex ru авторизация личный кабинет;2000000;6;45;23;8;5;id.yandex.ru
настроить профиль;144000;2;17;5609;5;5;id.yandex.ru
настройка яндекс на телефоне;2000000;4;28;2012;0;5;id.yandex.ru
как изменить город на главной странице;2000000;6;38;24;1;5;id.yandex.ru
паспортяндекс ру;2000000;2;16;4;3;5;id.yandex.ru
yandex nagita;137000;2;13;6;1;5;id.yandex.ru
зайди в яндекс паспорт;638000;4;22;83;2;5;id.yandex.ru
скажи настройки;506000;2;15;755;0;5;id.yandex.ru
поставь город;1000000;2;13;48523;4;5;id.yandex.ru
yandexuid что такое;2000000;3;19;2;2;5;id.yandex.ru
как зайти в сервисы яндекса;1000000;5;27;39;3;5;id.yandex.ru
зайти в настройки телефона через яндекс;2000000;6;39;33;2;5;id.yandex.ru
мое устройство яндекс;254000;3;21;2694;4;5;id.yandex.ru
yandex ido;139000;2;10;43;4;5;id.yandex.ru
как поменять страну в яндекс плюс;932000;6;33;4;1;5;id.yandex.ru
настрой мне аккаунт;494000;3;19;229;3;5;id.yandex.ru
город поставь;929000;2;13;48523;4;5;id.yandex.ru
открой настройки поиска;1000000;3;23;330;0;5;id.yandex.ru
настройки яндекс поиска;1000000;3;23;4255;548;6;id.yandex.ru
почта яндекс онлайн вход;2000000;4;24;930;653;6;id.yandex.ru
яндекс моя почта вход;2000000;4;21;40955;1022;6;id.yandex.ru
войти яндекс id;2000000;3;15;4636;623;6;id.yandex.ru
мои устройства яндекс;1000000;3;21;2694;864;6;id.yandex.ru
яндекс личный кабинет войти в личный кабинет по номеру телефона;1000000;10;63;2240;561;6;id.yandex.ru
яндекс аккаунт вход в аккаунт;1000000;5;29;11213;3634;6;id.yandex.ru
яндекс мои устройства;980000;3;21;2686;867;6;id.yandex.ru
яндекс кабинет;656000;2;14;550361;2696;6;id.yandex.ru
яндекс паспорт вход;997000;3;19;1291;662;6;id.yandex.ru
яндекс профиль;738000;2;14;32410;5047;6;id.yandex.ru
кабинет яндекс;729000;2;14;596540;2770;6;id.yandex.ru
яндекс настройки поиска;1000000;3;23;4302;593;6;id.yandex.ru
вход в личный кабинет яндекс;2000000;5;28;107191;2098;6;id.yandex.ru
где ты можешь открыть настройки;1000000;5;31;16;0;5;id.yandex.ru
зайти в яндекс аккаунт;1000000;4;22;5726;466;6;id.yandex.ru
войти yandex;2000000;2;12;36382;126;6;id.yandex.ru
yandex login;382000;2;12;2977;134;6;id.yandex.ru
яндекс паспорт войти;2000000;3;20;564;198;6;id.yandex.ru
вход в яндекс почту на мою страницу;2000000;7;35;2059;132;6;id.yandex.ru
яндекс id ключ от всех сервисов;1000000;6;31;475;155;6;id.yandex.ru
яндекс зайти в личный кабинет;1000000;5;29;2186;128;6;id.yandex.ru
яндекс паспорт вход в личный кабинет;1000000;6;36;348;298;6;id.yandex.ru
яндекс моя страница;102000;3;19;52740;176;6;id.yandex.ru
яндекс логин;280000;2;12;31231;233;6;id.yandex.ru
войти с яндекс id;2000000;4;17;686;140;6;id.yandex.ru
яндекс профиль вход в личный кабинет;1000000;6;36;350;317;6;id.yandex.ru
зайти яндекс;621000;2;12;59491;252;6;id.yandex.ru
yandex войти;2000000;2;12;34737;129;6;id.yandex.ru
поиск яндекс настройки;2000000;3;22;4270;212;6;id.yandex.ru
янле;4000;1;4;991;393;6;id.yandex.ru
мой почтовый ящик на яндексе войти;2000000;6;34;573;125;6;id.yandex.ru
яндекс ld войти в личный;2000000;5;24;155;62;6;id.yandex.ru
открой аккаунт яндекс;1000000;3;21;1635;68;6;id.yandex.ru
yandex аккаунт войти;2000000;3;20;634;83;6;id.yandex.ru
мой аккаунт яндекса;2000000;3;19;7522;68;6;id.yandex.ru
зайти на яндекс;528000;3;15;17557;70;6;id.yandex.ru
настройки найти;4000;2;15;56889;63;6;id.yandex.ru
где настройки;489000;2;13;146569;91;6;id.yandex.ru
яндекс паспорта;818000;2;15;23907;81;6;id.yandex.ru
включи аккаунт яндекс;1000000;3;21;664;90;6;id.yandex.ru
вход в yandex почту;2000000;4;19;11961;69;6;id.yandex.ru
яндекс личный кабинет войти по номеру телефона;3000000;7;46;11313;103;6;id.yandex.ru
яндекс паспорт вход личный кабинет;1000000;5;34;438;90;6;id.yandex.ru
yandex вход в почту;2000000;4;19;11680;65;6;id.yandex.ru
учетка яндекс;612000;2;13;739;85;6;id.yandex.ru
поиск настройки;1000000;2;15;15248;118;6;id.yandex.ru
яндекс лк войти;2000000;3;15;522;62;6;id.yandex.ru
вход в лк яндекс;1000000;4;16;788;33;6;id.yandex.ru
яндекс почта паспорт;1000000;3;20;550;36;6;id.yandex.ru
поиск яндекса настройки;5000;3;23;4270;41;6;id.yandex.ru
вход в яндекс кабинет;1000000;4;21;107711;35;6;id.yandex.ru
где настройки в яндекс;1000000;4;22;3526;38;6;id.yandex.ru
войти в яндекс почту через вк;3000000;6;29;69;34;6;id.yandex.ru
мои устройства в яндекс;9000;4;23;562;55;6;id.yandex.ru
войти через яндекс id;2000000;4;21;367;41;6;id.yandex.ru
yandex id создать;812000;3;17;140;43;6;id.yandex.ru
yandex team ru вход;2000000;4;19;163;36;6;id.yandex.ru
как посмотреть какие устройства подключены к аккаунту яндекс;1000000;8;60;78;57;6;id.yandex.ru
вход на почту яндекс моя страница;2000000;6;33;16026;47;6;id.yandex.ru
настройки яндекса на телефоне;2000000;4;29;2012;34;6;id.yandex.ru
yandex ru collections user никнейм;1000000;5;34;73;43;6;id.yandex.ru
поиск настройка яндекса;1000000;3;23;4270;60;6;id.yandex.ru
яндекс passport yandex ru;1000000;4;25;674;33;6;id.yandex.ru
настройки яндекса на телефоне где найти;2000000;6;39;49;20;6;id.yandex.ru
изменить настройки;306000;2;18;53276;21;6;id.yandex.ru
как поменять логин в яндекс id;929000;6;30;28;25;6;id.yandex.ru
как настроить яндекс страницу;1000000;4;29;2122;21;6;id.yandex.ru
yandex config;133000;2;13;358;24;6;id.yandex.ru
яндекс id войти в аккаунт;3000000;5;25;320;20;6;id.yandex.ru
яндекс ид что это;704000;4;17;57;29;6;id.yandex.ru
все аккаунты яндекс;3000000;3;19;4504;24;6;id.yandex.ru
яндекс ру войти;3000000;3;15;4620;27;6;id.yandex.ru
pasport yandex ru;977000;3;17;100;22;6;id.yandex.ru
авторизованные устройства яндекс;717000;3;32;120;29;6;id.yandex.ru
lk yandex;141000;2;9;1240;29;6;id.yandex.ru
где мой яндекс;1000000;3;14;6955;20;6;id.yandex.ru
нстройки;6000;1;8;360;26;6;id.yandex.ru
как зайти в яндекс айди;884000;5;23;106;32;6;id.yandex.ru
войти в яндекс ид;379000;4;17;455;20;6;id.yandex.ru
войдем в яндекс аккаунт;2000000;4;23;23404;10;6;id.yandex.ru
профиль на яндекс;518000;3;17;4074;11;6;id.yandex.ru
login yandex ru;683000;3;15;1987;17;6;id.yandex.ru
как войти в яндекс id с телефона андроид;3000000;8;40;11;11;6;id.yandex.ru
создать учетную запись яндекс почты;2000000;5;35;51;14;6;id.yandex.ru
поменять город в настройках яндекса на телефоне андроид;1000000;8;55;12;10;6;id.yandex.ru
настрой аккаунт;538000;2;15;10644;19;6;id.yandex.ru
яндекс ide;663000;2;10;105;16;6;id.yandex.ru
аккаунт яндекс вход личный;2000000;4;26;2475;17;6;id.yandex.ru
устройства привязанные к аккаунту яндекс;873000;5;40;190;13;6;id.yandex.ru
настройка страницы яндекс;1000000;3;25;2558;19;6;id.yandex.ru
настройка яндекс страницы;873000;3;25;2558;19;6;id.yandex.ru
как узнать на каких устройствах выполнен вход в яндекс;1000000;9;54;25;11;6;id.yandex.ru
yandex pass;158000;2;11;199;17;6;id.yandex.ru
вход в яндекс ид;1000000;4;16;276;20;6;id.yandex.ru
yandex papua;213000;2;12;60;10;6;id.yandex.ru
где посмотреть в настройках;941000;4;27;5427;5;6;id.yandex.ru
мой акк яндекс;2000000;3;14;69;6;6;id.yandex.ru
как настроить страницу яндекса;218000;4;30;2122;7;6;id.yandex.ru
личный кабинет на яндексе;1000000;4;25;8172;6;6;id.yandex.ru
https id yandex ru pay history;2000000;6;30;33;6;6;id.yandex.ru
войти в ян;2000000;3;10;1234;6;6;id.yandex.ru
создать аккаунт яндекс про;1000000;4;26;312;9;6;id.yandex.ru
аккаунт яндекс войти в личный кабинет по номеру телефона;3000000;9;56;96;7;6;id.yandex.ru
аккаунты в яндекс;868000;3;17;96739;8;6;id.yandex.ru
паспорт яндекс тим;2000000;3;18;11;6;6;id.yandex.ru
как сменить яндекс айди;545000;4;23;135;9;6;id.yandex.ru
яндекс настройки на телефоне;2000000;4;28;2003;8;6;id.yandex.ru
где посмотреть id яндекса;1000000;4;25;539;6;6;id.yandex.ru
браузер яндекс войти без скачивания;2000000;5;35;33;8;6;id.yandex.ru
аккаунты в яндексе;844000;3;18;96739;10;6;id.yandex.ru
яi;5000;1;2;159;5;6;id.yandex.ru
pass yandex ru;1000000;3;14;115;0;6;id.yandex.ru
дай настройки;2000000;2;13;12404;2;6;id.yandex.ru
яндекс страница войти;2000000;3;21;17870;2;6;id.yandex.ru
яндекс маркет паспорт;1000000;3;21;1432;1;6;id.yandex.ru
почта телефон введите ваш id;923000;5;28;22;2;6;id.yandex.ru
яндекс id один аккаунт для всего логин показать текст пароляпридумайте пароль;1000000;11;77;5;0;6;id.yandex.ru
passport yandex ru авторизация личный кабинет войти;3000000;7;51;14;3;6;id.yandex.ru
passport yandex team ru авторизация;1000000;5;35;4;2;6;id.yandex.ru
личный кабинет в яндексе войти в личный кабинет войти;3000000;9;53;61379;3;6;id.yandex.ru
зайти в свою электронную почту на яндексе;1000000;7;41;209;2;6;id.yandex.ru
открой мой яндекс паспорт;1000000;4;25;7;4;6;id.yandex.ru
где в яндексе поменять город;2000000;5;28;9;3;6;id.yandex.ru
измени город;870000;2;12;22759;1;6;id.yandex.ru
положение яндекс;525000;2;16;1576;3;6;id.yandex.ru
где находится яндекс паспорт в яндексе;1000000;6;38;13;4;6;id.yandex.ru
yandex entot;126000;2;12;25;0;6;id.yandex.ru
яндекс геолокация;373000;2;17;16935;476;7;id.yandex.ru
яндекс вход в аккаунт;1000000;4;21;11213;1018;7;id.yandex.ru
яндекс аккаунт войти;2000000;3;20;25883;1800;7;id.yandex.ru
яне;657000;1;3;2882534;892;7;id.yandex.ru
яндекс личный кабинет войти;2000000;4;27;103977;1297;7;id.yandex.ru
яндекс авторизация;787000;2;18;5770;600;7;id.yandex.ru
войти в аккаунт яндекс;2000000;4;22;23404;3103;7;id.yandex.ru
аккаунт яндекс войти;2000000;3;20;27054;1777;7;id.yandex.ru
яндекс войти в аккаунт;2000000;4;22;22480;2850;7;id.yandex.ru
вход в аккаунт яндекс;2000000;4;21;11823;1159;7;id.yandex.ru
яндекс аккаунт вход;1000000;3;19;15984;3490;7;id.yandex.ru
войти в яндекс аккаунт;2000000;4;22;23404;3103;7;id.yandex.ru
войти в личный кабинет яндекс;2000000;5;29;67305;651;7;id.yandex.ru
яндекс вход в личный кабинет;1000000;5;28;100300;2018;7;id.yandex.ru
аккаунт яндекс вход;1000000;3;19;16919;3742;7;id.yandex.ru
яндекс вход в личный аккаунт;2000000;5;28;1836;397;7;id.yandex.ru
яндекс мои записи;5000;3;17;436;112;7;id.yandex.ru
login yandex;706000;2;12;2977;134;7;id.yandex.ru
яндекс зайти;936000;2;12;57076;245;7;id.yandex.ru
мой кабинет яндекс;1000000;3;18;10111;119;7;id.yandex.ru
яндекс аккаунт войти в личный кабинет;3000000;6;37;439;213;7;id.yandex.ru
яндекс профиль войти;2000000;3;20;1081;115;7;id.yandex.ru
яндекс вход в личный;1000000;4;20;107736;309;7;id.yandex.ru
яндекс id что это такое;1000000;5;23;339;226;7;id.yandex.ru
паспорт яндекс вход в личный кабинет;2000000;6;36;340;295;7;id.yandex.ru
настройки яндекс поиск;2000000;3;22;4250;212;7;id.yandex.ru
аккаунт яндекс вход личный кабинет;2000000;5;34;1902;314;7;id.yandex.ru
яндекс кабинет вход;1000000;3;19;128220;295;7;id.yandex.ru
что такое айди яндекс;425000;4;21;236;117;7;id.yandex.ru
яндекс профиль вход;2000000;3;19;973;259;7;id.yandex.ru
создать яндекс айди;997000;3;19;908;350;7;id.yandex.ru
учетная запись яндекс войти;2000000;4;27;398;103;7;id.yandex.ru
яндекс паспорт войти по номеру телефона;3000000;6;39;72;45;7;id.yandex.ru
устройства подключенные к аккаунту яндекс;999000;5;41;587;59;7;id.yandex.ru
passport yandex ru авторизация;1000000;4;30;160;68;7;id.yandex.ru
как посмотреть устройства в яндекс аккаунт;1000000;6;42;447;57;7;id.yandex.ru
личный кабинет яндекса войти в личный;2000000;6;37;61379;65;7;id.yandex.ru
открой мой аккаунт яндекс;522000;4;25;274;45;7;id.yandex.ru
яндекс айди что это;611000;4;19;160;88;7;id.yandex.ru
где яндекс аккаунт;8000;3;18;4043;67;7;id.yandex.ru
яндекс учетка;796000;2;13;724;83;7;id.yandex.ru
войди в мой яндекс аккаунт;2000000;5;26;475;65;7;id.yandex.ru
личный кабинет яндекса войти;2000000;4;28;101898;94;7;id.yandex.ru
настройки аккаунта;545000;2;18;50453;84;7;id.yandex.ru
яндекс ру вход в личный кабинет;2000000;6;31;488;54;7;id.yandex.ru
настройка яндекс поиск;2000000;3;22;4250;71;7;id.yandex.ru
зайди в аккаунт яндекс;677000;4;22;5363;99;7;id.yandex.ru
яндекс ld войти в личный кабинет;317000;6;32;92;44;7;id.yandex.ru
изменить город в яндексе на стартовой странице телефоне андроид;2000000;9;63;158;29;7;id.yandex.ru
поменять город в яндексе;919000;4;24;2042;33;7;id.yandex.ru
как яндекс аккаунт скачать;1000000;4;26;204;37;7;id.yandex.ru
как пользоваться яндексом;658000;3;25;25965;31;7;id.yandex.ru
как скачать яндекс аккаунт;2000000;4;26;204;37;7;id.yandex.ru
яндекс поиск настройки поиска;178000;4;29;4297;30;7;id.yandex.ru
yandex email login;442000;3;18;88;41;7;id.yandex.ru
yandex pasport ru;866000;3;17;100;37;7;id.yandex.ru
яндекс вход в кабинет;773000;4;21;100751;39;7;id.yandex.ru
мой профиль яндекс войти;2000000;4;24;116;35;7;id.yandex.ru
яндекс геопозиция;578000;2;17;2066;42;7;id.yandex.ru
location yandex;145000;2;15;453;41;7;id.yandex.ru
что такое яндекс ид;710000;4;19;81;31;7;id.yandex.ru
мой аккаунт яндекс войти с телефона;669000;6;35;119;38;7;id.yandex.ru
yandex личный кабинет вход;1000000;4;26;3106;44;7;id.yandex.ru
настройка яндекса главной страницы;3000000;4;34;563;28;7;id.yandex.ru
сделать яндекс айди;1000000;3;19;136;16;7;id.yandex.ru
входы и устройства яндекс;1000000;4;25;83;18;7;id.yandex.ru
yandex id что это такое;1000000;5;23;26;20;7;id.yandex.ru
где найти в настройках;186000;4;22;18149;17;7;id.yandex.ru
что такое яндекс ld;263000;4;19;35;18;7;id.yandex.ru
ооо яндекс личный кабинет вход;137000;5;30;30;16;7;id.yandex.ru
яндекс семейная;736000;2;15;33416;23;7;id.yandex.ru
настройки поиска в яндексе где находится;2000000;6;40;58;20;7;id.yandex.ru
войти в личный кабинет яндекса;3000000;5;30;67305;22;7;id.yandex.ru
профиль в яндекс;207000;3;16;12962;18;7;id.yandex.ru
яндекс ld войти;2000000;3;15;244;27;7;id.yandex.ru
яндекс пасс;629000;2;11;180;23;7;id.yandex.ru
паспорт яндекс ру профиль;2000000;4;25;28;17;7;id.yandex.ru
yandex ru вход в личный кабинет;2000000;6;31;1493;21;7;id.yandex.ru
как узнать какие устройства подключены к аккаунту яндекс;1000000;8;56;45;27;7;id.yandex.ru
настроить погоду в яндексе своего города;1000000;6;40;86;15;7;id.yandex.ru
уточнить местоположение в яндексе;668000;4;33;18;9;7;id.yandex.ru
яндекс паспорт вход в личный;2000000;5;28;365;10;7;id.yandex.ru
покажи мой яндекс аккаунт;2000000;4;25;216;10;7;id.yandex.ru
быстрый вход яндекс;982000;3;19;200;9;7;id.yandex.ru
настройки инструменты яндекс;860000;3;28;77;10;7;id.yandex.ru
яндекс для семьи;817000;3;16;1274;9;7;id.yandex.ru
изменить локацию в яндексе;704000;4;26;72;14;7;id.yandex.ru
как открыть страницу регистрации в яндексе;3000000;6;42;11;10;7;id.yandex.ru
где найти свой яндекс id;2000000;5;24;49;13;7;id.yandex.ru
yandex pembantu;101000;2;15;88;10;7;id.yandex.ru
яндекс вход на мою страницу;2000000;5;27;16279;14;7;id.yandex.ru
сеансы яндекс аккаунт;907000;3;21;264;14;7;id.yandex.ru
открой мой профиль яндекс;1000000;4;25;53;9;7;id.yandex.ru
яндекс l;809000;2;8;1916;13;7;id.yandex.ru
личный кабинет на яндексе вход на мою страницу;2000000;8;46;551;14;7;id.yandex.ru
открой меню яндекса;53000;3;19;615;9;7;id.yandex.ru
как найти яндекс паспорт в телефоне;2000000;6;35;7;4;7;id.yandex.ru
как настроить в яндексе свой город в телефоне;2000000;8;45;33;5;7;id.yandex.ru
yandex ua главная страница вход;3000000;5;31;7;7;7;id.yandex.ru
мой яндекс аккаунт войти в него;96000;6;31;17;5;7;id.yandex.ru
настройки телефона открыть через яндекс;2000000;5;39;36;6;7;id.yandex.ru
где можно найти настройки;2000000;4;25;1002;4;7;id.yandex.ru
как поменять id в яндексе;438000;5;25;487;8;7;id.yandex.ru
как принять приглашение на подписку яндекс плюс;1000000;7;47;15;7;7;id.yandex.ru
где узнать яндекс id;1000000;4;20;44;7;7;id.yandex.ru
войти с яндекс айди;2000000;4;19;45;6;7;id.yandex.ru
как зайти в настройки яндекса на телефоне;693000;7;41;54;9;7;id.yandex.ru
yandex мои устройства;201000;3;21;35;8;7;id.yandex.ru
ya паспорт;118000;2;10;91;5;7;id.yandex.ru
где посмотреть свой id в яндекс;1000000;6;31;28;7;7;id.yandex.ru
мой аккаунт в яндексе вход на мою страницу;2000000;8;42;31;9;7;id.yandex.ru
как посмотреть аккаунты в яндексе;885000;5;33;1720;3;7;id.yandex.ru
вход в яндекс аккаунт;1000000;4;21;11823;1159;8;id.yandex.ru
изменить на яндекс город;220000;4;24;1081;0;7;id.yandex.ru
lk яндекс;473000;2;9;298;1;7;id.yandex.ru
войти в личный кабинет на яндексе;3000000;6;33;1192;0;7;id.yandex.ru
как изменить язык поиска в яндексе;2000000;6;34;7;0;7;id.yandex.ru
войти яндекс;2000000;2;12;521147;3967;8;id.yandex.ru
яндекс моя страничка;456000;3;20;180;2;7;id.yandex.ru
зайди к себе в настройки;1000000;5;24;8;0;7;id.yandex.ru
как мне выйти на яндекс;2000000;5;23;133;2;7;id.yandex.ru
алиса поменяй город;838000;3;19;67;0;7;id.yandex.ru
яндекс пенза главная страница вход;3000000;5;34;3;3;7;id.yandex.ru
войти в настройки телефона через яндекс;3000000;6;39;4;2;7;id.yandex.ru
яндекс вход;1000000;2;11;830593;8051;8;id.yandex.ru
yandex public;120000;2;13;1867;1;7;id.yandex.ru
mail yandex ru вход в свою почту с телефона;3000000;9;43;652;3;7;id.yandex.ru
яндекс id создать;1000000;3;17;2525;757;8;id.yandex.ru
яндекс отзывы личный кабинет вход;435000;5;33;257;189;8;id.yandex.ru
почта яндекс личный кабинет войти в личный кабинет вход на личную страницу;3000000;12;74;681;235;8;id.yandex.ru
passport yandex ru активация;1000000;4;28;1091;280;8;id.yandex.ru
yandex вход;877000;2;11;46628;217;8;id.yandex.ru
мой яндекс аккаунт войти;227000;4;24;934;253;8;id.yandex.ru
yandex ru jepang;1000000;3;16;923;190;8;id.yandex.ru
яндекс айди создать;997000;3;19;908;350;8;id.yandex.ru
настройки поиска в яндексе;1000000;4;26;1561;267;8;id.yandex.ru
яндекс id что это;732000;4;17;935;308;8;id.yandex.ru
мой аккаунт яндекс войти;2000000;4;24;934;253;8;id.yandex.ru
геолокация яндекс;554000;2;17;16079;420;8;id.yandex.ru
яндекс аккаунт вход в личный;2000000;5;28;1708;328;8;id.yandex.ru
аккаунт яндекс войти в личный кабинет;2000000;6;37;439;213;8;id.yandex.ru
яндекс id это что;505000;4;17;896;289;8;id.yandex.ru
яндекс настройка поиска;1000000;3;23;4302;462;8;id.yandex.ru
как включить яндекс;6000;3;19;103311;170;8;id.yandex.ru
yandex ru главная страница вход yandex ru главная страница;3000000;9;58;1859;60;8;id.yandex.ru
почта яндекс вход моя войти;2000000;5;27;7469;73;8;id.yandex.ru
войти в профиль яндекс;2000000;4;22;790;90;8;id.yandex.ru
настройка поиск яндекс;2000000;3;22;4250;71;8;id.yandex.ru
яндекс поиск настройка;1000000;3;22;4297;78;8;id.yandex.ru
яндекс id справка служба поддержки;2000000;5;34;71;65;8;id.yandex.ru
как открыть яндекс;914000;3;18;53485;111;8;id.yandex.ru
яндекс спит личный кабинет;843000;4;26;119;80;8;id.yandex.ru
что такое яндекс айди;4000;4;21;235;106;8;id.yandex.ru
полная версия яндекс почты;2000000;4;26;2057;75;8;id.yandex.ru
моя почта яндекс ру;2000000;4;19;1800;139;8;id.yandex.ru
профиль яндекс войти;2000000;3;20;1055;108;8;id.yandex.ru
поиск яндекс настройка;5000;3;22;4270;70;8;id.yandex.ru
настройки где;995000;2;13;143770;92;8;id.yandex.ru
яндекс личный кабинет вход по номеру телефона;2000000;7;45;5081;143;8;id.yandex.ru
яндекс браузер личный кабинет;1000000;4;29;760;56;8;id.yandex.ru
passport yandex team;116000;3;20;342;30;8;id.yandex.ru
почта яндекс ру личный кабинет;3000000;5;30;238;32;8;id.yandex.ru
зайти в почту яндекс ру;2000000;5;23;104;44;8;id.yandex.ru
зайти в яндекс профиль;879000;4;22;647;32;8;id.yandex.ru
мой яндекс аккаунт войти с телефона;3000000;6;35;119;38;8;id.yandex.ru
настройки главной страницы яндекса;2000000;4;34;560;31;8;id.yandex.ru
yandex bandung;109000;2;14;353;50;8;id.yandex.ru
геопозиция яндекс;609000;2;17;2028;39;8;id.yandex.ru
где найти яндекс айди;2000000;4;21;154;46;8;id.yandex.ru
яндекс ld войти в аккаунт;2000000;5;25;36;36;8;id.yandex.ru
настройки профиля;414000;2;17;13832;50;8;id.yandex.ru
яндекс локация;528000;2;14;2747;47;8;id.yandex.ru
личный кабинет в яндексе войти в личный;3000000;7;39;61379;32;8;id.yandex.ru
локация яндекс;548000;2;14;2832;46;8;id.yandex.ru
яндекс про аккаунт;859000;3;18;3680;54;8;id.yandex.ru
как сменить яндекс id;827000;4;21;501;29;8;id.yandex.ru
моя локация сейчас яндекс;4000000;4;25;30;19;8;id.yandex.ru
как зайти в аккаунт яндекса;1000000;5;27;2945;21;8;id.yandex.ru
где настройки в яндексе на телефоне;2000000;6;35;142;24;8;id.yandex.ru
войдите один раз сразу во все сервисы яндекса регистрация войти;3000000;10;63;51;21;8;id.yandex.ru
где скачать яндекс аккаунт;2000000;4;26;36;22;8;id.yandex.ru
какой яндекс аккаунт;1000000;3;20;4772;19;8;id.yandex.ru
yandex войти в аккаунт;2000000;4;22;521;26;8;id.yandex.ru
где находятся настройки яндекса;949000;4;31;1218;23;8;id.yandex.ru
логин яндекс id;886000;3;15;635;24;8;id.yandex.ru
яндекс вход в личный кабинет мой;2000000;6;32;1816;21;8;id.yandex.ru
создать новый яндекс id;3000000;4;23;205;28;8;id.yandex.ru
как поменять город в яндексе на телефоне андроид;2000000;8;48;187;25;8;id.yandex.ru
поиск настроек;1000000;2;14;15245;20;8;id.yandex.ru
учетная запись яндекс войти в личный кабинет;2000000;7;44;53;24;8;id.yandex.ru
яндекс па;537000;2;9;351;29;8;id.yandex.ru
аккаунт яндекс вход личный кабинет войти через телефон;3000000;8;54;78;18;8;id.yandex.ru
яндекс справка id поддержка;1000000;4;27;79;9;8;id.yandex.ru
привязать почту к яндекс id;1000000;5;27;68;11;8;id.yandex.ru
привязать устройство к яндекс;676000;4;29;423;13;8;id.yandex.ru
моя страница яндекс вход на мою страницу;1000000;7;40;15255;10;8;id.yandex.ru
где в яндексе;225000;3;13;111564;12;8;id.yandex.ru
как изменить регион в яндексе на телефоне;2000000;7;41;83;10;8;id.yandex.ru
яндекс войти по номеру телефона;3000000;5;31;16984;16;8;id.yandex.ru
все мои аккаунты в яндексе;2000000;5;26;104;12;8;id.yandex.ru
вход на электронную почту яндекс с телефона;3000000;7;43;359;14;8;id.yandex.ru
войти в yandex;2000000;3;14;10665;11;8;id.yandex.ru
как зайти в яндекс id с телефона;573000;7;32;36;17;8;id.yandex.ru
геоданные яндекс;409000;2;16;503;15;8;id.yandex.ru
яндекс как поменять город;1000000;4;25;1913;10;8;id.yandex.ru
яндекс ака;431000;2;10;284;14;8;id.yandex.ru
ям личный кабинет;1000000;3;17;469;18;8;id.yandex.ru
id yandex где посмотреть;1000000;4;24;16;8;8;id.yandex.ru
как поменять язык в поисковике яндекс;1000000;6;37;7;4;8;id.yandex.ru
поменять страну в яндексе;1000000;4;25;194;5;8;id.yandex.ru
как принять приглашение в подписку яндекс плюс;1000000;7;46;23;7;8;id.yandex.ru
местоположение в яндексе;607000;3;24;6383;5;8;id.yandex.ru
настройки яндекса главная страница;2000000;4;34;560;6;8;id.yandex.ru
yandex паспорт вход;494000;3;19;16;5;8;id.yandex.ru
управление настройками;39000;2;22;52994;8;8;id.yandex.ru
мой мир яндекс;2000000;3;14;432;6;8;id.yandex.ru
яндекс почта личный кабинет вход по номеру телефона;3000000;8;51;476;8;8;id.yandex.ru
яндекс положение;563000;2;16;1501;5;8;id.yandex.ru
где найти яндекс паспорт в телефоне;3000000;6;35;11;8;8;id.yandex.ru
где посмотреть яндекс паспорт;689000;4;29;10;8;8;id.yandex.ru
установить яндекс id;838000;3;20;119;5;8;id.yandex.ru
изменить город в яндексе на телефоне;2000000;6;36;569;7;8;id.yandex.ru
настроить город в яндексе на смартфоне;2000000;6;38;37;8;8;id.yandex.ru
где в приложении яндекс настройки;2000000;5;33;172;4;8;id.yandex.ru
вход яндекс;1000000;2;11;894242;8427;9;id.yandex.ru
включи все настройки;551000;3;20;1684;0;8;id.yandex.ru
yandex ru главная страница вход скачать;3000000;6;39;8;1;8;id.yandex.ru
h ttps yandex ru support browser;62000;6;32;11;0;8;id.yandex.ru
а как яндекс аккаунт скачать;3000000;5;28;6;0;8;id.yandex.ru
как настроить свой город в яндексе на телефоне андроид;2000000;9;54;22;0;8;id.yandex.ru
вход в личный кабинет яндекса;118000;5;29;107191;4;8;id.yandex.ru
яндекс ру официальный сайт вход;2000000;5;31;13;1;8;id.yandex.ru
знаток города яндекс мой аккаунт войти;3000000;6;38;50;2;8;id.yandex.ru
как изменить город в яндексе на стартовой странице на айфон;266000;10;59;1;0;8;id.yandex.ru
сменить профиль можно в меню сервис настройки общие;3000000;8;51;185;4;8;id.yandex.ru
яндекс ld войти в личный кабинет войти по номеру телефона;3000000;10;57;23;3;8;id.yandex.ru
где найти настройки в яндексе на телефоне;3000000;7;41;12;0;8;id.yandex.ru
использовать фотографию и имя пользователя из яндекса;2000000;7;53;1;1;8;id.yandex.ru
яндекс войти бесплатно;3000000;3;22;3806;4;8;id.yandex.ru
войти в яндекс;2000000;3;14;236025;2494;9;id.yandex.ru
почта яндекс вход в личный кабинет по номеру телефона;3000000;9;53;439;206;9;id.yandex.ru
как узнать свой яндекс id;1000000;5;25;574;247;9;id.yandex.ru
яндекс аккаунт войти в свой;3000000;5;27;3508;306;9;id.yandex.ru
яндекс личный кабинет вход по номеру телефона войти в личный;3000000;10;60;999;246;9;id.yandex.ru
войти в аккаунт яндекса;2000000;4;23;23404;262;9;id.yandex.ru
яндекс главная страница вход;2000000;4;28;2066;208;9;id.yandex.ru
настройка поиска яндекс;2000000;3;23;4255;481;9;id.yandex.ru
yandex ru главная страница вход;3000000;5;31;1859;275;9;id.yandex.ru
зайти в яндекс;710000;3;14;41851;316;9;id.yandex.ru
yandex ru вход;2000000;3;14;36508;248;9;id.yandex.ru
янлек;4000;1;5;1340;665;9;id.yandex.ru
чндек;2000;1;5;607;421;9;id.yandex.ru
как в яндексе поменять город;1000000;5;28;1883;234;9;id.yandex.ru
что такое id яндекс;701000;4;19;1140;314;9;id.yandex.ru
настроить;815000;1;9;4412897;1091;9;id.yandex.ru
sso passport yandex ru;1000000;4;22;793;186;9;id.yandex.ru
авторизоваться в яндексе;486000;3;24;1622;50;9;id.yandex.ru
войти в яндекс почту на свою страницу через логин;3000000;9;49;614;63;9;id.yandex.ru
войти в яндекс профиль;503000;4;22;790;90;9;id.yandex.ru
мой личный кабинет яндекс;40000;4;25;9524;61;9;id.yandex.ru
яндекс справка id служба поддержки;1000000;5;34;71;64;9;id.yandex.ru
яндекс почта компьютерная версия;2000000;4;32;77;53;9;id.yandex.ru
моя страница в яндексе вход на мою страницу;2000000;8;43;2380;119;9;id.yandex.ru
открыть главную страницу яндекс;2000000;4;31;13939;69;9;id.yandex.ru
паспорт яндекс плюс;8000;3;19;487;104;9;id.yandex.ru
найти настройки;1000000;2;15;56889;63;9;id.yandex.ru
зайди в яндекс;922000;3;14;41851;122;9;id.yandex.ru
где найти яндекс аккаунт;2000000;4;24;650;115;9;id.yandex.ru
яндекс привязанные устройства;749000;3;29;795;53;9;id.yandex.ru
как войти в яндекс id;2000000;5;21;663;99;9;id.yandex.ru
яндекс браузер войти;2000000;3;20;2968;146;9;id.yandex.ru
авторизация яндекс id;339000;3;21;290;50;9;id.yandex.ru
войти в акк яндекс;2000000;4;18;150;29;9;id.yandex.ru
yandex ru войти;3000000;3;15;29590;32;9;id.yandex.ru
яндекс про профиль;348000;3;18;1987;43;9;id.yandex.ru
yandex coli;75000;2;11;99;31;9;id.yandex.ru
yandex официальный сайт;2000000;3;23;2879;36;9;id.yandex.ru
яндекс id один аккаунт для всего;4000000;6;32;88;29;9;id.yandex.ru
вход в почту яндекс на свою;2000000;6;27;1010;48;9;id.yandex.ru
регион яндекс;921000;2;13;7687;41;9;id.yandex.ru
как поменять город на телефоне в яндексе;2000000;7;40;467;45;9;id.yandex.ru
войти в аккаунт яндекса по номеру телефона;1000000;7;42;1032;35;9;id.yandex.ru
ид ру;1000000;2;5;662;49;9;id.yandex.ru
включить настройки;590000;2;18;64147;46;9;id.yandex.ru
поменять язык яндекс;1000000;3;20;2799;30;9;id.yandex.ru
активность яндекс аккаунта;829000;3;26;137;44;9;id.yandex.ru
войти в мой аккаунт яндекс;2000000;5;26;475;49;9;id.yandex.ru
настройки основные;534000;2;18;11515;27;9;id.yandex.ru
яндекс почта пк версия;1000000;4;22;62;14;9;id.yandex.ru
яндекс зайди;153000;2;12;57076;17;9;id.yandex.ru
аккаунт яндекс бесплатно;71000;3;24;2278;19;9;id.yandex.ru
где находятся настройки яндекс;1000000;4;30;1218;16;9;id.yandex.ru
мой профиль в яндекс как зайти с телефона андроид;2000000;9;49;18;18;9;id.yandex.ru
как зайти в личный кабинет яндекса;1000000;6;34;1028;14;9;id.yandex.ru
яндекс браузер войти в аккаунт;1000000;5;30;372;25;9;id.yandex.ru
м почта яндекс;2000000;3;14;253;19;9;id.yandex.ru
город установить;1000000;2;16;145312;20;9;id.yandex.ru
яндекс доступ;760000;2;13;55478;17;9;id.yandex.ru
мой аккаунт в яндексе показать;2000000;5;30;179;26;9;id.yandex.ru
как изменить яндекс id;836000;4;22;536;25;9;id.yandex.ru
вход через яндекс id;1000000;4;20;131;16;9;id.yandex.ru
яндекс ld войти в личный кабинет войти;2000000;7;38;92;20;9;id.yandex.ru
passport yandex ru restoration login;2000000;5;36;30;26;9;id.yandex.ru
https id yandex ru яндекс диск;2000000;6;30;22;13;9;id.yandex.ru
как настроить местоположение в яндексе;681000;5;38;216;10;9;id.yandex.ru
настройка э;274000;2;11;592;11;9;id.yandex.ru
настройки яндекс про;962000;3;20;489;12;9;id.yandex.ru
сразу во все сервисы яндекса;2000000;5;28;129;11;9;id.yandex.ru
личный кабинет в яндексе войти;3000000;5;30;64358;12;9;id.yandex.ru
как включить яндекс аккаунт;1000000;4;27;263;10;9;id.yandex.ru
настроить город в яндексе;577000;4;25;363;13;9;id.yandex.ru
как изменить в яндексе город нахождения на телефоне андроид;2000000;9;59;12;12;9;id.yandex.ru
изменить город в яндексе на телефоне на омск;2000000;8;44;12;12;9;id.yandex.ru
настрой настройку;276000;2;17;37816;11;9;id.yandex.ru
как в яндексе поставить свой город;1000000;6;34;93;13;9;id.yandex.ru
как изменить логин яндекс;453000;4;25;410;12;9;id.yandex.ru
поиск яндекса найти войти;3000000;4;25;46;11;9;id.yandex.ru
знаток города яндекс мой аккаунт войти в личный;1000000;8;47;48;12;9;id.yandex.ru
как найти настройки в яндексе;751000;5;29;552;13;9;id.yandex.ru
как зайти в настройки телефона через яндекс;2000000;7;43;25;10;9;id.yandex.ru
твои настройки;399000;2;14;1399;5;9;id.yandex.ru
од яндекс;789000;2;9;514;6;9;id.yandex.ru
яндекс главная страница вход новости погода;4000;6;43;6;6;9;id.yandex.ru
изменить город на стартовой странице;1000000;5;36;624;6;9;id.yandex.ru
выбрать город в яндексе на стартовой странице;138000;7;45;8;6;9;id.yandex.ru
поменять яндекс id;534000;3;18;924;5;9;id.yandex.ru
какой у меня яндекс аккаунт;434000;5;27;166;9;9;id.yandex.ru
как открыть яндекс паспорт на телефоне;472000;6;38;11;6;9;id.yandex.ru
яндекс точка личный кабинет;1000000;4;27;106;7;9;id.yandex.ru
яндекс личный кабинет вход по номеру;2000000;6;36;6124;6;9;id.yandex.ru
ya device;107000;2;9;2704;9;9;id.yandex.ru
учетная запись в яндексе;1000000;4;24;1584;9;9;id.yandex.ru
войти в приложение яндекс;2000000;4;25;1930;5;9;id.yandex.ru
яндекс главная страница вход стартовая;2000000;5;38;168;7;9;id.yandex.ru
моя почта на яндексе вход на мою страницу с телефона;3000000;10;52;293;9;9;id.yandex.ru
сменить пароль яндекс id на айфоне;1000000;6;34;6;5;9;id.yandex.ru
как на яндексе установить свой город на телефоне андроид;2000000;9;56;38;1;9;id.yandex.ru
изменить язык в яндексе;1000000;4;23;878;2;9;id.yandex.ru
как поставить свой город;1000000;4;24;1011;3;9;id.yandex.ru
поменять язык на яндекс;1000000;4;23;1157;2;9;id.yandex.ru
настройки в яндексе на телефоне где находится;2000000;7;45;58;2;9;id.yandex.ru
ya tu device;85000;3;12;1;1;9;id.yandex.ru
найти яндекс страницу;2000000;3;21;2340;5;9;id.yandex.ru
настроить поисковую систему яндекс;1000000;4;34;84;3;9;id.yandex.ru
местоположение яндекс изменить в телефоне;1000000;5;41;148;3;9;id.yandex.ru
настройки в яндексе на телефоне;981000;5;31;883;2;9;id.yandex.ru
мой id в яндексе посмотреть на телефоне андроид бесплатно;2000000;9;57;7;5;9;id.yandex.ru
как изменить в яндексе город нахождения на телефоне;2000000;8;51;19;3;9;id.yandex.ru
setting настройки;359000;2;17;4274;2;9;id.yandex.ru
как поменять язык в приложении яндекса;2000000;6;38;97;3;9;id.yandex.ru
как использовать яндекс;1000000;3;23;10468;5;9;id.yandex.ru
как поставить город в яндексе на телефоне;2000000;7;41;48;1;9;id.yandex.ru
yandex indo;128000;2;11;11634;2809;10;id.yandex.ru
ты можешь управлять яндексом;968000;4;28;15;0;9;id.yandex.ru
войти на сайт яндекса;2000000;4;21;738;0;9;id.yandex.ru
как зайти в настройки яндекса на андроид;1000000;7;40;19;0;9;id.yandex.ru
яндекс ру моя страница;709000;4;22;1257;0;9;id.yandex.ru
настройка;2000000;1;9;6617184;3696;10;id.yandex.ru
как настроить свой город;273000;4;24;392;1;9;id.yandex.ru
что такое id яндекса;582000;4;20;1149;0;9;id.yandex.ru
локация в яндексе;479000;3;17;1183;1;9;id.yandex.ru
где найти эти настройки;2000000;4;23;381;0;9;id.yandex.ru
я девайс;1000000;2;8;307;1;9;id.yandex.ru
el yandex ru;1000000;3;12;453;1;9;id.yandex.ru
boket yandex;118000;2;12;13;0;9;id.yandex.ru
настройки персональных данных в яндекс браузере;2000000;6;47;6;1;9;id.yandex.ru
bokap yandex;121000;2;12;14;1;9;id.yandex.ru
войти яндекс аккаунт;2000000;3;20;26976;1813;10;id.yandex.ru
яндекс музыка личный кабинет войти в личный кабинет;1000000;8;51;721;172;10;id.yandex.ru
точка яндекс;306000;2;12;52193;305;10;id.yandex.ru
yandex com eu;1000000;3;13;543;423;10;id.yandex.ru
яндекс yandex ru;840000;3;16;56565;253;10;id.yandex.ru
что такое яндекс id;503000;4;19;1185;337;10;id.yandex.ru
яндекс id как войти;600000;4;19;965;178;10;id.yandex.ru
настройки поиска яндекс;2000000;3;23;4255;548;10;id.yandex.ru
вход почту яндекс;2000000;3;17;565064;407;10;id.yandex.ru
tante yandex;226000;2;12;2581;427;10;id.yandex.ru
яндекс про личный кабинет;819000;4;25;966;310;10;id.yandex.ru
яндекс войти в личный кабинет;3000000;5;29;63323;631;10;id.yandex.ru
яндекс зайти в аккаунт;1000000;4;22;5423;435;10;id.yandex.ru
яндекс yandex;641000;2;13;69200;203;10;id.yandex.ru
яндекс id регистрация;2000000;3;21;942;424;10;id.yandex.ru
вход в яндекс;1000000;3;13;296990;1325;10;id.yandex.ru
яндекс плюс личный кабинет войти по номеру телефона без пароля и логина;3000000;12;71;559;124;10;id.yandex.ru
yandex ua главная страница;2000000;4;26;51;44;10;id.yandex.ru
как зайти в яндекс id;966000;5;21;270;51;10;id.yandex.ru
как поменять язык в яндекс;1000000;5;26;1957;67;10;id.yandex.ru
войти в мой яндекс аккаунт;2000000;5;26;475;49;10;id.yandex.ru
регистрация яндекс ид;2000000;3;21;108;59;10;id.yandex.ru
как поменять город в яндексе на телефоне;2000000;7;40;467;45;10;id.yandex.ru
яндекс ру вход на главную страницу;3000000;6;34;84;81;10;id.yandex.ru
ayandex;3000;1;7;111;65;10;id.yandex.ru
вкщьюкгhttps yandex ru;2000000;3;22;71;71;10;id.yandex.ru
яндекс ру вход;2000000;3;14;5524;59;10;id.yandex.ru
яндекс id где посмотреть;1000000;4;24;529;86;10;id.yandex.ru
авторизация в яндексе;663000;3;21;2156;72;10;id.yandex.ru
что такое яндекс паспорт;7000;4;24;89;45;10;id.yandex.ru
яндекс id ключ от всех сервисов узнать больше;1000000;8;45;231;67;10;id.yandex.ru
изменить город в яндексе;1000000;4;24;1658;98;10;id.yandex.ru
настройки включить;492000;2;18;63658;42;10;id.yandex.ru
где в яндексе настройки на телефоне;2000000;6;35;142;24;10;id.yandex.ru
как изменить город в яндексе на телефоне;2000000;7;40;395;29;10;id.yandex.ru
войти в яндекс аккаунт через логин и пароль;2000000;8;43;81;32;10;id.yandex.ru
как поменять яндекс id;424000;4;22;714;29;10;id.yandex.ru
яндекс геолокация мое местоположение;566000;4;36;740;30;10;id.yandex.ru
yandex ru вход на почту мой личный;101000;7;34;53;24;10;id.yandex.ru
электронная почта вход на мою почту яндекс;2000000;7;42;4384;36;10;id.yandex.ru
yandex ru официальный сайт;2000000;4;26;1490;31;10;id.yandex.ru
сменить город на главной странице яндекса на смартфоне;3000000;8;54;36;34;10;id.yandex.ru
яндекс услуги личный кабинет войти в личный кабинет;3000000;8;51;304;30;10;id.yandex.ru
яндекс личные данные;2000000;3;20;1603;36;10;id.yandex.ru
поменять город в яндексе на стартовой;1000000;6;37;473;35;10;id.yandex.ru
войти в свой личный кабинет яндекс;2000000;6;34;81;26;10;id.yandex.ru
изменить регион в яндексе на телефоне;2000000;6;37;126;33;10;id.yandex.ru
яндекс войти в личный;2000000;4;21;65834;37;10;id.yandex.ru
моя почта яндекс ru моя страница войти;3000000;7;38;468;22;10;id.yandex.ru
настройки сайта в яндекс браузере;2000000;5;33;1426;16;10;id.yandex.ru
создать аккаунт в яндексе для регистрации;2000000;6;41;20;17;10;id.yandex.ru
паспорт яндекс ру авторизация;2000000;4;29;18;18;10;id.yandex.ru
ваши данные на яндексе;2000000;4;22;641;17;10;id.yandex.ru
где посмотреть свой яндекс id;2000000;5;29;56;18;10;id.yandex.ru
входы в аккаунт яндекс;2000000;4;22;10613;16;10;id.yandex.ru
как сделать геолокацию в яндекс;1000000;5;31;301;19;10;id.yandex.ru
яндекс музыка id;2000000;3;16;1046;18;10;id.yandex.ru
как зайти в яндекс паспорт;65000;5;26;51;19;10;id.yandex.ru
моя страница в яндексе;1000000;4;22;20849;18;10;id.yandex.ru
аккаунт яндекса войти;2000000;3;21;27054;20;10;id.yandex.ru
как изменить язык в приложении яндекс;2000000;6;37;59;19;10;id.yandex.ru
сделай яндекс на русском языке;2000000;5;30;480;17;10;id.yandex.ru
как изменить почту в яндексе id;2000000;6;31;89;19;10;id.yandex.ru
где посмотреть id яндекс аккаунта;2000000;5;33;31;21;10;id.yandex.ru
yandex почта сайт;3000000;3;17;309;16;10;id.yandex.ru
паспорт яндекс ру активация;2000000;4;27;48;12;10;id.yandex.ru
как поставить в яндексе свой город;1000000;6;34;93;13;10;id.yandex.ru
яндекс почта нижний новгород;1000000;4;28;38;14;10;id.yandex.ru
yandex re;181000;2;9;1692;13;10;id.yandex.ru
яндекс настройки поиска на телефоне;2000000;5;35;257;13;10;id.yandex.ru
как мне найти настройки;2000000;4;23;324;12;10;id.yandex.ru
как настроить город в яндексе;1000000;5;29;291;15;10;id.yandex.ru
яндекс рф главная;2000000;3;17;80;13;10;id.yandex.ru
как поменять язык в приложении яндекс;2000000;6;37;108;14;10;id.yandex.ru
регистрация аккаунта в яндекс;2000000;4;29;288;13;10;id.yandex.ru
яндекс дпи;814000;2;10;52;16;10;id.yandex.ru
как сменить город в яндекс;1000000;5;26;385;15;10;id.yandex.ru
настройки поиска в яндексе на телефоне;2000000;6;38;216;12;10;id.yandex.ru
где найти настройки яндекс;73000;4;26;1017;14;10;id.yandex.ru
настройки главной страницы;2000000;3;26;1491;16;10;id.yandex.ru
как поменять название города в яндексе на телефоне андроид;944000;9;58;12;12;10;id.yandex.ru
как поменять язык на яндексе;48000;5;28;994;8;10;id.yandex.ru
где мне найти настройки;2000000;4;23;244;9;10;id.yandex.ru
как открыть настройки яндекса на телефоне;1000000;6;41;43;10;10;id.yandex.ru
как в яндексе поменять город нахождения на главной;4000;8;50;98;9;10;id.yandex.ru
изменить язык в яндекс;1000000;4;22;878;10;10;id.yandex.ru
как поставить свой город в яндексе на телефоне;2000000;8;46;43;9;10;id.yandex.ru
как установить город в яндексе на смартфоне;2000000;7;43;39;11;10;id.yandex.ru
как установить свой регион на яндексе на телефоне андроид;2000000;9;57;12;10;10;id.yandex.ru
домашняя страница яндекс открыть;2000000;4;32;36;11;10;id.yandex.ru
как поменять местоположение в яндексе на телефоне город;83000;8;55;9;9;10;id.yandex.ru
мой сайт яндекс;3000000;3;15;1362;12;10;id.yandex.ru
настроить геолокацию в яндексе;497000;4;30;186;11;10;id.yandex.ru
яндекс прописка;438000;2;15;587;9;10;id.yandex.ru
как поменять яндекс;213000;3;19;57798;10;10;id.yandex.ru
моя страница в яндексе вход;1000000;5;27;18138;12;10;id.yandex.ru
как зайти в яндекс паспорт на телефоне;1000000;7;38;11;8;10;id.yandex.ru
как поменять язык на яндекс;1000000;5;27;994;5;10;id.yandex.ru
поменяй регион;606000;2;14;164012;6;10;id.yandex.ru
где найти яндекс id на компьютере;2000000;6;33;7;7;10;id.yandex.ru
yandex новый аккаунт;2000000;3;20;76;6;10;id.yandex.ru
как поменять город в яндексе на стартовой странице в телефоне редми;2000000;11;67;6;6;10;id.yandex.ru
установить свой город;41000;3;21;3200;5;10;id.yandex.ru
зайти через яндекс;79000;3;18;6056;7;10;id.yandex.ru
что за яндекс аккаунт;895000;4;21;343;6;10;id.yandex.ru
главные настройки;2000000;2;17;9628;7;10;id.yandex.ru
зайди в главное меню яндекса;2000000;5;28;12;6;10;id.yandex.ru
как установить город;963000;3;20;6053;8;10;id.yandex.ru
yandex sign in;859000;3;14;156;7;10;id.yandex.ru
как найти мой аккаунт в яндексе;4000;6;31;52;6;10;id.yandex.ru
yandex by главная страница вход;2000000;5;31;9;7;10;id.yandex.ru
яндекс карты аккаунт вход;2000000;4;25;101;8;10;id.yandex.ru
войти в интернет яндекс;1000000;4;23;611;5;10;id.yandex.ru
ya ri device;100000;3;12;2;2;10;id.yandex.ru
изменить город в яндексе на телефоне на воронеж;2000000;8;47;4;3;10;id.yandex.ru
создать почту яндекс ру регистрация бесплатно;3000000;6;45;41;4;10;id.yandex.ru
яндекс userecho;592000;2;15;2;2;10;id.yandex.ru
r yandex com;1000000;3;12;229;3;10;id.yandex.ru
изменить город в яндексе на телефоне на красноярск;370000;8;50;4;2;10;id.yandex.ru
смена города в яндексе на телефоне;2000000;6;34;4;4;10;id.yandex.ru
как поменять аккаунт в яндекс маркете;978000;6;37;34;4;10;id.yandex.ru
в каких настройках;3000000;3;18;65605;4;10;id.yandex.ru
настройка местоположения в яндекс;662000;4;33;109;3;10;id.yandex.ru
прописка яндекс;855000;2;15;547;5;10;id.yandex.ru
изменить город на стартовой странице яндекса на телефоне андроид;2000000;9;64;162;4;10;id.yandex.ru
сайт ян;2000000;2;7;6110;2;10;id.yandex.ru
где найти аккаунт яндекса;2000000;4;25;650;4;10;id.yandex.ru
доступ к вашим данным на яндексе;2000000;6;32;29;5;10;id.yandex.ru
яндекс войти в личный кабинет по номеру;3000000;7;39;2487;2;10;id.yandex.ru
твоя настройка;306000;2;14;1370;0;10;id.yandex.ru
где можно открыть страницу настройки;2000000;5;36;113;0;10;id.yandex.ru
yandex rundex;4000;2;13;5;1;10;id.yandex.ru
настроить яндекс на телефоне андроид;2000000;5;36;681;0;10;id.yandex.ru
обновить аккаунт яндекс;1000000;3;23;82;0;10;id.yandex.ru
yandex com i;2000000;3;12;4763;0;10;id.yandex.ru
изменить город на стартовой странице яндекса;2000000;6;44;533;2;10;id.yandex.ru
уточнить местоположение в яндексе автоматически;439000;5;47;1;0;10;id.yandex.ru
яндекс поисковая система войти;3000000;4;30;87;2;10;id.yandex.ru
yandex susu;140000;2;11;93;0;10;id.yandex.ru
пользователя из яндекса;12000;3;23;672;2;10;id.yandex.ru
как найти аккаунт на яндексе;2000000;5;28;273;2;10;id.yandex.ru
яндекс телефон настройка;2000000;3;24;2797;0;10;id.yandex.ru
ссылка на профиль яндекса;1000000;4;25;209;1;10;id.yandex.ru
новый логин яндекс;3000000;3;18;171;2;10;id.yandex.ru
показать мою электронную почту на яндексе;3000000;6;41;241;0;10;id.yandex.ru
поменять город в яндексе на стартовой странице в телефоне;2000000;9;57;231;48;11;id.yandex.ru
как в яндекс поменять язык;1000000;5;26;1957;67;11;id.yandex.ru
йандекс;9000000;1;7;372;258;11;id.yandex.ru
zyltrc rf;74000;2;9;337;62;11;id.yandex.ru
id яндекс как узнать;1000000;4;20;1362;174;11;id.yandex.ru
где мой яндекс аккаунт;1000000;4;22;298;55;11;id.yandex.ru
уандекс ру;1000000;2;10;406;370;11;id.yandex.ru
яндекс id это что такое;2000000;5;23;347;232;11;id.yandex.ru
jandex;6000000;1;6;2647;279;11;id.yandex.ru
как поменять город в яндексе на стартовой странице;2000000;8;50;368;99;11;id.yandex.ru
настройки яндекс приложения на андроид;8000;5;38;22;0;10;id.yandex.ru
настройка браузера яндекс;1000000;3;25;23941;339;11;id.yandex.ru
войти в учетную запись яндекс;2000000;5;29;306;57;11;id.yandex.ru
я э;2000000;2;3;57556;270;11;id.yandex.ru
регистрация в яндексе по номеру телефона;3000000;6;40;201;0;10;id.yandex.ru
яндекс плюс личный кабинет войти по номеру телефона без пароля и логина моя подписка;3000000;14;84;229;42;11;id.yandex.ru
как изменить город в яндексе на стартовой странице на смартфоне;1000000;10;63;15;9;11;id.yandex.ru
сменить город на главной странице;2000000;5;33;88;11;11;id.yandex.ru
как поменять яндекс айди;583000;4;24;491;16;11;id.yandex.ru
переключи яндекс на русский язык;2000000;5;32;145;10;11;id.yandex.ru
какой у меня яндекс id;2000000;5;22;37;14;11;id.yandex.ru
яндекс ld что это;574000;4;17;30;10;11;id.yandex.ru
мой яндекс id где посмотреть;1000000;5;28;63;36;11;id.yandex.ru
где яндекс id;1000000;3;13;1627;15;11;id.yandex.ru
как сменить город в яндексе на стартовой странице в телефоне;2000000;10;60;63;31;11;id.yandex.ru
как в яндексе установить свой город;1000000;6;35;187;14;11;id.yandex.ru
яндекс как пользоваться;596000;3;23;25409;36;11;id.yandex.ru
как поменять город в яндексе на стартовой странице в смартфоне;2000000;10;62;49;32;11;id.yandex.ru
где настройки яндекса на телефоне;3000000;5;33;417;10;11;id.yandex.ru
настроить поиск яндекс;2000000;3;22;1329;27;11;id.yandex.ru
как поменять регион в яндексе на телефоне;2000000;7;41;92;39;11;id.yandex.ru
как поменять на яндексе город;1000000;5;29;913;8;11;id.yandex.ru
настройки яндекс на телефоне андроид как зайти;2000000;7;46;6;0;11;id.yandex.ru
изменить мой город;870000;3;18;301;2;11;id.yandex.ru
как зайти в приложение яндекса;2000000;5;30;543;4;11;id.yandex.ru
сменить язык в яндексе;1000000;4;22;342;1;11;id.yandex.ru
доступ к местоположению яндекс;9000;4;30;162;3;11;id.yandex.ru
как поменять мой город в яндекс;1000000;6;31;8;0;11;id.yandex.ru
как настроить местоположение в яндекс;622000;5;37;216;6;11;id.yandex.ru
яндекс id вход в аккаунт войти;3000000;6;30;113;4;11;id.yandex.ru
как в яндексе поменять город нахождения на главной странице;3000000;9;59;83;5;11;id.yandex.ru
как сделать точку геолокации на яндекс;1000000;6;38;41;3;11;id.yandex.ru
где этот яндекс аккаунт;858000;4;23;54;6;11;id.yandex.ru
как установить свой город;1000000;4;25;613;5;11;id.yandex.ru
где находятся настройки яндекса на телефоне;2000000;6;43;209;1;11;id.yandex.ru
яндекс id что это за приложение;657000;6;31;27;5;11;id.yandex.ru
яндекс id что это такое и как;1000000;7;29;78;7;11;id.yandex.ru
как узнать яндекс id по почте;2000000;6;29;3;0;11;id.yandex.ru
включи мою геолокацию;439000;3;21;133;0;11;id.yandex.ru
как в яндексе поменять город нахождения на главной странице яндекса на телефоне андроид;3000000;13;87;44;38;12;id.yandex.ru
как поменять логин в яндекс аккаунте;994000;6;36;24;23;12;id.yandex.ru
как поменять город на яндексе на главной странице;3000000;8;49;120;21;12;id.yandex.ru
как установить яндекс id;728000;4;24;45;19;12;id.yandex.ru
как поменять город в яндексе на стартовой;1000000;7;41;389;18;12;id.yandex.ru
как настроить город в яндексе на главной странице;3000000;8;49;44;16;12;id.yandex.ru
как привязать почту к яндекс id;1000000;6;31;34;13;12;id.yandex.ru
как настроить свое местоположение в яндексе;678000;6;43;20;11;12;id.yandex.ru
как установить город в яндексе;1000000;5;30;319;10;12;id.yandex.ru
изменить местоположение в яндексе на телефоне главной странице;3000000;8;62;65;2;12;id.yandex.ru
как поменять город в яндексе на стартовой странице на андроиде;2000000;10;62;91;2;12;id.yandex.ru
