"﻿""Ключевое слово""";Результатов в Яндексе;Слов;Символов;Частотность Весь мир;"""!Частотность !Весь !мир""";Позиция в выдаче Яндекса;mail.yandex.ru
яндекс почта 20 лет;3000000;4;19;153;117;1;mail.yandex.ru
saplina2019 yandex ru;1000000;3;21;3;3;2;mail.yandex.ru
https mail yandex by touch tab relevant;1000000;7;39;23;16;2;mail.yandex.ru
электронная почта yandex ru;2000000;4;27;5869;66;2;mail.yandex.ru
https mail yandex ru neo2 inbox;3000000;6;31;15;13;2;mail.yandex.ru
яндекс поа;579000;2;10;38;27;2;mail.yandex.ru
яндекс почта екатеринбург;1000000;3;25;35;4;2;mail.yandex.ru
yandexmail ru почта;2000000;3;19;85;12;1;mail.yandex.ru
яндекс почта уфа;1000000;3;16;69;39;2;mail.yandex.ru
https mail yandex by touch skip app promo 1;4000000;9;43;4;2;1;mail.yandex.ru
https mail yandex ru touch tab social;2000000;7;37;31;25;2;mail.yandex.ru
яндекс почта нам 20 лет;1000000;5;23;22;22;1;mail.yandex.ru
https mail yandex ru touch folder 14;2000000;7;36;21;3;1;mail.yandex.ru
andex mail;453000;2;10;100;11;2;mail.yandex.ru
почта в яндекс;1000000;3;14;381134;175;2;mail.yandex.ru
нам 20 лет;1000000;3;10;10032;52;1;mail.yandex.ru
электронная почта ya ru что это;2000000;6;31;2;2;2;mail.yandex.ru
https mail yandex ru touch tab relevant яндекс;2000000;8;46;746;84;4;mail.yandex.ru
https mail yandex by touch tab news;2000000;7;35;5;3;3;mail.yandex.ru
яндекс вход на почту;2000000;4;20;29382;831;3;mail.yandex.ru
mail yandex ru touch folder 1;4000000;6;29;727;1;3;mail.yandex.ru
поста челекс;613000;2;12;9;7;3;mail.yandex.ru
почта яндекс бай вход в почту;2000000;6;29;428;105;4;mail.yandex.ru
https mail yandex ru touch composer;2000000;6;35;13;0;2;mail.yandex.ru
https mail yandex ru touch folder 4;4000000;7;35;48;36;3;mail.yandex.ru
яндекс почта зайти;1000000;3;18;14605;1929;3;mail.yandex.ru
уа ru почта;2000000;3;11;103;6;3;mail.yandex.ru
main ya;89000;2;7;675;1;2;mail.yandex.ru
почта yandex;1000000;2;12;152671;61555;3;mail.yandex.ru
https mail yandex ru touch folder 1;4000000;7;35;659;244;4;mail.yandex.ru
почта яндекс войти в мою почту яндекс;2000000;7;37;28567;928;3;mail.yandex.ru
яндекс 20 лет;3000000;3;13;994;2;2;mail.yandex.ru
https mail yandex ru touch skip app promo 1;4000000;9;43;156;71;4;mail.yandex.ru
майл ру на яндексе;2000000;4;18;801;1;4;mail.yandex.ru
https mail yandex ru uid;2000000;5;24;1993;5;4;mail.yandex.ru
майл яндекс бай почта вход;2000000;5;26;23;23;4;mail.yandex.ru
https mail yandex ru touch folder 1 skip app promo 1 show left panel 1;4000000;15;70;4;4;4;mail.yandex.ru
https mail yandex ru touch folder 10;3000000;7;36;32;12;4;mail.yandex.ru
https mail yandex ru touch skip app promo 1 https mail yandex ru;3000000;13;64;156;1;4;mail.yandex.ru
https mail yandex ru touch compose;2000000;6;34;122;39;4;mail.yandex.ru
почтовый ящик яндекс вход в почту на мой;2000000;8;40;125;23;4;mail.yandex.ru
https mail yandex ru touch folder 1 skip app promo 1;4000000;11;52;41;32;4;mail.yandex.ru
https mail yandex ru яндекс почта войти;3000000;7;39;494;11;4;mail.yandex.ru
https mail yandex ru touch folder 2;3000000;7;35;55;45;4;mail.yandex.ru
https mail yandex ru touch tab news;2000000;7;35;93;36;4;mail.yandex.ru
https mail yandex ru touch tab relevant вход https mail yandex ru почта майл;3000000;14;76;2;2;4;mail.yandex.ru
https mail yandex ru lite inbox;2000000;6;31;44;26;4;mail.yandex.ru
yamail ru;1000000;2;9;93;59;4;mail.yandex.ru
почка яндекс;588000;2;12;955;616;5;mail.yandex.ru
почта входящие 6 новых;4000000;4;22;408;14;5;mail.yandex.ru
yandex team ru вход почта;2000000;5;25;32;23;5;mail.yandex.ru
яндекс 20 почта;2000000;3;15;432;37;5;mail.yandex.ru
mai yandex ru;1000000;3;13;86;21;5;mail.yandex.ru
m yandex ru почта;1000000;4;17;96;30;5;mail.yandex.ru
ya mai;73000;2;6;82;15;5;mail.yandex.ru
mail yan;502000;2;8;184;53;5;mail.yandex.ru
сайт яндекс почты;2000000;3;17;2570;37;5;mail.yandex.ru
роста яндекс почта;1000000;3;18;120;41;5;mail.yandex.ru
я потча;1000000;2;7;92;29;5;mail.yandex.ru
mai yandex;197000;2;10;229;106;5;mail.yandex.ru
https mail yandex by;1000000;4;20;212;45;5;mail.yandex.ru
https mail yandex ru touch folder 3;3000000;7;35;18;16;5;mail.yandex.ru
https mail yandex ru touch search;2000000;6;33;129;38;5;mail.yandex.ru
поста я;2000000;2;7;33141;121;5;mail.yandex.ru
я почат;1000000;2;7;246;14;5;mail.yandex.ru
маил яндекс ру почта войти;3000000;5;26;474;383;6;mail.yandex.ru
почта яндекс бай;2000000;3;16;1970;569;6;mail.yandex.ru
www mail yandex ru войти;3000000;5;24;95;3;5;mail.yandex.ru
яндекс почта сайт;2000000;3;17;2564;508;6;mail.yandex.ru
mail yandex ru;1000000;3;14;63846;14233;6;mail.yandex.ru
почта майл яндекс ру;2000000;4;20;2345;463;6;mail.yandex.ru
поята я;1000000;2;7;18;8;5;mail.yandex.ru
mail yandex ru l;2000000;4;16;236;0;5;mail.yandex.ru
янд по;3000000;2;6;785;5;5;mail.yandex.ru
яндекс почта бай;1000000;3;16;2058;612;6;mail.yandex.ru
яндекс почта официальный сайт войти в почту;3000000;7;43;18;12;5;mail.yandex.ru
ail yandex ru;1000000;3;13;62;6;5;mail.yandex.ru
сайт яндекс почта;2000000;3;17;2570;506;6;mail.yandex.ru
https mail yandex ru touch tab relevant skip app promo 1;4000000;11;56;16;5;5;mail.yandex.ru
майл яндекс бай;457000;3;15;52;13;5;mail.yandex.ru
яндекс мэйл;871000;2;11;1507;352;6;mail.yandex.ru
яндекс почта нижний новгород;1000000;4;28;38;14;6;mail.yandex.ru
yandex kz почта yandex kz вход;2000000;6;30;83;15;6;mail.yandex.ru
яндекс почта киров;1000000;3;18;72;33;6;mail.yandex.ru
https mail yandex kz;1000000;4;20;69;15;6;mail.yandex.ru
mail yandex by почта;1000000;4;20;267;29;6;mail.yandex.ru
https mail yandex ru touch compose to billing liveinternet ru;2000000;10;61;19;14;6;mail.yandex.ru
mail yandex kz;448000;3;14;200;45;6;mail.yandex.ru
mailyandex ru;1000000;2;13;55;32;6;mail.yandex.ru
vtqkhttps yandex ru;1000000;3;19;38;38;6;mail.yandex.ru
yandex com почта вход;1000000;4;21;102;22;6;mail.yandex.ru
яндекс почта мейл;1000000;3;17;271;70;6;mail.yandex.ru
челекс почта;836000;2;12;48;42;6;mail.yandex.ru
почта чн;1000000;2;8;331;15;6;mail.yandex.ru
почта яндекс вход в почту майл;2000000;6;30;351;37;6;mail.yandex.ru
мейл яндекс ру;2000000;3;14;297;86;6;mail.yandex.ru
яндекс пос почта;1000000;3;16;20;11;6;mail.yandex.ru
http mail yandex ru neo2 collect exp 1 t 4;3000000;10;42;2;1;6;mail.yandex.ru
яндекс ростп;454000;2;12;2;2;6;mail.yandex.ru
уя почта;60000;2;8;4;3;6;mail.yandex.ru
zy gjx;3000;2;6;1;1;6;mail.yandex.ru
mail ya ri;476000;3;10;3;3;6;mail.yandex.ru
el yandex ru;1000000;3;12;453;1;6;mail.yandex.ru
яндекс почта курск;1000000;3;18;33;7;6;mail.yandex.ru
mail yandex ruru;413000;3;16;14;3;6;mail.yandex.ru
яндекс почта новосибирск;344000;3;24;34;5;6;mail.yandex.ru
яндекс почта нефтекамск;1000000;3;23;4;2;6;mail.yandex.ru
yandex team ru почта вход на мою страницу;87000;8;41;10;10;6;mail.yandex.ru
mail ya ry;4000;3;10;14;7;6;mail.yandex.ru
челку почта вход;2000000;3;16;2;1;6;mail.yandex.ru
яндекс почта россия;2000000;3;19;2679;4;6;mail.yandex.ru
яндекс почта казань;1000000;3;19;38;10;6;mail.yandex.ru
яндекс почта орск;817000;3;17;1;0;6;mail.yandex.ru
www mail yandex ru;2000000;4;18;645;104;7;mail.yandex.ru
https mail yandex ru touch tab relevant вход https mail yandex ru;2000000;12;65;749;136;7;mail.yandex.ru
https mail yandex ru touch tab relevant;2000000;7;39;1804;389;7;mail.yandex.ru
mail yandex com;1000000;3;15;1405;134;7;mail.yandex.ru
mail яндекс ru;2000000;3;14;6794;178;7;mail.yandex.ru
www yandex mail ru;1000000;4;18;645;104;7;mail.yandex.ru
яндекс mail;1000000;2;11;9723;683;7;mail.yandex.ru
почта яндекс веб версия;925000;4;23;390;246;7;mail.yandex.ru
яндекс бай почта;57000;3;16;2058;612;7;mail.yandex.ru
yandexmail ru;755000;2;13;273;145;7;mail.yandex.ru
yandex mail ru почта;2000000;4;20;12924;780;7;mail.yandex.ru
яндекс маил;526000;2;11;2410;613;7;mail.yandex.ru
яндекс мейл ру;2000000;3;14;310;111;7;mail.yandex.ru
почта яндекс сайт;3000000;3;17;2550;511;7;mail.yandex.ru
mail yandex ru вход;2000000;4;19;10977;1064;7;mail.yandex.ru
мэйл яндекс ру;2000000;3;14;383;84;7;mail.yandex.ru
https mail yandex ru inbox;2000000;5;26;664;15;7;mail.yandex.ru
https yandex mail;1000000;3;17;13692;16;7;mail.yandex.ru
яндпочтаекс почта;924000;2;17;29;29;7;mail.yandex.ru
https mail yandex;95000;3;17;13692;16;7;mail.yandex.ru
https mail yandex com;2000000;4;21;429;23;7;mail.yandex.ru
yandex почта сайт;3000000;3;17;309;16;7;mail.yandex.ru
yandex ru search text почта clid 2411726;212000;7;40;1112;61;7;mail.yandex.ru
яндекс почта тюмень;1000000;3;19;49;27;7;mail.yandex.ru
mail yandex ry;622000;3;14;63;51;7;mail.yandex.ru
https mail ya ru;2000000;4;16;989;21;7;mail.yandex.ru
mail yandex r;938000;3;13;215;71;7;mail.yandex.ru
yan mail;511000;2;8;184;53;7;mail.yandex.ru
майл yandex ru;582000;3;14;899;16;7;mail.yandex.ru
mail yandex u;699000;3;13;109;34;7;mail.yandex.ru
mail яндекс ру;1000000;3;14;345;72;7;mail.yandex.ru
яндекс почта воронеж;1000000;3;20;45;13;7;mail.yandex.ru
mail yandex ru почта;2000000;4;20;12924;780;8;mail.yandex.ru
yandex team ru вход на мою страницу;261000;7;35;6;1;7;mail.yandex.ru
post yandex ru;2000000;3;14;1049;3;7;mail.yandex.ru
mail uandex ru;1000000;3;14;2;0;7;mail.yandex.ru
яндекс почта омск;1000000;3;17;39;2;7;mail.yandex.ru
майл яндекс;935000;2;11;18413;3170;8;mail.yandex.ru
яндекс почта вологда;1000000;3;20;26;6;7;mail.yandex.ru
яндекс мали;42000;2;11;93;3;7;mail.yandex.ru
yandex eu почта;811000;3;15;10;4;7;mail.yandex.ru
mail yandex team ru почта вход;2000000;6;30;1;1;7;mail.yandex.ru
яндекс почта смоленск;823000;3;21;13;6;7;mail.yandex.ru
яндекс почта самара;1000000;3;19;30;5;7;mail.yandex.ru
маил яндекс ру;2000000;3;14;596;0;7;mail.yandex.ru
mail yandex ur;417000;3;14;14;4;7;mail.yandex.ru
почта яндекс нижний новгород;714000;4;28;30;12;7;mail.yandex.ru
mail яндекс;923000;2;11;10118;674;8;mail.yandex.ru
https mail yandex ru вход;2000000;5;25;883;60;8;mail.yandex.ru
яндекс маил ru почта;2000000;4;20;338;79;8;mail.yandex.ru
мэйл яндекс почта;955000;3;17;517;228;8;mail.yandex.ru
яндекс мейл почта;1000000;3;17;271;70;8;mail.yandex.ru
yandex mail com;1000000;3;15;1405;134;8;mail.yandex.ru
yandex майл;507000;2;11;988;62;8;mail.yandex.ru
яндекс почта майл ру;1000000;4;20;2329;441;8;mail.yandex.ru
mail ru яндекс;1000000;3;14;6794;178;8;mail.yandex.ru
яндекс почта веб версия;2000000;4;23;398;244;8;mail.yandex.ru
почта яндекс mail ru;2000000;4;20;3694;99;8;mail.yandex.ru
яндекс мейл;446000;2;11;1235;484;8;mail.yandex.ru
мэйл яндекс;1000000;2;11;1532;359;8;mail.yandex.ru
почта яндекс kz;5000;3;15;158;65;8;mail.yandex.ru
яндекс мэйл почта;742000;3;17;521;229;8;mail.yandex.ru
мейл яндекс;624000;2;11;1230;522;8;mail.yandex.ru
майл yandex;414000;2;11;1101;57;8;mail.yandex.ru
www яндекс ру почта;459000;4;19;15;10;8;mail.yandex.ru
яндекс пошла;578000;2;12;5142;12;8;mail.yandex.ru
почта майл вход в почту яндекс;2000000;6;30;351;37;8;mail.yandex.ru
яндекс почта сайт открыть;3000000;4;25;194;12;8;mail.yandex.ru
https mail yandex ru lite;2000000;5;25;196;28;8;mail.yandex.ru
яндекс почта ростов на дону;1000000;5;27;27;11;8;mail.yandex.ru
мэйл яндекс ру почта;2000000;4;20;100;48;8;mail.yandex.ru
about blank яндекс почта;2000000;4;24;33;31;8;mail.yandex.ru
pochta яндекс;1000000;2;13;70;40;8;mail.yandex.ru
mail yandex kz почта вход;2000000;5;25;22;15;8;mail.yandex.ru
яндекс почта главная страница;1000000;4;29;225;50;8;mail.yandex.ru
mail yandex ru почта вход в почтовый;2000000;7;36;213;41;8;mail.yandex.ru
почис яндекс;570000;2;12;16;11;8;mail.yandex.ru
mail yandex ru яндекс;2000000;4;21;2949;39;8;mail.yandex.ru
яндекс главная страница почта;3000000;4;29;225;50;8;mail.yandex.ru
https mail yandex ru почта вход;3000000;6;31;842;10;8;mail.yandex.ru
почта яндекс майл;1000000;3;17;7620;1862;9;mail.yandex.ru
mail yandex md;235000;3;14;4;1;8;mail.yandex.ru
mail yandex team ru почта;2000000;5;25;18;3;8;mail.yandex.ru
yandex ru почта;2000000;3;15;73386;14946;9;mail.yandex.ru
шдюкгhttps mail yandex ru uid;914000;5;29;3;3;8;mail.yandex.ru
майл почта яндекс;1000000;3;17;7960;1931;9;mail.yandex.ru
mail яндекс ру почта;3000000;4;20;182;6;8;mail.yandex.ru
yandex mailbox;135000;2;14;99;3;8;mail.yandex.ru
почта яндекс россия;3000000;3;19;2682;4;8;mail.yandex.ru
янд майл;334000;2;8;9;2;8;mail.yandex.ru
ps ya ru;1000000;3;8;142;7;8;mail.yandex.ru
яндекс почта тамбов;587000;3;19;11;4;8;mail.yandex.ru
яндекс майл;812000;2;11;17553;2885;9;mail.yandex.ru
www mail yandex ru почта;2000000;5;24;107;4;8;mail.yandex.ru
mail yandex by яндекс почта;1000000;5;27;30;9;8;mail.yandex.ru
ya mail;467000;2;7;4219;1323;9;mail.yandex.ru
сайт яндекс почта официальный сайт;1000000;5;34;636;93;9;mail.yandex.ru
yandex com mail;1000000;3;15;1405;134;9;mail.yandex.ru
mail почта яндекс;781000;3;17;5110;311;9;mail.yandex.ru
яе яндекс почта;1000000;3;15;358;122;9;mail.yandex.ru
почта яндекс мэйл;2000000;3;17;510;230;9;mail.yandex.ru
mail yandex by почта вход;381000;5;25;173;94;9;mail.yandex.ru
mail yandex by;840000;3;14;1095;391;9;mail.yandex.ru
веб версия яндекс почта;1000000;4;23;453;280;9;mail.yandex.ru
яндекс почта официальный сайт;3000000;4;29;653;340;9;mail.yandex.ru
яндекс mail ru;2000000;3;14;6500;196;9;mail.yandex.ru
яндекс почта личный;2000000;3;19;79778;600;9;mail.yandex.ru
майл яндекс почта вход;2000000;4;22;1760;385;9;mail.yandex.ru
почта яндекс вход в почту майл ру;2000000;7;33;247;98;9;mail.yandex.ru
mail яндекс почта;2000000;3;17;5110;311;9;mail.yandex.ru
mail yandex почта;1000000;3;17;14520;701;9;mail.yandex.ru
яндекс почта com;2000000;3;16;954;92;9;mail.yandex.ru
почта майл yandex ru;2000000;4;20;355;32;9;mail.yandex.ru
email yandex ru;62000;3;15;2072;45;9;mail.yandex.ru
https почта яндекс;2000000;3;18;1800;48;9;mail.yandex.ru
yandex kz mail;556000;3;14;200;45;9;mail.yandex.ru
яндексмайл ру почта;2000000;3;19;47;46;9;mail.yandex.ru
мыло яндекс;1000000;2;11;3129;33;9;mail.yandex.ru
почта яндекс мейл;1000000;3;17;261;68;9;mail.yandex.ru
https mail yandex ru touch;2000000;5;26;3284;46;9;mail.yandex.ru
yandex ail;127000;2;10;134;54;9;mail.yandex.ru
yandex team ru почта вход;2000000;5;25;68;45;9;mail.yandex.ru
яндекс почта kz;1000000;3;15;181;75;9;mail.yandex.ru
мейл яндекс почта;595000;3;17;257;63;9;mail.yandex.ru
яндекс мыло;545000;2;11;3083;34;9;mail.yandex.ru
https яндекс почта;2000000;3;18;1800;48;9;mail.yandex.ru
яндекс мэйл ру;2000000;3;14;384;85;9;mail.yandex.ru
майл yandex ru почта;2000000;4;20;355;32;9;mail.yandex.ru
v яндекс почта;1000000;3;14;90;8;9;mail.yandex.ru
пос почта яндекс;1000000;3;16;21;13;9;mail.yandex.ru
майл яндекс ру почта вход на мою почту;2000000;8;38;139;15;9;mail.yandex.ru
май яндекс почта;2000000;3;16;258;13;9;mail.yandex.ru
майляндекс ру;2000000;2;13;18;15;9;mail.yandex.ru
челку почта;412000;2;11;45;11;9;mail.yandex.ru
email yandex ru почта;2000000;4;21;109;24;9;mail.yandex.ru
майл яндекс ру вход;85000;4;19;909;15;9;mail.yandex.ru
майл яндекс ру войти;3000000;4;20;462;19;9;mail.yandex.ru
почта яндекс х;2000000;3;14;84;14;9;mail.yandex.ru
http почта яндекс;1000000;3;17;102;26;9;mail.yandex.ru
яндекс почта web версия;2000000;4;23;27;21;9;mail.yandex.ru
майл яндекс почта вход на почту личный кабинет;3000000;8;46;13;12;9;mail.yandex.ru
yandex e mail;734000;3;13;2258;17;9;mail.yandex.ru
яндексмайл ру;1000000;2;13;77;30;9;mail.yandex.ru
яндекс почта официальный;2000000;3;24;871;7;9;mail.yandex.ru
майл яндекс ру почта вход;3000000;5;25;873;391;10;mail.yandex.ru
майл яндекс почта;1000000;3;17;7960;1931;10;mail.yandex.ru
маил яндекс ру почта;2000000;4;20;592;0;9;mail.yandex.ru
yandex mail почта;1000000;3;17;14520;701;10;mail.yandex.ru
https mail yandex ru;2000000;4;20;13016;1971;10;mail.yandex.ru
майл яндекс ру почта;2000000;4;20;2471;491;10;mail.yandex.ru
фещдштюкгhttps yandex ru;1000000;3;24;4;4;9;mail.yandex.ru
е моя страница;1000000;3;14;1624;0;9;mail.yandex.ru
e mail yandex ru;2000000;4;16;2064;1;9;mail.yandex.ru
яндекс майл почта;2000000;3;17;7738;1962;10;mail.yandex.ru
www yandex почта;1000000;3;16;1766;6;9;mail.yandex.ru
яна почта;841000;2;9;5656;3;9;mail.yandex.ru
mail yandex ru яндекс почта;2000000;5;27;2399;610;10;mail.yandex.ru
янд поч;3000;2;7;8;0;9;mail.yandex.ru
официальный сайт почтового сервиса от компании яндекс;607000;7;53;6;6;9;mail.yandex.ru
яндекс майл почта вход;2000000;4;22;1658;372;10;mail.yandex.ru
yandex mai;449000;2;10;229;106;10;mail.yandex.ru
почта яндекс в;3000000;3;14;381134;175;10;mail.yandex.ru
почта mail яндекс;2000000;3;17;4786;257;10;mail.yandex.ru
уа ру почта;2000000;3;11;237;175;10;mail.yandex.ru
мэйл почта яндекс;1000000;3;17;517;228;10;mail.yandex.ru
mail yandex ru войти;2000000;4;20;1667;114;10;mail.yandex.ru
почта яндекс полная версия;2000000;4;26;2057;323;10;mail.yandex.ru
почта мэйл яндекс;2000000;3;17;510;230;10;mail.yandex.ru
входящие яндекс;2000000;2;15;521921;303;10;mail.yandex.ru
yandex by почта;1000000;3;15;899;189;10;mail.yandex.ru
яндекс почта кз;2000000;3;15;615;325;10;mail.yandex.ru
почта яндекс официальный сайт;3000000;4;29;636;322;10;mail.yandex.ru
почта yandex by;985000;3;15;827;174;10;mail.yandex.ru
яндекс ru почта;1000000;3;15;23591;264;10;mail.yandex.ru
яндекс почта полная версия;2000000;4;26;2066;330;10;mail.yandex.ru
яндекс меил;562000;2;11;145;105;10;mail.yandex.ru
яндекс мэйл почта вход;2000000;4;22;35;33;10;mail.yandex.ru
почта яндекс бай войти;2000000;4;22;408;45;10;mail.yandex.ru
почта чн яндекс;751000;3;15;224;54;10;mail.yandex.ru
https mail yandex ru touch tab relevant вход;529000;8;44;749;39;10;mail.yandex.ru
почта яндекс ю;758000;3;14;85;48;10;mail.yandex.ru
https mail yandex ru яндекс почта;2000000;6;33;791;33;10;mail.yandex.ru
яндекс kz почта;1000000;3;15;181;75;10;mail.yandex.ru
яндекс почта ю;2000000;3;14;91;50;10;mail.yandex.ru
майл яндекс почта войти;2000000;4;23;659;67;10;mail.yandex.ru
yandex ru email;1000000;3;15;2072;45;10;mail.yandex.ru
почтовый яндекс;791000;2;15;26231;80;10;mail.yandex.ru
svdrkr yandex ru;1000000;3;16;74;69;10;mail.yandex.ru
почта яндекс https mail yandex ru;1000000;6;33;799;35;10;mail.yandex.ru
https mail yandex team ru;2000000;5;25;116;55;10;mail.yandex.ru
почта яндекс com;2000000;3;16;957;94;10;mail.yandex.ru
uvfbkhttps yandex ru;1000000;3;20;32;32;10;mail.yandex.ru
чнд почта;1000000;2;9;8;6;10;mail.yandex.ru
yandex ru главная почта;2000000;4;23;104;10;10;mail.yandex.ru
моя электронная почта входящие письма яндекс;95000;6;44;73;13;10;mail.yandex.ru
уа ру яндекс почта;2000000;4;18;26;9;10;mail.yandex.ru
z gjxn;218000;2;6;17;10;10;mail.yandex.ru
официальная почта яндекс;1000000;3;24;871;7;10;mail.yandex.ru
роста яндекс почта вход в почту;2000000;6;31;18;18;10;mail.yandex.ru
яндекс почта com вход;2000000;4;21;76;12;10;mail.yandex.ru
официальная почта яндекса;2000000;3;25;871;17;10;mail.yandex.ru
почта чн яндекс почта вход;2000000;5;26;69;10;10;mail.yandex.ru
http яндекс почта;1000000;3;17;102;26;10;mail.yandex.ru
yandex nail;39000;2;11;142;18;10;mail.yandex.ru
яндекс почта ярославль;1000000;3;22;20;7;10;mail.yandex.ru
яндекс майо;19000;2;11;26;14;10;mail.yandex.ru
www яндекс почта;1000000;3;16;175;29;10;mail.yandex.ru
яндекс пос а;2000000;3;12;25;6;10;mail.yandex.ru
майл яндекс ру;2000000;3;14;6658;1477;11;mail.yandex.ru
ko yandex ru;1000000;3;12;133;0;10;mail.yandex.ru
tsirelnikova l g yandex ru;1000000;5;26;1;1;10;mail.yandex.ru
mail yandex;491000;2;11;105717;34144;11;mail.yandex.ru
yandex msil;529000;2;11;3;1;10;mail.yandex.ru
почта яндекса;2000000;2;13;3958700;2367;11;mail.yandex.ru
яндекс ru главная почта;3000000;4;23;65;3;10;mail.yandex.ru
https mail yandex ua;1000000;4;20;30;1;10;mail.yandex.ru
яндекс почта пенза;1000000;3;18;20;3;10;mail.yandex.ru
lvp yandex ru;1000000;3;13;4;0;10;mail.yandex.ru
уандекс ру почта;406000;3;16;6;5;10;mail.yandex.ru
плятта яндекс;426000;2;13;5;3;10;mail.yandex.ru
yandex ru mail;1000000;3;14;63846;14233;11;mail.yandex.ru
mail yandex tu;524000;3;14;10;2;10;mail.yandex.ru
почта yandex ru вход в почту yandex ru моя;3000000;9;42;397;5;10;mail.yandex.ru
z gjxnf;176000;2;7;1412;1286;11;mail.yandex.ru
яндекс май;1000000;2;10;53896;27;11;mail.yandex.ru
почта яндекс маил ru;2000000;4;20;369;84;11;mail.yandex.ru
mail yandex войти;2000000;3;17;2124;116;11;mail.yandex.ru
яндекс мэйл ру почта;2000000;4;20;101;45;11;mail.yandex.ru
яндекс com почта;2000000;3;16;954;92;11;mail.yandex.ru
yandex почта онлайн;2000000;3;19;105;39;11;mail.yandex.ru
почта яндекс ru;1000000;3;15;24150;276;11;mail.yandex.ru
http mail yandex ru;2000000;4;19;442;95;11;mail.yandex.ru
почта яндекс с;3000000;3;14;30849;152;11;mail.yandex.ru
yandex pochta uz;170000;3;16;86;85;11;mail.yandex.ru
яндекс кз почта;2000000;3;15;615;325;11;mail.yandex.ru
почта yandex com;2000000;3;16;1177;200;11;mail.yandex.ru
mail yandex ua;668000;3;14;91;41;11;mail.yandex.ru
почта yandex kz;1000000;3;15;461;132;11;mail.yandex.ru
почта яндекс личный;1000000;3;19;78523;559;11;mail.yandex.ru
яндекс майл войти;2000000;3;17;755;21;11;mail.yandex.ru
ya поста;650000;2;8;55;16;11;mail.yandex.ru
z gjcnf;11000;2;7;19;15;11;mail.yandex.ru
yandex ry почта;578000;3;15;118;14;11;mail.yandex.ru
yandex pochta ru почта;2000000;4;22;233;10;11;mail.yandex.ru
сайт yandex ru почта;3000000;4;20;199;4;11;mail.yandex.ru
yandex ru post;2000000;3;14;1049;3;11;mail.yandex.ru
яндекс почта тверь;2000000;3;18;15;2;11;mail.yandex.ru
яндекс почта яндекс нашлось 5 тыс результатов;3000000;7;45;59;0;11;mail.yandex.ru
