"﻿""Ключевое слово""";Результатов в Яндексе;Слов;Символов;Частотность Весь мир;"""!Частотность !Весь !мир""";Позиция в выдаче Яндекса;merchants.yandex.ru
яндекс товары личный кабинет;935000;4;28;183;82;1;merchants.yandex.ru
поиск по товарам яндекс;2000000;4;23;1132;101;3;merchants.yandex.ru
товары в поиске яндекс;209000;4;22;549;20;2;merchants.yandex.ru
яндекс товар;673000;2;12;127762;77;2;merchants.yandex.ru
яндекс товары в поиске;121000;4;22;548;20;2;merchants.yandex.ru
yandex товары;1000000;2;13;2452;40;2;merchants.yandex.ru
поиск по товарам в яндексе;1000000;5;26;284;4;2;merchants.yandex.ru
яндекс товары как подключить;501000;4;28;51;8;1;merchants.yandex.ru
яндекс товары и услуги;1000000;4;22;1156;53;2;merchants.yandex.ru
товары яндекс;1000000;2;13;128971;3661;2;merchants.yandex.ru
товары на яндекс;843000;3;16;53115;26;2;merchants.yandex.ru
яндекс мерчант;470000;2;14;71;53;1;merchants.yandex.ru
яндекс товары что это;738000;4;21;984;5;1;merchants.yandex.ru
товарный поиск яндекс;1000000;3;21;93;6;2;merchants.yandex.ru
яндекс товары;1000000;2;13;127762;3568;2;merchants.yandex.ru
мерчант яндекс;74000;2;14;84;63;1;merchants.yandex.ru
яндекс поиск по товарам;2000000;4;23;1141;100;3;merchants.yandex.ru
как попасть в яндекс товары;1000000;5;27;44;10;5;merchants.yandex.ru
включи товары;1000000;2;13;31143;7;4;merchants.yandex.ru
поиск по товарам;2000000;3;16;15082;58;4;merchants.yandex.ru
товарные фиды яндекс;4000;3;20;241;3;4;merchants.yandex.ru
яндекс аналитика товаров;824000;3;24;321;17;4;merchants.yandex.ru
yandex products;160000;2;15;19236;16;5;merchants.yandex.ru
товары на яндексе;624000;3;17;53115;32;3;merchants.yandex.ru
товарный фид яндекс;580000;3;19;257;17;4;merchants.yandex.ru
yandex ru товары;2000000;3;16;1962;11;3;merchants.yandex.ru
яндекс поиск товаров;1000000;3;20;1653;14;4;merchants.yandex.ru
товары от яндекс;1000000;3;16;3821;45;3;merchants.yandex.ru
яндекс товары фид;631000;3;17;189;13;3;merchants.yandex.ru
яндекс товары и цены;1000000;4;20;25527;16;5;merchants.yandex.ru
яндекс продажи товаров;982000;3;22;1442;5;3;merchants.yandex.ru
товары яндекса;711000;2;14;128971;56;3;merchants.yandex.ru
яндекс цифровые товары;1000000;3;22;2538;73;6;merchants.yandex.ru
яндекс маркет интернет магазин сыктывкар каталог товаров;2000000;7;56;10;10;9;merchants.yandex.ru
магазин яндекс маркет интернет каталог товаров;2000000;6;46;35255;485;9;merchants.yandex.ru
инструмент яндекса;646000;2;18;9569;5;8;merchants.yandex.ru
shop yandex;242000;2;11;3023;106;9;merchants.yandex.ru
яндекс маркет интернет магазин каталог;2000000;5;38;45630;3248;9;merchants.yandex.ru
яндекс аналитика товаров для маркетплейсов;823000;5;42;21;13;9;merchants.yandex.ru
яндекс интернет магазин официальный сайт каталог товаров цены;3000000;8;61;4483;0;6;merchants.yandex.ru
яндекс подборка товаров;995000;3;23;95;2;8;merchants.yandex.ru
яндекс поиск для интернет магазинов;2000000;5;35;9;1;7;merchants.yandex.ru
яндекс маркет интернет магазин официальный сайт каталог товаров;3000000;8;63;6639;1641;9;merchants.yandex.ru
яндекс товары как попасть;935000;4;25;73;2;6;merchants.yandex.ru
товары от яндекса;944000;3;17;3821;24;7;merchants.yandex.ru
яндекс маркет каталог товаров и цены;2000000;6;36;24296;42;9;merchants.yandex.ru
яндекс маркет москва каталог товаров;155000;5;36;939;14;8;merchants.yandex.ru
товарный фид яндекс вебмастер;106000;4;29;20;12;6;merchants.yandex.ru
yandex carts;135000;2;12;742;8;9;merchants.yandex.ru
найти яндекс магазин;2000000;3;20;561;1;9;merchants.yandex.ru
яндекс маркет смотреть товары;161000;4;29;117;1;9;merchants.yandex.ru
яндекс маркет интернет магазин тамбов каталог товаров официальный;1000000;8;65;63;1;9;merchants.yandex.ru
яндекс маркет интернет магазин тамбов каталог товаров официальный сайт;2000000;9;70;62;41;10;merchants.yandex.ru
яндекс маркетинг магазин каталог товаров;2000000;5;40;35;33;10;merchants.yandex.ru
яндекс каталог товаров;1000000;3;22;41741;24;10;merchants.yandex.ru
yandex shopping;267000;2;15;3023;13;10;merchants.yandex.ru
яндекс маркет интернет магазин во владимире каталог товаров с ценами;1000000;10;68;35;10;10;merchants.yandex.ru
товары яндекс маркет каталог товаров;2000000;5;36;39331;10;10;merchants.yandex.ru
яндекс интернет магазин каталог товаров;2000000;5;39;37009;8;10;merchants.yandex.ru
товары на яндекс маркете каталог и цены официальный сайт;3000000;9;56;204;3;10;merchants.yandex.ru
яндекс плейс личный кабинет;430000;4;27;3;3;10;merchants.yandex.ru
