"﻿""Ключевое слово""";Результатов в Яндексе;Слов;Символов;Частотность Весь мир;"""!Частотность !Весь !мир""";Позиция в выдаче Яндекса;metrika.yandex.ru
метрика яндекс;633000;2;14;142190;85529;1;metrika.yandex.ru
yandex метрика;247000;2;14;1151;532;1;metrika.yandex.ru
яндекс аналитика;715000;2;16;10728;982;1;metrika.yandex.ru
я метрика;1000000;2;9;2384;1211;1;metrika.yandex.ru
metrica;1000000;1;7;2939;671;1;metrika.yandex.ru
яндекс метрики;530000;2;14;136218;1152;1;metrika.yandex.ru
метрика yandex;267000;2;14;1156;533;1;metrika.yandex.ru
метрика яндекс личный кабинет;1000000;4;29;4313;3243;1;metrika.yandex.ru
метрики яндекс;944000;2;14;142190;1165;1;metrika.yandex.ru
metrika yandex u;430000;3;16;2844;2830;1;metrika.yandex.ru
аналитика яндекс;973000;2;16;11758;1079;1;metrika.yandex.ru
метрика;8000000;1;7;383244;72127;1;metrika.yandex.ru
яндекс метрика личный кабинет;1000000;4;29;3998;2953;1;metrika.yandex.ru
директ яндекс метрика;370000;3;21;1723;534;1;metrika.yandex.ru
вебвизор;3000;1;8;4663;1661;1;metrika.yandex.ru
яндекс метрика;566000;2;14;136218;82710;1;metrika.yandex.ru
yandex metrika;238000;2;14;5872;476;1;metrika.yandex.ru
яндекс вебвизор;574000;2;15;1127;368;1;metrika.yandex.ru
счетчик яндекс метрика;370000;3;22;4395;399;1;metrika.yandex.ru
yandex metrica;257000;2;14;944;421;1;metrika.yandex.ru
яндекс метрика счетчик;715000;3;22;4329;393;1;metrika.yandex.ru
метрик;1000000;1;6;383659;415;1;metrika.yandex.ru
яндекс метрика вход;1000000;3;19;1141;379;1;metrika.yandex.ru
яндекс директ метрика;180000;3;21;1611;457;1;metrika.yandex.ru
вебвизор яндекс;514000;2;15;1307;419;1;metrika.yandex.ru
метрика яндекс директ;570000;3;21;1590;452;1;metrika.yandex.ru
метрика яндекс вход в личный кабинет;2000000;6;36;592;402;1;metrika.yandex.ru
metr;5000000;1;4;5699;473;1;metrika.yandex.ru
яндекс метрика директ;775000;3;21;1611;457;1;metrika.yandex.ru
яндекс счетчик метрика;861000;3;22;4329;393;1;metrika.yandex.ru
метрика яндекс вход;991000;3;19;1250;448;1;metrika.yandex.ru
metrika yandex;246000;2;14;5872;476;1;metrika.yandex.ru
яндекс метрика вход в личный кабинет;2000000;6;36;557;363;1;metrika.yandex.ru
метри;8000000;1;5;8832;178;1;metrika.yandex.ru
яндекс метрика это что;1000000;4;22;1106;242;1;metrika.yandex.ru
метрика яндекс войти;2000000;3;20;823;261;1;metrika.yandex.ru
яндекс метрика войти в личный кабинет;2000000;6;37;255;226;1;metrika.yandex.ru
мерика;4000;1;6;3964;242;1;metrika.yandex.ru
что такое яндекс метрика;764000;4;24;1313;214;1;metrika.yandex.ru
ян метрика;213000;2;10;344;331;1;metrika.yandex.ru
яндекс счетчик;597000;2;14;6902;248;1;metrika.yandex.ru
метрика яндекс ру;2000000;3;17;414;272;1;metrika.yandex.ru
яндекс метрика что это;611000;4;22;1106;242;1;metrika.yandex.ru
яндекс метрика войти;2000000;3;20;942;357;1;metrika.yandex.ru
яндекс метрика вебвизор;560000;3;23;566;317;1;metrika.yandex.ru
что такое метрика яндекс;449000;4;24;1313;214;1;metrika.yandex.ru
яндекс метрика ру;2000000;3;17;407;271;1;metrika.yandex.ru
вебвизор яндекс метрика;420000;3;23;633;359;1;metrika.yandex.ru
мои счетчики яндекс;2000000;3;19;238;169;1;metrika.yandex.ru
счетчики яндекс метрики;893000;3;23;4395;100;1;metrika.yandex.ru
webvisor;3000;1;8;404;111;1;metrika.yandex.ru
директ метрика;187000;2;14;2554;124;1;metrika.yandex.ru
яндекс метрика личный кабинет войти;2000000;5;35;380;110;1;metrika.yandex.ru
метрика яндекса;705000;2;15;142190;113;1;metrika.yandex.ru
яндекса метрика;449000;2;15;136218;101;1;metrika.yandex.ru
яндекс метрика счетчик посещений сайта;2000000;5;38;172;153;1;metrika.yandex.ru
метрика сайта;2000000;2;13;17600;114;1;metrika.yandex.ru
metrics yandex;209000;2;14;271;141;1;metrika.yandex.ru
метрика директ;158000;2;14;2366;113;1;metrika.yandex.ru
метрка;3000;1;6;474;167;1;metrika.yandex.ru
yandex metrics;311000;2;14;271;141;1;metrika.yandex.ru
счетчик метрики;217000;2;15;6973;105;1;metrika.yandex.ru
матрика;270000;1;7;3012;139;1;metrika.yandex.ru
веб визор;184000;2;9;325;168;1;metrika.yandex.ru
яндекс метрики вход в личный кабинет;2000000;6;36;557;96;1;metrika.yandex.ru
яндекс метка;575000;2;12;9806;70;1;metrika.yandex.ru
статистика сайта яндекс;2000000;3;23;541;74;1;metrika.yandex.ru
вебвизор яндекс директ;584000;3;22;92;81;1;metrika.yandex.ru
яндекс аналитика сайта;2000000;3;22;483;73;1;metrika.yandex.ru
z vtnhbrf;202000;2;9;83;78;1;metrika.yandex.ru
яндексметрика яндекс метрика;550000;3;28;72;72;1;metrika.yandex.ru
аналитика сайта яндекс;2000000;3;22;513;85;1;metrika.yandex.ru
счетчик метрики в яндекс директ;575000;5;31;200;80;1;metrika.yandex.ru
метрика онлайн;1000000;2;14;2345;84;1;metrika.yandex.ru
яндекс метрику;513000;2;14;136218;77;1;metrika.yandex.ru
статистика метрика яндекс;687000;3;25;718;90;1;metrika.yandex.ru
яндекс метрика статистика;636000;3;25;707;85;1;metrika.yandex.ru
метика;8000000;1;6;1079;73;1;metrika.yandex.ru
метрику;2000000;1;7;383325;81;1;metrika.yandex.ru
статистика яндекс метрика;753000;3;25;718;90;1;metrika.yandex.ru
яндекс статистика сайта;2000000;3;23;538;68;1;metrika.yandex.ru
metrika яндекс;431000;2;14;251;41;1;metrika.yandex.ru
счетчик метрика;851000;2;15;6973;49;1;metrika.yandex.ru
метрика яндекс что это такое;1000000;5;28;389;57;1;metrika.yandex.ru
яндекс директ метрика вход в личный кабинет;2000000;7;43;49;49;1;metrika.yandex.ru
мтерика;3000;1;7;135;51;1;metrika.yandex.ru
метрике;8000000;1;7;383199;44;1;metrika.yandex.ru
yandex metrika counter;273000;3;22;292;62;1;metrika.yandex.ru
мои счетчики яндекс метрика;542000;4;27;61;52;1;metrika.yandex.ru
яндекс метрика для сайта;1000000;4;24;6100;59;1;metrika.yandex.ru
метрика счетчик;788000;2;15;7087;51;1;metrika.yandex.ru
счетчик метрики яндекс;132000;3;22;4395;67;1;metrika.yandex.ru
метрика вход;775000;2;12;1512;61;1;metrika.yandex.ru
https metrika yandex ru;2000000;4;23;524;47;1;metrika.yandex.ru
яндекс метрика что это такое;1000000;5;28;379;58;1;metrika.yandex.ru
счетчик яндекс метрики;801000;3;22;4395;67;1;metrika.yandex.ru
metric yandex;108000;2;13;112;39;1;metrika.yandex.ru
скачать яндекс метрика;1000000;3;22;194;29;1;metrika.yandex.ru
счетчик яндекс метрика на сайт;2000000;5;30;825;33;1;metrika.yandex.ru
metria;5000;1;6;283;36;1;metrika.yandex.ru
яндекс вебвизор яндекс метрика;563000;4;30;523;33;1;metrika.yandex.ru
webvisor yandex;56000;2;15;107;34;1;metrika.yandex.ru
metrika yandex ru яндекс метрика;2000000;5;32;54;30;1;metrika.yandex.ru
яндекс метрика скачать;897000;3;22;215;37;1;metrika.yandex.ru
yandex webvisor;121000;2;15;107;34;1;metrika.yandex.ru
я метрика яндекс;2000000;3;16;296;36;1;metrika.yandex.ru
счетчики метрики;480000;2;16;6973;34;1;metrika.yandex.ru
yandex analytics;239000;2;16;360;37;1;metrika.yandex.ru
яндекс метрика сайт;246000;3;19;11243;37;1;metrika.yandex.ru
вход в яндекс метрику;1000000;4;21;724;31;1;metrika.yandex.ru
яндекс визор;1000000;2;12;95;36;1;metrika.yandex.ru
yandex metric;134000;2;13;112;39;1;metrika.yandex.ru
яндекс метрика войти в аккаунт;2000000;5;30;37;28;1;metrika.yandex.ru
метрика сайт;2000000;2;12;17600;21;1;metrika.yandex.ru
яндекс метрика лого;769000;3;19;34;23;1;metrika.yandex.ru
яндекс метрики что это такое;1000000;5;28;379;23;1;metrika.yandex.ru
яндекс счетчики;1000000;2;15;6902;22;1;metrika.yandex.ru
метрика сайта онлайн;2000000;3;20;86;23;1;metrika.yandex.ru
счетчики яндекс метрика;460000;3;23;4395;21;1;metrika.yandex.ru
вебвизор в яндекс метрике;585000;4;25;140;26;1;metrika.yandex.ru
митрика;7000000;1;7;870;23;1;metrika.yandex.ru
счетчики яндекс;3000;2;15;7022;25;1;metrika.yandex.ru
yandex метрика войти;2000000;3;20;23;23;1;metrika.yandex.ru
статистика сайта яндекс метрика;2000000;4;31;209;27;1;metrika.yandex.ru
аналитика яндекс метрика;677000;3;24;921;25;1;metrika.yandex.ru
яндекс метрика аналитика;707000;3;24;800;22;1;metrika.yandex.ru
яндекс статистика сайта метрика;2000000;4;31;216;23;1;metrika.yandex.ru
yandex аналитика;287000;2;16;348;27;1;metrika.yandex.ru
yandex метрики;263000;2;14;1151;21;1;metrika.yandex.ru
статистика посещения сайта яндекс;236000;4;33;65;18;1;metrika.yandex.ru
метрика вебвизор;62000;2;16;719;19;1;metrika.yandex.ru
вебвизор что такое;2000000;3;18;34;19;1;metrika.yandex.ru
яндекс матрица;535000;2;14;1271;18;1;metrika.yandex.ru
веб аналитика яндекс;646000;3;20;283;19;1;metrika.yandex.ru
яндекс метрика личный кабинет вход;2000000;5;34;588;18;1;metrika.yandex.ru
ya metrika;207000;2;10;57;20;1;metrika.yandex.ru
моя метрика;885000;2;11;366;19;1;metrika.yandex.ru
метрика личный кабинет;872000;3;22;4396;20;1;metrika.yandex.ru
метрика для сайта;2000000;3;17;7596;19;1;metrika.yandex.ru
яндекс счетчик посещений сайта;2000000;4;30;201;21;1;metrika.yandex.ru
яндекс метрики это;2000000;3;18;3559;20;1;metrika.yandex.ru
регистрация яндекс метрика;2000000;3;26;78;18;1;metrika.yandex.ru
яндекс метрика счетчики;552000;3;23;4329;20;1;metrika.yandex.ru
яндекс метрика сайта;825000;3;20;11243;21;1;metrika.yandex.ru
анализ сайта яндекс метрика;2000000;4;27;229;18;1;metrika.yandex.ru
яндекс метрика регистрация;2000000;3;26;71;15;1;metrika.yandex.ru
веб визер;164000;2;9;25;16;1;metrika.yandex.ru
вебвизор метрика;158000;2;16;757;17;1;metrika.yandex.ru
https metrika yandex ru list;2000000;5;28;51;16;1;metrika.yandex.ru
вебв;2000;1;4;153;17;1;metrika.yandex.ru
рся метрика;1000000;2;11;116;15;1;metrika.yandex.ru
ме рика;693000;2;7;96;17;1;metrika.yandex.ru
яндекс метрика личный;981000;3;21;4042;17;1;metrika.yandex.ru
яндекс метрики что это;484000;4;22;1106;17;1;metrika.yandex.ru
сайт метрика;2000000;2;12;17113;16;1;metrika.yandex.ru
мерики;7000;1;6;3964;18;1;metrika.yandex.ru
я метрика вход;2000000;3;14;26;17;1;metrika.yandex.ru
аналитика яндекса;630000;2;17;11758;16;1;metrika.yandex.ru
метрика сайта яндекс;2000000;3;20;12261;17;1;metrika.yandex.ru
yandex ru метрика;1000000;3;17;156;18;1;metrika.yandex.ru
яндекс аналитикс;477000;2;16;82;15;1;metrika.yandex.ru
ya метрика;220000;2;10;59;12;1;metrika.yandex.ru
яндекс метрика логотип;661000;3;22;26;13;1;metrika.yandex.ru
метр ка;477000;2;7;5342;14;1;metrika.yandex.ru
яндекс директ метрики;466000;3;21;1611;13;1;metrika.yandex.ru
мет рика;737000;2;8;98;13;1;metrika.yandex.ru
метрика yandex ru;1000000;3;17;136;12;1;metrika.yandex.ru
счетчик метрики в яндекс;60000;4;24;797;14;1;metrika.yandex.ru
метрики яндекс директ;437000;3;21;1590;14;1;metrika.yandex.ru
метрики яндекс метрика;516000;3;22;142190;14;1;metrika.yandex.ru
яндекс веб визор;5000;3;16;25;13;1;metrika.yandex.ru
яндекс метрика на сайт;2000000;4;22;8971;15;1;metrika.yandex.ru
метрика на сайте;1000000;3;16;12576;14;1;metrika.yandex.ru
счетчик яндекс директ;555000;3;21;388;12;1;metrika.yandex.ru
http metrika yandex ru;647000;4;22;26;14;1;metrika.yandex.ru
вебизор;2000;1;7;66;15;1;metrika.yandex.ru
логотип яндекс метрика;410000;3;22;29;12;1;metrika.yandex.ru
яндекс посещаемость сайта;3000;3;25;340;9;1;metrika.yandex.ru
яндекс аналитика для сайта;2000000;4;26;69;10;1;metrika.yandex.ru
посещаемость сайта проверить онлайн яндекс;264000;5;42;11;10;1;metrika.yandex.ru
яндекс метрика создать;894000;3;22;971;10;1;metrika.yandex.ru
новая метрика;2000000;2;13;1199;10;1;metrika.yandex.ru
яндекс бизнес метрика;1000000;3;21;223;9;1;metrika.yandex.ru
счетчик на сайт яндекс;2000000;4;22;975;11;1;metrika.yandex.ru
посещаемость сайта яндекс;2000000;3;25;332;10;1;metrika.yandex.ru
metrika yandex ru статистика;2000000;4;28;21;11;1;metrika.yandex.ru
metrika yandex ru list;1000000;4;22;65;10;1;metrika.yandex.ru
счетчик сайта яндекс метрика;2000000;4;28;1103;12;1;metrika.yandex.ru
metika;4000;1;6;27;11;1;metrika.yandex.ru
счетчики метрика;922000;2;16;6973;10;1;metrika.yandex.ru
я метрики;1000000;2;9;2384;11;1;metrika.yandex.ru
сколько стоит яндекс метрика;1000000;4;28;59;12;1;metrika.yandex.ru
скачать приложение яндекс метрика;2000000;4;33;29;9;1;metrika.yandex.ru
м етрика;383000;2;8;15;7;1;metrika.yandex.ru
статистика метрика;351000;2;18;1346;8;1;metrika.yandex.ru
метрика ру;1000000;2;10;505;9;1;metrika.yandex.ru
вебвизора;3000;1;9;4670;7;1;metrika.yandex.ru
вход в яндекс метрику личный кабинет;2000000;6;36;617;8;1;metrika.yandex.ru
яндекс вебвизор вход;1000000;3;20;8;7;1;metrika.yandex.ru
яндекс метрика кабинет;484000;3;22;3650;9;1;metrika.yandex.ru
метрика вход в личный кабинет;1000000;5;29;604;8;1;metrika.yandex.ru
веб аналитика яндекс метрика;765000;4;28;211;9;1;metrika.yandex.ru
вход в метрику;2000000;3;14;845;8;1;metrika.yandex.ru
яндекс аналитики;492000;2;16;10728;9;1;metrika.yandex.ru
yandex счетчик;976000;2;14;267;9;1;metrika.yandex.ru
яндекс метрики вход;1000000;3;19;1141;7;1;metrika.yandex.ru
мертика;3000;1;7;220;9;1;metrika.yandex.ru
аналитики яндекс;562000;2;16;11758;9;1;metrika.yandex.ru
войти в яндекс метрику;2000000;4;22;401;7;1;metrika.yandex.ru
метр ика;111000;2;8;1030;4;1;metrika.yandex.ru
яндекс метрика личный кабинет войти вход;3000000;6;40;17;5;1;metrika.yandex.ru
метрика войти;2000000;2;13;1074;6;1;metrika.yandex.ru
метрика что;2000000;2;11;20669;5;1;metrika.yandex.ru
метрика сайта посмотреть;2000000;3;24;677;5;1;metrika.yandex.ru
янд метрика;131000;2;11;7;5;1;metrika.yandex.ru
счетчик яндекса;546000;2;15;7022;6;1;metrika.yandex.ru
яндекс метрика онлайн;1000000;3;21;74;6;1;metrika.yandex.ru
яндекс метрика бесплатно или нет;2000000;5;32;7;6;1;metrika.yandex.ru
metrika ru;1000000;2;10;1165;5;1;metrika.yandex.ru
yandex metrika вход;553000;3;19;21;6;1;metrika.yandex.ru
web визор;1000000;2;9;9;6;1;metrika.yandex.ru
где вебвизор в яндекс метрике;997000;5;29;10;5;1;metrika.yandex.ru
веб метрика;319000;2;11;558;6;1;metrika.yandex.ru
ме трика;663000;2;8;22;6;1;metrika.yandex.ru
metrika yandex r;849000;3;16;154;4;1;metrika.yandex.ru
скачать metr;478000;2;12;83;1;1;metrika.yandex.ru
новая метрика яндекс;2000000;3;20;230;1;1;metrika.yandex.ru
яндекс метрика мой счетчик;528000;4;26;68;2;1;metrika.yandex.ru
метрики директ;112000;2;14;2366;1;1;metrika.yandex.ru
вебвизор что это такое;924000;4;22;3;2;1;metrika.yandex.ru
зайти в яндекс метрику;813000;4;22;73;1;1;metrika.yandex.ru
вебвизор яндекс метрики;472000;3;23;633;3;1;metrika.yandex.ru
яндекс метрика старая версия;806000;4;28;3;2;1;metrika.yandex.ru
яндексметрика ру;2000000;2;16;3;3;1;metrika.yandex.ru
новая яндекс метрика;3000000;3;20;230;1;1;metrika.yandex.ru
метрика яндекс ru;2000000;3;17;627;3;1;metrika.yandex.ru
яндекс метрика москва;1000000;3;21;36;3;1;metrika.yandex.ru
https яндекс метрика;1000000;3;20;112;1;1;metrika.yandex.ru
яндекс маркет метрика;1000000;3;21;125;2;1;metrika.yandex.ru
посмотреть метрику сайта;902000;3;24;641;4;1;metrika.yandex.ru
яндекс метрика старый интерфейс;716000;4;31;4;1;1;metrika.yandex.ru
яндекс метр;638000;2;11;3653;1048;2;metrika.yandex.ru
счетчик посетителей сайта яндекс;2000000;4;32;28;0;1;metrika.yandex.ru
metrika yandex ru вход;1000000;4;22;9;0;1;metrika.yandex.ru
статистика яндекс;655000;2;17;22188;1574;2;metrika.yandex.ru
яндекс метрика сайта онлайн;3000000;4;27;24;0;1;metrika.yandex.ru
метрики;1000000;1;7;383244;1525;2;metrika.yandex.ru
счетчик яндекс метрики на сайт;2000000;5;30;825;0;1;metrika.yandex.ru
вести статистику онлайн;2000000;3;23;12;0;1;metrika.yandex.ru
старая метрика;1000000;2;14;170;0;1;metrika.yandex.ru
яндекс метрика э;436000;3;16;21;0;1;metrika.yandex.ru
счетчик yandex метрики;285000;3;22;112;0;1;metrika.yandex.ru
скачать метрику;551000;2;15;817;0;1;metrika.yandex.ru
яндекс статистика;738000;2;17;21743;1528;2;metrika.yandex.ru
метрика старая версия;867000;3;21;10;0;1;metrika.yandex.ru
яндекс метрика скрины;399000;3;21;8;0;1;metrika.yandex.ru
metrika;1000000;1;7;8224;1028;2;metrika.yandex.ru
вебвизор что это;2000000;3;16;53;37;2;metrika.yandex.ru
статистика яндекса;658000;2;18;22188;45;2;metrika.yandex.ru
яндекс аналитик;734000;2;15;10728;88;2;metrika.yandex.ru
yandex metr;139000;2;11;88;42;2;metrika.yandex.ru
яндекс metrika;582000;2;14;248;48;2;metrika.yandex.ru
яндекс метрика расширение;498000;3;25;109;37;2;metrika.yandex.ru
счетчик яндекс;600000;2;14;7022;253;2;metrika.yandex.ru
яндекс ме;1000000;2;9;495;88;2;metrika.yandex.ru
metri;4000000;1;5;2305;121;2;metrika.yandex.ru
приложение яндекс метрика;1000000;3;25;303;48;2;metrika.yandex.ru
metrica yandex;297000;2;14;944;421;2;metrika.yandex.ru
metrika yandex ru;1000000;3;17;1048;157;2;metrika.yandex.ru
яндекс мет;539000;2;10;381;41;2;metrika.yandex.ru
вебвизор это;2000000;2;12;220;90;2;metrika.yandex.ru
яндекс метрика это;2000000;3;18;3559;673;2;metrika.yandex.ru
яндекс телеметрия;494000;2;17;110;36;2;metrika.yandex.ru
яндекс analytics;412000;2;16;528;15;2;metrika.yandex.ru
электронная коммерция метрика;775000;3;29;334;18;2;metrika.yandex.ru
создать яндекс метрику;1000000;3;22;972;26;2;metrika.yandex.ru
счетчик в яндекс метрике;77000;4;24;839;17;2;metrika.yandex.ru
для чего яндекс метрика;450000;4;23;860;25;2;metrika.yandex.ru
что делает яндекс метрика;976000;4;25;64;15;2;metrika.yandex.ru
метрика бесплатно онлайн;2000000;3;24;976;31;2;metrika.yandex.ru
электронная коммерция яндекс метрика;898000;4;36;142;26;2;metrika.yandex.ru
yandex метр;194000;2;11;227;28;2;metrika.yandex.ru
метрика popolam nn;242000;3;18;19;19;2;metrika.yandex.ru
yandex metrica ru;351000;3;17;89;34;2;metrika.yandex.ru
яндекс метрика про;859000;3;18;293;28;2;metrika.yandex.ru
метрика электронная коммерция;497000;3;29;345;16;2;metrika.yandex.ru
яндекс метрика электронная коммерция;642000;4;36;142;26;2;metrika.yandex.ru
metrica yandex ru;1000000;3;17;89;34;2;metrika.yandex.ru
яндекс метрика посещаемость сайта;2000000;4;33;173;14;2;metrika.yandex.ru
метрока;3000;1;7;455;9;2;metrika.yandex.ru
счетчик на сайт бесплатно;2000000;4;25;41;11;2;metrika.yandex.ru
metriks;5000;1;7;1314;13;2;metrika.yandex.ru
яндекс метрика e commerce;900000;4;25;54;10;2;metrika.yandex.ru
яндекс метрика справочник;469000;3;25;23;11;2;metrika.yandex.ru
яндекс метрика запросов;666000;3;23;322;9;2;metrika.yandex.ru
счетчик сайта;2000000;2;13;35112;14;2;metrika.yandex.ru
яндекс метрика цена;1000000;3;19;112;12;2;metrika.yandex.ru
яндекс метрика сколько стоит;1000000;4;28;58;13;2;metrika.yandex.ru
что такое вебвизор;3000;3;18;22;11;2;metrika.yandex.ru
что такое яндекс метрики;438000;4;24;1313;14;2;metrika.yandex.ru
метрица;2000;1;7;81;14;2;metrika.yandex.ru
метрика скачать;636000;2;15;836;10;2;metrika.yandex.ru
yandexmetrika;4000;1;13;30;13;2;metrika.yandex.ru
e commerce яндекс метрика;794000;4;25;70;14;2;metrika.yandex.ru
яндекс метрика проверить сайт;1000000;4;29;487;9;2;metrika.yandex.ru
e commerce метрика;511000;3;18;197;5;2;metrika.yandex.ru
метрика сайта онлайн бесплатно;3000000;4;30;11;7;2;metrika.yandex.ru
интернет метрика;1000000;2;16;655;7;2;metrika.yandex.ru
яндекс метрика просмотры;1000000;3;24;613;6;2;metrika.yandex.ru
yandex metrika informer;299000;3;23;27;7;2;metrika.yandex.ru
yandex me;902000;2;9;94918;5;2;metrika.yandex.ru
яндекс e commerce;1000000;3;17;171;8;2;metrika.yandex.ru
как посмотреть яндекс метрику;521000;4;29;959;7;2;metrika.yandex.ru
метрика e commerce;602000;3;18;178;7;2;metrika.yandex.ru
webvisor что это;3000000;3;16;20;7;2;metrika.yandex.ru
просмотры яндекс метрика;1000000;3;24;603;8;2;metrika.yandex.ru
метрика почта;90000;2;13;296;7;2;metrika.yandex.ru
метрина;5000;1;7;489;6;2;metrika.yandex.ru
яндекс метра;535000;2;12;3653;7;2;metrika.yandex.ru
приложение метрика;1000000;2;18;1775;8;2;metrika.yandex.ru
электронная коммерция в яндекс метрике;714000;5;38;48;5;2;metrika.yandex.ru
яндекс метрика создать счетчик;789000;4;30;327;79;3;metrika.yandex.ru
новостная метрика;195000;2;17;11;0;2;metrika.yandex.ru
ме3ка;3000000;1;5;59;2;2;metrika.yandex.ru
метрика про;614000;2;11;1336;359;3;metrika.yandex.ru
узнать метрику;614000;2;14;896;0;2;metrika.yandex.ru
яндекс вебмастер метрика;419000;3;24;246;81;3;metrika.yandex.ru
webvisor com;1000000;2;12;53;4;2;metrika.yandex.ru
яндекс метрика сводка;75000;3;21;48;0;2;metrika.yandex.ru
яндекс аналитика это;2000000;3;20;169;3;2;metrika.yandex.ru
веб аналитика метрики;412000;3;21;278;0;2;metrika.yandex.ru
счетчик посетителей онлайн;2000000;3;26;8;4;2;metrika.yandex.ru
счетчик посещаемости;62000;2;20;248;3;2;metrika.yandex.ru
вебмастер яндекс метрика;424000;3;24;264;89;3;metrika.yandex.ru
что такое вебвизор яндекс метрики;418000;5;33;4;3;2;metrika.yandex.ru
яндекс директ и метрика;467000;4;23;359;4;2;metrika.yandex.ru
яндекс метрика справка;849000;3;22;145;71;3;metrika.yandex.ru
счетчик посещений;179000;2;17;899;5;3;metrika.yandex.ru
яндекс метрика скачать приложение;2000000;4;33;29;9;3;metrika.yandex.ru
как включить вебвизор в яндекс метрике;539000;6;38;22;18;3;metrika.yandex.ru
что дает яндекс метрика;2000000;4;23;77;9;3;metrika.yandex.ru
техподдержка яндекс метрика;260000;3;27;30;16;3;metrika.yandex.ru
метрика нижний новгород;226000;3;23;65;7;3;metrika.yandex.ru
метрика вебмастер;210000;2;17;390;27;3;metrika.yandex.ru
счетчик яндекс метрики что это;422000;5;30;59;17;3;metrika.yandex.ru
яндекс метрика для чего;475000;4;23;713;26;3;metrika.yandex.ru
как войти в яндекс метрику;2000000;5;26;44;10;3;metrika.yandex.ru
яндекс анализ;754000;2;13;7350;29;3;metrika.yandex.ru
вебмастер метрика;178000;2;17;414;27;3;metrika.yandex.ru
метрика новостей;2000000;2;16;156;9;3;metrika.yandex.ru
счетчик посещений для сайта;2000000;4;27;38;19;3;metrika.yandex.ru
метка яндекс;527000;2;12;10058;61;3;metrika.yandex.ru
яндекс метрика стоимость;1000000;3;24;42;5;3;metrika.yandex.ru
подключить яндекс метрику;546000;3;25;1165;24;4;metrika.yandex.ru
метрика справка;867000;2;15;244;29;4;metrika.yandex.ru
яндекс мониторинг;568000;2;17;1654;40;4;metrika.yandex.ru
сайт счетчик;2000000;2;12;35112;29;4;metrika.yandex.ru
счетчик для сайта;2000000;3;17;878;36;4;metrika.yandex.ru
справка метрика;788000;2;15;234;27;4;metrika.yandex.ru
яндекс метрика википедия;455000;3;24;2;2;3;metrika.yandex.ru
расширение яндекс метрика;625000;3;25;119;38;4;metrika.yandex.ru
метрика что это;2000000;3;15;5622;321;4;metrika.yandex.ru
метрика онлайн бесплатно;1000000;3;24;976;31;4;metrika.yandex.ru
счетчик посещений сайта бесплатно;2000000;4;33;31;2;3;metrika.yandex.ru
еком аналитика яндекс;530000;3;21;2;1;3;metrika.yandex.ru
webmaster яндекс метрика;455000;3;24;32;28;4;metrika.yandex.ru
мониторинг яндекс;606000;2;17;1642;42;4;metrika.yandex.ru
яндекс метрика скачать на айфон;576000;5;31;6;2;3;metrika.yandex.ru
сервис статистики;969000;2;17;3005;19;4;metrika.yandex.ru
метрики на сайте;2000000;3;16;12576;2;4;metrika.yandex.ru
метрика проверка;340000;2;16;900;6;4;metrika.yandex.ru
счетчик посещаемости сайта;2000000;3;26;157;11;4;metrika.yandex.ru
статистика в яндексе;585000;3;20;4966;6;4;metrika.yandex.ru
счетчики яндекс метрики что это;402000;5;31;59;8;4;metrika.yandex.ru
статистика переходов на сайт;2000000;4;28;83;3;4;metrika.yandex.ru
страница входа яндекс метрика;2000000;4;29;67;16;4;metrika.yandex.ru
yandex statistics;207000;2;17;60;9;4;metrika.yandex.ru
счетчик посещения сайта;2000000;3;23;545;13;4;metrika.yandex.ru
yandex metrika id;425000;3;17;196;7;4;metrika.yandex.ru
электронная коммерция яндекс;703000;3;28;307;19;4;metrika.yandex.ru
яндекс метрика зачем нужна;632000;4;26;66;14;4;metrika.yandex.ru
аналитика бесплатно;1000000;2;19;13830;6;4;metrika.yandex.ru
яндекс метрика запросы;30000;3;22;322;11;4;metrika.yandex.ru
yandex статистика;254000;2;17;1357;19;4;metrika.yandex.ru
метрика это что;2000000;3;15;5622;321;5;metrika.yandex.ru
метрика скачать приложение;1000000;3;26;38;1;5;metrika.yandex.ru
метрико;2000000;1;7;90;8;5;metrika.yandex.ru
метрика яндекс для андроид;667000;4;26;50;12;5;metrika.yandex.ru
счетчики для сайта;2000000;3;18;878;5;5;metrika.yandex.ru
счетчик показов;112000;2;15;1396;8;5;metrika.yandex.ru
яндекс метрика ютуб;1000000;3;19;18;2;5;metrika.yandex.ru
счетчик посетителей сайта;1000000;3;25;220;28;5;metrika.yandex.ru
метрики для сайта;2000000;3;17;7596;9;5;metrika.yandex.ru
яндекс метрика инспектор;683000;3;24;32;14;5;metrika.yandex.ru
приложение яндекс метрика для iphone;257000;5;36;8;8;5;metrika.yandex.ru
яндекс метрика что это такое и как работает;1000000;8;43;263;249;5;metrika.yandex.ru
яндекс метрика техподдержка;687000;3;27;32;18;5;metrika.yandex.ru
яндекс метрика посетители;518000;3;25;795;5;5;metrika.yandex.ru
метрика новости;1000000;2;15;156;13;5;metrika.yandex.ru
metric;6000;1;6;14532;286;5;metrika.yandex.ru
метрика 2;3000000;2;9;3595;0;5;metrika.yandex.ru
яндекс метрика поддержка телефон;2000000;4;32;20;7;6;metrika.yandex.ru
как войти в яндекс метрику своего сайта;3000000;7;39;14;14;6;metrika.yandex.ru
поддержка яндекс метрика;813000;3;24;97;31;6;metrika.yandex.ru
вебвизор это простыми словами;984000;4;29;14;14;6;metrika.yandex.ru
я ме;66000;2;4;10692;25;6;metrika.yandex.ru
яндекс метрика обзор;418000;3;20;48;8;6;metrika.yandex.ru
онлайн аналитика;1000000;2;16;5059;86;6;metrika.yandex.ru
что такое яндекс метрика и зачем он нужен;769000;8;41;28;27;6;metrika.yandex.ru
яндекс метрика подключить;633000;3;25;1140;37;6;metrika.yandex.ru
метрика москва;879000;2;14;731;24;6;metrika.yandex.ru
статистика сайта;2000000;2;16;73509;431;6;metrika.yandex.ru
для чего нужна яндекс метрика;916000;5;29;146;53;6;metrika.yandex.ru
яндекс метрика телефон поддержки;2000000;4;32;20;11;6;metrika.yandex.ru
яндекс метрика поддержка;1000000;3;24;97;34;6;metrika.yandex.ru
онлайн статистика;2000000;2;17;36114;554;6;metrika.yandex.ru
яндекс метрика платная или нет;530000;5;30;11;5;6;metrika.yandex.ru
поддержка яндекс метрики;852000;3;24;97;9;7;metrika.yandex.ru
четчик;7000000;1;6;303;18;7;metrika.yandex.ru
яндекс метрика приложение;1000000;3;25;307;47;7;metrika.yandex.ru
метрика поддержка;1000000;2;17;359;13;7;metrika.yandex.ru
яндекс телеметр;379000;2;15;22;21;7;metrika.yandex.ru
сайт для статистики;1000000;3;19;2092;10;7;metrika.yandex.ru
яндекс метрика на телефон;2000000;4;25;46;3;6;metrika.yandex.ru
счетчик посещений сайта;2000000;3;23;545;29;7;metrika.yandex.ru
счетчик;7000000;1;7;4514236;7406;7;metrika.yandex.ru
как зайти в яндекс метрику;489000;5;26;62;20;7;metrika.yandex.ru
web wizard;436000;2;10;578;3;6;metrika.yandex.ru
метрики на карте мира;2000000;4;21;24;0;6;metrika.yandex.ru
проверка яндекс метрики;779000;3;23;253;10;7;metrika.yandex.ru
аналитик яндекс;656000;2;15;11758;87;7;metrika.yandex.ru
просмотр url яндекс метрика;1000000;4;27;32;4;6;metrika.yandex.ru
яндекс метрика для андроид;588000;4;26;51;9;7;metrika.yandex.ru
метрика приложение;963000;2;18;1836;8;8;metrika.yandex.ru
что такое счетчик яндекс метрики;317000;5;32;38;20;8;metrika.yandex.ru
сводка яндекс личный кабинет;959000;4;28;4;0;7;metrika.yandex.ru
уатвуч;751;1;6;24;12;8;metrika.yandex.ru
сщетчик;8000000;1;7;104;36;8;metrika.yandex.ru
счетчик посетителей для сайта;785000;4;29;20;9;8;metrika.yandex.ru
электронная коммерция яндекс директ;688000;4;35;17;3;7;metrika.yandex.ru
счетчики на сайте;2000000;3;17;6097;0;7;metrika.yandex.ru
аналитика интернет магазина;1000000;3;27;224;3;7;metrika.yandex.ru
счетчик просмотров;940000;2;18;1993;23;8;metrika.yandex.ru
просмотр статистики;928000;2;19;6935;6;7;metrika.yandex.ru
яндекс без метрики;858000;3;18;227;3;7;metrika.yandex.ru
метерка;3000;1;7;82;10;8;metrika.yandex.ru
яндекс метрика служба поддержки;1000000;4;31;7;2;7;metrika.yandex.ru
как зайти в яндекс метрику своего сайта;2000000;7;39;8;7;7;metrika.yandex.ru
аналитика по сайту;2000000;3;18;969;8;8;metrika.yandex.ru
что такое счетчик метрики яндекс;468000;5;32;38;20;10;metrika.yandex.ru
счетчие;9000000;1;7;111;1;9;metrika.yandex.ru
аналитика сайт;2000000;2;14;10316;34;9;metrika.yandex.ru
настройка электронной коммерции яндекс;772000;4;38;29;0;9;metrika.yandex.ru
метрика на сайте что это;2000000;5;24;195;20;9;metrika.yandex.ru
метрики сайта;2000000;2;13;17600;23;10;metrika.yandex.ru
счетчик посетителей на сайте;2000000;4;28;114;1;8;metrika.yandex.ru
приложение яндекс метрика для андроид;1000000;5;37;40;23;9;metrika.yandex.ru
метро метрика;257000;2;13;26;0;8;metrika.yandex.ru
счетч;7000;1;5;771;2;9;metrika.yandex.ru
поддержка метрики;905000;2;17;333;1;8;metrika.yandex.ru
ru price php id;1000000;4;15;63;0;8;metrika.yandex.ru
сквозная аналитика яндекс метрика;722000;4;33;82;26;10;metrika.yandex.ru
щетчик;8000000;1;6;1532;69;9;metrika.yandex.ru
yandex мониторинг;192000;2;17;438;4;8;metrika.yandex.ru
зачем нужна яндекс метрика;1000000;4;26;74;18;10;metrika.yandex.ru
для чего нужен вебвизор;722000;4;23;25;16;10;metrika.yandex.ru
метрок;8000000;1;6;460;14;10;metrika.yandex.ru
проверить яндекс метрику на сайте;2000000;5;33;452;9;10;metrika.yandex.ru
проверить счетчик яндекс метрики;779000;4;32;84;8;10;metrika.yandex.ru
получение информации о товаре в электронной коммерции;2000000;7;53;1;1;10;metrika.yandex.ru
счетник;4000;1;7;75;1;10;metrika.yandex.ru
счетчик метрики это;2000000;3;19;161;6;11;metrika.yandex.ru
