"﻿""Ключевое слово""";Результатов в Яндексе;Слов;Символов;Частотность Весь мир;"""!Частотность !Весь !мир""";Позиция в выдаче Яндекса;ofd.yandex.ru
офд яндекс;2000000;2;10;20197;9264;1;ofd.yandex.ru
офд платформа личный кабинет яндекс;2000000;5;35;152;139;1;ofd.yandex.ru
яндекс офд личный кабинет войти в личный кабинет;3000000;8;48;243;208;1;ofd.yandex.ru
яндекс офд вход в личный кабинет;2000000;6;32;1213;743;1;ofd.yandex.ru
ofd yandex ru вход в личный кабинет;2000000;7;35;175;169;1;ofd.yandex.ru
яндекс офд касса вход в личный кабинет;2000000;7;38;247;241;1;ofd.yandex.ru
платформа яндекс офд личный кабинет;2000000;5;35;152;139;1;ofd.yandex.ru
яндекс офд личный кабинет;2000000;4;25;6904;3677;1;ofd.yandex.ru
яндекс офд личный кабинет войти;3000000;5;31;686;436;1;ofd.yandex.ru
офд яндекс вход в личный кабинет;2000000;6;32;1274;788;1;ofd.yandex.ru
офд яндекс личный кабинет войти в личный кабинет;3000000;8;48;251;217;1;ofd.yandex.ru
офд яндекс личный кабинет;2000000;4;25;7337;3919;1;ofd.yandex.ru
офд яндекс личный кабинет вход;2000000;5;30;2237;812;1;ofd.yandex.ru
чек яндекс;578000;2;10;10633;162;1;ofd.yandex.ru
яндекс офд личный кабинет вход;2000000;5;30;2110;763;1;ofd.yandex.ru
яндекс офд;2000000;2;10;19162;8834;1;ofd.yandex.ru
проверка чека яндекс офд;2000000;4;24;188;138;1;ofd.yandex.ru
касса офд яндекс личный кабинет;446000;5;31;399;116;1;ofd.yandex.ru
яндекс офд лк;4000;3;13;187;124;1;ofd.yandex.ru
лк яндекс офд;2000000;3;13;197;129;1;ofd.yandex.ru
яндекс касса офд личный кабинет;2000000;5;31;392;121;1;ofd.yandex.ru
лк офд яндекс;1000000;3;13;197;129;1;ofd.yandex.ru
касса яндекс офд личный кабинет;2000000;5;31;389;118;1;ofd.yandex.ru
офд яндекс личный;2000000;3;17;7484;134;1;ofd.yandex.ru
офд яндекс лк;1000000;3;13;197;129;1;ofd.yandex.ru
яндекс офд вход в личный кабинет официальный сайт;3000000;8;49;133;130;1;ofd.yandex.ru
яндекс платформа офд личный кабинет;2000000;5;35;139;126;1;ofd.yandex.ru
яндекс офд личный;2000000;3;17;7055;136;1;ofd.yandex.ru
ofd yandex;167000;2;10;847;130;1;ofd.yandex.ru
яндекс касса личный кабинет;1000000;4;27;681;119;1;ofd.yandex.ru
yandex ofd;129000;2;10;847;130;1;ofd.yandex.ru
яндекс офд проверка чека;2000000;4;24;185;136;1;ofd.yandex.ru
яндекс jal;627000;2;10;114;97;1;ofd.yandex.ru
тарифы яндекс офд;1000000;3;17;68;43;1;ofd.yandex.ru
яндекс чеки;480000;2;11;10629;50;1;ofd.yandex.ru
проверить чек яндекс офд;2000000;4;24;68;55;1;ofd.yandex.ru
офд яндекс ру личный кабинет;3000000;5;28;60;47;1;ofd.yandex.ru
яндекс офд проверить чек;2000000;4;24;65;50;1;ofd.yandex.ru
чеки проверить;269000;2;14;28186;44;1;ofd.yandex.ru
ofd yandex ru;1000000;3;13;631;65;1;ofd.yandex.ru
яндекс офд техподдержка;378000;3;23;114;53;1;ofd.yandex.ru
техподдержка яндекс офд;1000000;3;23;121;59;1;ofd.yandex.ru
чеки яндекс;302000;2;11;10629;50;1;ofd.yandex.ru
офд яндекс вход;2000000;3;15;2365;79;1;ofd.yandex.ru
https ofd yandex ru;2000000;4;19;215;62;1;ofd.yandex.ru
оператор фискальных данных офд;1000000;4;30;550;45;1;ofd.yandex.ru
яндекс офд что это;2000000;4;18;129;59;1;ofd.yandex.ru
яндекс офд вход;2000000;3;15;2237;80;1;ofd.yandex.ru
яндекс офд личный кабинет вход по логину;2000000;7;40;79;42;1;ofd.yandex.ru
яндекс позвонить оператору;520000;3;26;3599;32;1;ofd.yandex.ru
яндекс касса офд;1000000;3;16;521;35;1;ofd.yandex.ru
yandex офд;1000000;2;10;93;37;1;ofd.yandex.ru
касса яндекс офд;229000;3;16;537;35;1;ofd.yandex.ru
яндекс офд касса;1000000;3;16;521;35;1;ofd.yandex.ru
офд яндекс личный кабинет вход по логину и паролю;2000000;9;49;35;33;1;ofd.yandex.ru
яндекс офд ру личный кабинет;2000000;5;28;53;41;1;ofd.yandex.ru
офд yandex;1000000;2;10;90;36;1;ofd.yandex.ru
офд яндекс купить;2000000;3;17;153;40;1;ofd.yandex.ru
касса офд яндекс;2000000;3;16;537;35;1;ofd.yandex.ru
купить яндекс офд;2000000;3;17;146;41;1;ofd.yandex.ru
яндекс офд тарифы;2000000;3;17;52;41;1;ofd.yandex.ru
оператор фискальных данных яндекс;1000000;4;33;59;33;1;ofd.yandex.ru
no reply ofd yandex ru;2000000;5;22;46;39;1;ofd.yandex.ru
яндекс офд купить;2000000;3;17;146;41;1;ofd.yandex.ru
офд яндекс ру;2000000;3;13;112;32;1;ofd.yandex.ru
яндекс од;422000;2;9;430;18;1;ofd.yandex.ru
ооо яндекс офд;2000000;3;14;74;21;1;ofd.yandex.ru
яндекс офд ру;1000000;3;13;94;23;1;ofd.yandex.ru
ofd yandex личный кабинет;670000;4;25;219;21;1;ofd.yandex.ru
яндекс офд что это такое;2000000;5;24;27;21;1;ofd.yandex.ru
кассы офд яндекс личный кабинет вход;2000000;6;36;277;18;1;ofd.yandex.ru
яндекс ofd;315000;2;10;59;30;1;ofd.yandex.ru
яндекс офд личный кабинет войти в личный;3000000;7;40;248;21;1;ofd.yandex.ru
яндекс офд личный кабинет вход по логину и паролю;2000000;9;49;29;27;1;ofd.yandex.ru
yandex ofd личный кабинет;688000;4;25;219;21;1;ofd.yandex.ru
яндекс оф;430000;2;9;1495;30;1;ofd.yandex.ru
яндекс офд это;2000000;3;14;168;29;1;ofd.yandex.ru
яндекс офд поддержка;2000000;3;20;57;20;1;ofd.yandex.ru
онлайн касса яндекс;817000;3;19;442;26;1;ofd.yandex.ru
ofd яндекс;399000;2;10;63;31;1;ofd.yandex.ru
од яндекс;503000;2;9;458;18;1;ofd.yandex.ru
яндекс офд цена;2000000;3;15;28;10;1;ofd.yandex.ru
яндекс овд;843000;2;10;39;11;1;ofd.yandex.ru
яндекс уфд личный кабинет;1000000;4;25;15;15;1;ofd.yandex.ru
лк офд яндекс личный кабинет вход;2000000;6;33;12;11;1;ofd.yandex.ru
https ofd yandex ru check;2000000;5;25;19;12;1;ofd.yandex.ru
яндекс платформа офд;8000;3;20;175;10;1;ofd.yandex.ru
найти чек онлайн по дате и сумме платежа;2000000;8;40;18;17;1;ofd.yandex.ru
ofd yandex ru check;1000000;4;19;36;14;1;ofd.yandex.ru
офд яндекс телефон техподдержки;2000000;4;31;41;16;1;ofd.yandex.ru
яндекс одф личный кабинет;927000;4;25;11;11;1;ofd.yandex.ru
яндекс офд горячая линия;2000000;4;24;43;18;1;ofd.yandex.ru
яндекс офд вход в личный кабинет клиента;89000;7;40;17;17;1;ofd.yandex.ru
лк яндекс офд личный кабинет;2000000;5;28;28;11;1;ofd.yandex.ru
вход в яндекс офд;2000000;4;17;1297;16;1;ofd.yandex.ru
яндекс проверка чека;522000;3;20;261;18;1;ofd.yandex.ru
офд яндекс цена;2000000;3;15;31;10;1;ofd.yandex.ru
яндекс офд оператор фискальных данных;2000000;5;37;18;5;1;ofd.yandex.ru
yandex офд личный кабинет;2000000;4;25;8;6;1;ofd.yandex.ru
яндекс овд личный кабинет;763000;4;25;6;6;1;ofd.yandex.ru
вход в лк яндекс офд;2000000;5;20;11;6;1;ofd.yandex.ru
яндекс офж;430000;2;10;9;6;1;ofd.yandex.ru
проверить товарный чек;437000;3;22;100;5;1;ofd.yandex.ru
ofd yandex ru lk;1000000;4;16;78;9;1;ofd.yandex.ru
яндекс офд стоимость;1000000;3;20;16;6;1;ofd.yandex.ru
офд яндекс вход в личный кабинет оператор фискальных данных;2000000;9;59;8;8;1;ofd.yandex.ru
yandex jal;101000;2;10;8;6;1;ofd.yandex.ru
kkt ofd yandex net;247000;4;18;19;9;1;ofd.yandex.ru
яндекс одф;381000;2;10;24;8;1;ofd.yandex.ru
яндекс офд чеки;2000000;3;15;500;5;1;ofd.yandex.ru
яндекс офд горячая линия техподдержка;868000;5;37;14;8;1;ofd.yandex.ru
платформа офд яндекс вход в личный кабинет;2000000;7;42;10;10;1;ofd.yandex.ru
ofd yandex ru вход в личный;2000000;6;27;181;4;1;ofd.yandex.ru
ofd yandex ru личный кабинет войти;2000000;6;34;10;2;1;ofd.yandex.ru
zyltrc xtr;12000;2;10;36;2;1;ofd.yandex.ru
войти в личный кабинет яндекс офд;2000000;6;33;261;3;1;ofd.yandex.ru
яндекс офд партнер;2000000;3;18;51;2;1;ofd.yandex.ru
яндекс офд поддержка телефон;2000000;4;28;4;2;1;ofd.yandex.ru
яндекс офд личный кабинет регистрация;708000;5;37;11;2;1;ofd.yandex.ru
яндекс чеки онлайн;2000000;3;18;83;4;1;ofd.yandex.ru
яндекс офд номер телефона;1000000;4;25;7;3;1;ofd.yandex.ru
яндекс офд телефон;2000000;3;18;62;3;1;ofd.yandex.ru
офд yandex ru;1000000;3;13;32;2;1;ofd.yandex.ru
яндекс офд техподдержка горячая линия 8800;1000000;6;42;6;4;1;ofd.yandex.ru
яндекс уфд;1000000;2;10;22;4;1;ofd.yandex.ru
kkt ofd yandex net личный кабинет;804000;6;33;2;2;1;ofd.yandex.ru
сегодняшний чек;292000;2;15;313;3;1;ofd.yandex.ru
яндекс офд телефон горячей линии;2000000;5;32;4;4;1;ofd.yandex.ru
яндекс офд личный кабинет по эцп;2000000;6;32;5;2;1;ofd.yandex.ru
проверить чек на подлинность;505000;4;28;1193;50;2;ofd.yandex.ru
все чеки онлайн;3000000;3;15;292;94;2;ofd.yandex.ru
найти чек по номеру;2000000;4;19;2063;304;2;ofd.yandex.ru
проверка чеков офд;1000000;3;18;2101;82;2;ofd.yandex.ru
проверка чека офд онлайн;3000000;4;24;235;142;2;ofd.yandex.ru
найти чек по ккт;1000000;4;16;119;56;2;ofd.yandex.ru
войти в яндекс офд;250000;4;18;246;0;1;ofd.yandex.ru
чек кассовый онлайн;1000000;3;19;2871;144;2;ofd.yandex.ru
зайти в яндекс офд;134000;4;18;24;0;1;ofd.yandex.ru
пробить чек;114000;2;11;54659;106;2;ofd.yandex.ru
оператор яндекса горячая;552000;3;24;1388;0;1;ofd.yandex.ru
доступ к яндекс офд;1000000;4;19;14;0;1;ofd.yandex.ru
как найти кассовый чек онлайн по номеру чека;2000000;8;44;77;70;2;ofd.yandex.ru
проверка офд чека;2000000;3;17;2097;629;2;ofd.yandex.ru
ofd yandex ru личный кабинет;2000000;5;28;192;1;1;ofd.yandex.ru
что такое яндекс офд;2000000;4;20;94;44;2;ofd.yandex.ru
чеки офд проверить;1000000;3;18;1355;17;2;ofd.yandex.ru
горячая линия яндекс офд;446000;4;24;39;19;2;ofd.yandex.ru
как найти чек по номеру;2000000;5;23;654;26;2;ofd.yandex.ru
яндекс офд техподдержка телефон;2000000;4;31;40;18;2;ofd.yandex.ru
поддержка яндекс офд;2000000;3;20;63;23;2;ofd.yandex.ru
офд яндекс техподдержка телефон;320000;4;31;41;18;2;ofd.yandex.ru
найти кассовый чек по номеру;2000000;5;28;215;34;2;ofd.yandex.ru
поиск чека по реквизитам;1000000;4;24;48;23;2;ofd.yandex.ru
найти чек в офд;252000;4;15;779;29;2;ofd.yandex.ru
найти чек по реквизитам;1000000;4;23;94;22;2;ofd.yandex.ru
проверить чек в офд;2000000;4;19;323;35;2;ofd.yandex.ru
оператора фискальных данных;2000000;3;27;4094;32;2;ofd.yandex.ru
как найти чек по номеру платежа;1000000;6;31;32;18;2;ofd.yandex.ru
чек по номеру;420000;3;13;8486;28;2;ofd.yandex.ru
офд чеки онлайн;2000000;3;15;641;42;2;ofd.yandex.ru
посмотреть чеки;590000;2;15;23627;17;2;ofd.yandex.ru
яндекс офд приложение;2000000;3;21;25;7;2;ofd.yandex.ru
яндекс офд справка служба поддержки;2000000;5;35;12;12;2;ofd.yandex.ru
оператор яндекс горячая линия;802000;4;29;1273;14;2;ofd.yandex.ru
яндекс офд оисм;194000;3;15;16;8;2;ofd.yandex.ru
чек офд проверка;1000000;3;16;1905;13;2;ofd.yandex.ru
офд для кассы;1000000;3;13;857;8;2;ofd.yandex.ru
яндекс офд телефон техподдержки;2000000;4;31;40;15;2;ofd.yandex.ru
яндекс касса личный кабинет войти в личный кабинет;2000000;8;50;21;13;2;ofd.yandex.ru
кассовый чек офд;214000;3;16;655;15;2;ofd.yandex.ru
сайт с чеками;2000000;3;13;1134;12;2;ofd.yandex.ru
найти кассовый чек онлайн;2000000;4;25;144;15;2;ofd.yandex.ru
яндекс офд данные;344000;3;17;86;15;2;ofd.yandex.ru
как проверить чек по номеру чека;924000;6;32;113;8;2;ofd.yandex.ru
кассовый чек онлайн найти;1000000;4;25;141;15;2;ofd.yandex.ru
чеки с магазинов;820000;3;16;12704;17;2;ofd.yandex.ru
сайт проверки чеков офд;98000;4;23;85;7;2;ofd.yandex.ru
проверить чек об оплате;1000000;4;23;65;1;2;ofd.yandex.ru
яндекс офд почта;516000;3;16;36;4;2;ofd.yandex.ru
яндекс опф;1000000;2;10;11;5;2;ofd.yandex.ru
яндекс касса личный кабинет вход;2000000;5;32;399;3;2;ofd.yandex.ru
офд поиск чека по дате и сумме;1000000;7;30;5;4;2;ofd.yandex.ru
офд чек онлайн найти;3000000;4;20;7;2;2;ofd.yandex.ru
поиск чека по дате и сумме;878000;6;26;34;6;2;ofd.yandex.ru
проверить чек офд по qr;2000000;5;23;24;5;2;ofd.yandex.ru
посмотреть чеки онлайн;2000000;3;22;1286;6;2;ofd.yandex.ru
яндекс касса личный кабинет войти в личный;2000000;7;42;21;4;2;ofd.yandex.ru
яндекс офд вход в лк;2000000;5;20;9;7;2;ofd.yandex.ru
чек по ккт;462000;3;10;1448;6;2;ofd.yandex.ru
ofd yandex ru вход в личный кабинет по паролю;3000000;9;45;3;3;2;ofd.yandex.ru
яндекс кассы личный кабинет;872000;4;27;681;6;2;ofd.yandex.ru
как проверить чек в офд;1000000;5;23;209;7;2;ofd.yandex.ru
проверить кассовый чек на подлинность онлайн;1000000;6;44;105;0;2;ofd.yandex.ru
офд проверка чека онлайн;2000000;4;24;235;142;3;ofd.yandex.ru
яндекс чек;169000;2;10;10633;162;3;ofd.yandex.ru
оператор фискальных данных;2000000;3;26;4094;520;3;ofd.yandex.ru
поиск чека онлайн;2000000;3;17;276;156;3;ofd.yandex.ru
проверить кассовый чек;522000;3;22;1473;195;3;ofd.yandex.ru
чек проверка;405000;2;12;59337;142;3;ofd.yandex.ru
ofd;27000;1;3;39120;2196;3;ofd.yandex.ru
поиск чека;1000000;2;10;2084;207;3;ofd.yandex.ru
офд касса;540000;2;9;13696;566;3;ofd.yandex.ru
найти чек в офд по дате и сумме;2000000;8;31;384;176;3;ofd.yandex.ru
чек проверить онлайн;2000000;3;20;4976;2238;3;ofd.yandex.ru
чеки;8000000;1;4;2287403;1463;3;ofd.yandex.ru
кассовый чек онлайн;1000000;3;19;3053;151;3;ofd.yandex.ru
касса офд;2000000;2;9;13526;553;3;ofd.yandex.ru
яндекс офд справки;1000000;3;18;61;0;2;ofd.yandex.ru
найти чек офд;1000000;3;13;1431;133;3;ofd.yandex.ru
как узнать по чеку что было куплено;1000000;7;35;67;36;3;ofd.yandex.ru
яндекс офд справка;2000000;3;18;55;41;3;ofd.yandex.ru
офд личный кабинет клиента;753000;4;26;1684;55;3;ofd.yandex.ru
чекм;5000;1;4;241;40;3;ofd.yandex.ru
проверка кассовых чеков;364000;3;23;2308;44;3;ofd.yandex.ru
проверить чек офд онлайн;3000000;4;24;126;38;3;ofd.yandex.ru
офд поиск чека;2000000;3;14;219;102;3;ofd.yandex.ru
офж;5000;1;3;380;48;3;ofd.yandex.ru
чек пробить;103000;2;11;51002;98;3;ofd.yandex.ru
проверка чека по номеру;654000;4;23;317;41;3;ofd.yandex.ru
найти офд чек;2000000;3;13;1423;122;3;ofd.yandex.ru
поиск чека офд;2000000;3;14;219;102;3;ofd.yandex.ru
офд проверить чек онлайн;2000000;4;24;126;38;3;ofd.yandex.ru
офд проверка чеков;1000000;3;18;2101;82;3;ofd.yandex.ru
офд найти чек;2000000;3;13;1431;133;3;ofd.yandex.ru
личный кабинет оператора фискальных данных офд;1000000;6;46;89;34;3;ofd.yandex.ru
проверить квитанцию по номеру;662000;4;29;208;13;3;ofd.yandex.ru
найти электронный чек по номеру транзакции;2000000;6;42;15;15;3;ofd.yandex.ru
можно ли по чеку узнать что покупалось;1000000;7;38;25;18;3;ofd.yandex.ru
офд кассовый чек;895000;3;16;628;14;3;ofd.yandex.ru
check ofd;159000;2;9;1448;17;3;ofd.yandex.ru
как найти чек по дате и сумме платежа;2000000;8;37;20;13;3;ofd.yandex.ru
можно ли найти чек в электронном виде по дате и сумме;3000000;11;53;28;25;3;ofd.yandex.ru
офд проверка кассового чека;2000000;4;27;38;18;3;ofd.yandex.ru
офл личный кабинет;707000;3;18;177;25;3;ofd.yandex.ru
чек по фпд найти;2000000;4;16;70;15;3;ofd.yandex.ru
яндекс онлайн касса;283000;3;19;403;26;3;ofd.yandex.ru
найти чек по дате и сумме платежа;2000000;7;33;97;25;3;ofd.yandex.ru
проверка зн ккт;574000;3;15;57;14;3;ofd.yandex.ru
офд найти чек по дате и сумме платежа;2000000;8;37;34;20;3;ofd.yandex.ru
офд кассы;2000000;2;9;13696;28;3;ofd.yandex.ru
найти фискальный чек;1000000;3;20;274;13;3;ofd.yandex.ru
офд посмотреть чек;120000;3;18;823;6;3;ofd.yandex.ru
поиск чеков в офд;2000000;4;17;18;7;3;ofd.yandex.ru
поиск чека по ккт;2000000;4;17;12;9;3;ofd.yandex.ru
проверка чека по реквизитам;319000;4;27;20;7;3;ofd.yandex.ru
как найти фискальный чек;2000000;4;24;85;8;3;ofd.yandex.ru
как узнать чек покупки;439000;4;22;201;7;3;ofd.yandex.ru
как проверить чек онлайн кассы на сайте офд;3000000;8;43;11;11;3;ofd.yandex.ru
как зайти в личный кабинет офд яндекс;2000000;7;37;9;9;3;ofd.yandex.ru
проверка товарного чека;432000;3;23;51;10;3;ofd.yandex.ru
найти чек по номеру квитанции;2000000;5;29;33;7;3;ofd.yandex.ru
найти чек офд по дате и сумме;2000000;7;29;424;12;3;ofd.yandex.ru
проверка фискальных чеков;325000;3;25;292;11;3;ofd.yandex.ru
проверка чека в офд;1000000;4;19;69;7;3;ofd.yandex.ru
найти электронный чек за покупку;1000000;5;32;30;9;3;ofd.yandex.ru
проверить квитанцию;911000;2;19;2147;12;3;ofd.yandex.ru
мои чеки яндекс;1000000;3;15;195;5;3;ofd.yandex.ru
найти чек по номеру документа;2000000;5;29;7;0;3;ofd.yandex.ru
проверить товарный чек онлайн;654000;4;29;1;1;3;ofd.yandex.ru
пробить чек по номеру;341000;4;21;66;4;3;ofd.yandex.ru
проверка чеков ккт;413000;3;18;430;1;3;ofd.yandex.ru
база офд чеков;2000000;3;14;14;3;3;ofd.yandex.ru
определить чек;92000;2;14;3195;1;3;ofd.yandex.ru
поиск по чеку;1000000;3;13;744;5;3;ofd.yandex.ru
проверить чек на возврат;9000;4;24;121;4;3;ofd.yandex.ru
пробивка чека;83000;2;13;197;5;3;ofd.yandex.ru
поиск фискального чека;298000;3;22;16;3;3;ofd.yandex.ru
поиск кассового чека;1000000;3;20;36;5;3;ofd.yandex.ru
узнать номер чека онлайн;2000000;4;24;53;5;3;ofd.yandex.ru
проверочка чеки;67000;2;15;4;1;3;ofd.yandex.ru
яндекс офд шаг 4;2000000;4;16;4;4;3;ofd.yandex.ru
проверить чек по номеру документа;1000000;5;33;35;5;3;ofd.yandex.ru
проверка чека онлайн ккт;2000000;4;24;8;0;3;ofd.yandex.ru
чек офд;2000000;2;7;21352;459;4;ofd.yandex.ru
проверка чека офд;2000000;3;17;2097;629;4;ofd.yandex.ru
проверить чек онлайн;2000000;3;20;5458;2513;4;ofd.yandex.ru
найти чек;1000000;2;9;39958;589;4;ofd.yandex.ru
онлайн чеки;1000000;2;11;75605;1804;4;ofd.yandex.ru
офд чек;1000000;2;7;22569;509;4;ofd.yandex.ru
как узнать чек;594000;3;14;5554;0;3;ofd.yandex.ru
чек онлайн проверить;2000000;3;20;4976;2238;4;ofd.yandex.ru
пробить кассовый чек онлайн;1000000;4;27;29;0;3;ofd.yandex.ru
офд проверка чека;2000000;3;17;2097;629;4;ofd.yandex.ru
как проверить чек на подлинность онлайн номер чека;2000000;8;50;1;0;3;ofd.yandex.ru
проверить подлинность чека онлайн;2000000;4;33;276;0;3;ofd.yandex.ru
чек найти;589000;2;9;38453;532;4;ofd.yandex.ru
офд;16000000;1;3;464609;33062;4;ofd.yandex.ru
яндекс офд данные для регистрации;3000000;5;33;1;0;3;ofd.yandex.ru
найти чек онлайн;311000;3;16;2885;447;4;ofd.yandex.ru
чеки проверка онлайн;2000000;3;20;15719;68;4;ofd.yandex.ru
чек офд проверка чека;2000000;4;21;1905;111;4;ofd.yandex.ru
чеки офд;2000000;2;8;21352;272;4;ofd.yandex.ru
офд личный кабинет партнера;2000000;4;27;1113;91;4;ofd.yandex.ru
кассовый чек онлайн проверить;2000000;4;29;465;182;4;ofd.yandex.ru
чеки онлайн проверка;2000000;3;20;15719;68;4;ofd.yandex.ru
сайт офд;3000000;2;8;4381;363;4;ofd.yandex.ru
кассовый чек проверить;458000;3;22;1492;198;4;ofd.yandex.ru
офд проверить чек;2000000;3;17;1420;315;4;ofd.yandex.ru
проверка чек;403000;2;12;62974;154;4;ofd.yandex.ru
офд сайт;2000000;2;8;4493;378;4;ofd.yandex.ru
проверить чек офд;2000000;3;17;1420;315;4;ofd.yandex.ru
ghjdthbnm xtr;9000;2;13;212;79;4;ofd.yandex.ru
офд чеки;2000000;2;8;22569;301;4;ofd.yandex.ru
офд личный;836000;2;10;166402;428;4;ofd.yandex.ru
офд официальный сайт;2000000;3;20;2533;67;4;ofd.yandex.ru
фискальный чек проверить;466000;3;24;187;34;4;ofd.yandex.ru
офд личный кабинет официальный сайт;2000000;5;35;929;42;4;ofd.yandex.ru
сайт оператора фискальных данных;3000000;4;32;146;44;4;ofd.yandex.ru
найти кассовый чек;1000000;3;18;1448;40;4;ofd.yandex.ru
проверить чеки;418000;2;14;29810;43;4;ofd.yandex.ru
проверить фискальный чек;457000;3;24;203;38;4;ofd.yandex.ru
скан чека онлайн;1000000;3;16;148;50;4;ofd.yandex.ru
как проверить кассовый чек на подлинность через интернет;1000000;8;56;80;43;4;ofd.yandex.ru
проверка чека онлайн бесплатно;2000000;4;30;1172;48;4;ofd.yandex.ru
офд официальный сайт личный кабинет;401000;5;35;929;42;4;ofd.yandex.ru
все чеки;3000000;2;8;18724;53;4;ofd.yandex.ru
онлайн проверка чека бесплатно;2000000;4;30;1192;50;4;ofd.yandex.ru
ofd проверка чека;256000;3;17;279;38;4;ofd.yandex.ru
офд оператор фискальных данных;2000000;4;30;550;45;4;ofd.yandex.ru
кассы офд личный кабинет;797000;4;24;3994;66;4;ofd.yandex.ru
проверка ккт онлайн;2000000;3;19;123;30;4;ofd.yandex.ru
офд партнер;2000000;2;11;1770;19;4;ofd.yandex.ru
офд портал;1000000;2;10;77;20;4;ofd.yandex.ru
чек посмотреть;478000;2;14;23207;22;4;ofd.yandex.ru
посмотреть чек;510000;2;14;23628;20;4;ofd.yandex.ru
чеки из магазинов;913000;3;17;6625;21;4;ofd.yandex.ru
как по чеку узнать с какой карты была оплата;1000000;9;44;23;20;4;ofd.yandex.ru
кассы офд;2000000;2;9;13526;27;4;ofd.yandex.ru
личный кабинет jal ru;2000000;4;21;22;22;4;ofd.yandex.ru
чеки проверка;370000;2;13;59332;25;4;ofd.yandex.ru
портал офд;1000000;2;10;77;20;4;ofd.yandex.ru
как по чеку узнать что купил;827000;6;28;161;29;4;ofd.yandex.ru
проверка чеки;276000;2;13;59332;25;4;ofd.yandex.ru
сайт чека;2000000;2;9;17946;20;4;ofd.yandex.ru
как по чеку узнать адрес магазина;1000000;6;33;60;24;4;ofd.yandex.ru
поиск чека по номеру;1000000;4;20;175;30;4;ofd.yandex.ru
как узнать по чеку с какой карты была оплата;1000000;9;44;23;19;4;ofd.yandex.ru
проверка чека на подлинность онлайн;2000000;5;35;143;11;4;ofd.yandex.ru
как найти кассовый чек онлайн;2000000;5;29;111;13;4;ofd.yandex.ru
где посмотреть чеки;1000000;3;19;9966;15;4;ofd.yandex.ru
как проверить электронный чек на подлинность;581000;6;44;21;13;4;ofd.yandex.ru
проверить чек ккт;724000;3;17;165;14;4;ofd.yandex.ru
электронный чек найти по номеру;2000000;5;31;49;12;4;ofd.yandex.ru
как найти чек по дате и сумме;2000000;7;29;257;18;4;ofd.yandex.ru
офд я проверка чека;1000000;4;19;16;14;4;ofd.yandex.ru
яндекс касса официальный сайт;2000000;4;29;33;15;4;ofd.yandex.ru
проверить фискальный чек онлайн;792000;4;31;20;14;4;ofd.yandex.ru
проверка чека по ккт;471000;4;20;52;18;4;ofd.yandex.ru
ккм офд личный кабинет;1000000;4;22;31;16;4;ofd.yandex.ru
проверка электронного чека;735000;3;26;175;13;4;ofd.yandex.ru
проверка чека онлайн по номеру чека;2000000;6;35;22;15;4;ofd.yandex.ru
услуга офд;373000;2;10;769;18;4;ofd.yandex.ru
проверка электронных чеков;456000;3;26;181;11;4;ofd.yandex.ru
сайт для проверки чека;2000000;4;22;124;7;4;ofd.yandex.ru
как найти чек в интернете;1000000;5;25;50;8;4;ofd.yandex.ru
фискальный оператор;133000;2;19;4065;9;4;ofd.yandex.ru
офд оператор фискальных данных личный кабинет;1000000;6;45;89;8;4;ofd.yandex.ru
просмотр чека онлайн;1000000;3;20;21;8;4;ofd.yandex.ru
проверить номер чека;675000;3;20;948;7;4;ofd.yandex.ru
чек ккм проверить онлайн;1000000;4;24;25;10;4;ofd.yandex.ru
проверить чек по реквизитам;547000;4;27;19;9;4;ofd.yandex.ru
найти чек по идентификатору платежа;854000;5;35;18;10;4;ofd.yandex.ru
чеки с магазина;982000;3;15;12704;8;4;ofd.yandex.ru
как проверить товарный чек на подлинность;329000;6;41;15;10;4;ofd.yandex.ru
офд я проверить чек;2000000;4;19;18;10;4;ofd.yandex.ru
проверка квитанции;639000;2;18;935;7;4;ofd.yandex.ru
ofd касса;653000;2;9;249;10;4;ofd.yandex.ru
посмотреть чек онлайн;2000000;3;21;1286;11;4;ofd.yandex.ru
найти чек офд по номеру чека;2000000;6;28;76;7;4;ofd.yandex.ru
как проверить чек по номеру транзакции;917000;6;38;7;4;4;ofd.yandex.ru
как проверить чек по ккт;773000;5;24;11;5;4;ofd.yandex.ru
проверка товарного чека онлайн;1000000;4;30;8;6;4;ofd.yandex.ru
поиск электронного чека;222000;3;23;25;5;4;ofd.yandex.ru
узнать чек;629000;2;10;7578;5;4;ofd.yandex.ru
как можно проверить чек;1000000;4;23;160;4;4;ofd.yandex.ru
где посмотреть чек;1000000;3;18;9518;7;4;ofd.yandex.ru
как проверить возврат денег по чеку;947000;6;35;13;6;4;ofd.yandex.ru
поиск чека в офд;2000000;4;16;18;6;4;ofd.yandex.ru
проверить чек по ссылке;912000;4;23;53;5;4;ofd.yandex.ru
чеки сегодняшнего дня;4000000;3;21;162;7;4;ofd.yandex.ru
как посмотреть пробитые чеки по кассовому аппарату;729000;7;50;9;7;4;ofd.yandex.ru
доступ к офд;1000000;3;12;172;4;4;ofd.yandex.ru
чек по реквизитам распечатать кассовый чек;161000;6;42;10;6;4;ofd.yandex.ru
проверка ккм;225000;2;12;505;7;4;ofd.yandex.ru
услуги офд для кассовых аппаратов;1000000;5;33;19;3;4;ofd.yandex.ru
проверить чек онлайн ккт;2000000;4;24;26;1;4;ofd.yandex.ru
проверка чека по qr коду онлайн по фото бесплатно и без регистрации;3000000;12;67;4;2;4;ofd.yandex.ru
проверка чека по ссылке;785000;4;23;17;3;4;ofd.yandex.ru
проверить электронный чек онлайн;1000000;4;32;10;2;4;ofd.yandex.ru
просмотр чека;1000000;2;13;541;2;4;ofd.yandex.ru
чек покупки онлайн;2000000;3;18;900;1;4;ofd.yandex.ru
проверка чеков гостиниц;318000;3;23;115;3;4;ofd.yandex.ru
чек читать;690000;2;10;1137;2;4;ofd.yandex.ru
оператор фискальный данных;2000000;3;26;4094;3;4;ofd.yandex.ru
читать чек;719000;2;10;1137;2;4;ofd.yandex.ru
проверенные чеки;977000;2;16;28931;3;4;ofd.yandex.ru
открыть чек онлайн;2000000;3;18;207;3;4;ofd.yandex.ru
проверка чека на сайте офд;2000000;5;26;10;2;4;ofd.yandex.ru
найти чек по дате и времени;2000000;6;27;9;3;4;ofd.yandex.ru
оператор фискальных;141000;2;19;4286;3;4;ofd.yandex.ru
чек в электронном виде где посмотреть;1000000;6;37;17;1;4;ofd.yandex.ru
оператор офд;2000000;2;12;1818;128;5;ofd.yandex.ru
чеки онлайн;1000000;2;11;71743;1719;5;ofd.yandex.ru
офд узнать чек;2000000;3;14;147;0;4;ofd.yandex.ru
как проверить чек;412000;3;17;7964;228;5;ofd.yandex.ru
проверка чека онлайн;1000000;3;20;16944;7841;5;ofd.yandex.ru
онлайн кассовый чек;1000000;3;19;2994;149;5;ofd.yandex.ru
отследить чек;36000;2;13;3685;1;4;ofd.yandex.ru
найти свой чек;1000000;3;14;592;0;4;ofd.yandex.ru
проверка чеков ккт онлайн;941000;4;25;8;0;4;ofd.yandex.ru
проверка чека;391000;2;13;62969;5545;5;ofd.yandex.ru
проверки чеков онлайн;2000000;3;21;16207;1;4;ofd.yandex.ru
проверка чека онлайн по ккт;841000;5;27;8;0;4;ofd.yandex.ru
проверка чека на подлинность;331000;4;28;478;174;5;ofd.yandex.ru
проверка чека ккм онлайн;2000000;4;24;3;0;4;ofd.yandex.ru
получить чек по номеру;1000000;4;22;420;1;4;ofd.yandex.ru
check ofd ru;2000000;3;12;1523;121;5;ofd.yandex.ru
кассовый чек найти;1000000;3;18;1346;41;5;ofd.yandex.ru
сайт офд проверить чек;3000000;4;22;112;50;5;ofd.yandex.ru
онлайн касса офд личный кабинет;2000000;5;31;817;61;5;ofd.yandex.ru
найти чек по номеру чека;2000000;5;24;2063;49;5;ofd.yandex.ru
скачать чек офд;204000;3;15;318;53;5;ofd.yandex.ru
офд чек онлайн;2000000;3;14;708;42;5;ofd.yandex.ru
проверить чеки онлайн;2000000;3;21;5458;76;5;ofd.yandex.ru
проверка чек онлайн;2000000;3;19;16944;57;5;ofd.yandex.ru
официальный сайт офд;2000000;3;20;2533;67;5;ofd.yandex.ru
чек проверка онлайн;2000000;3;19;15719;50;5;ofd.yandex.ru
проверка фискального чека;295000;3;25;292;76;5;ofd.yandex.ru
личный кабинет уфд;1000000;3;18;328;68;5;ofd.yandex.ru
электронный чек найти;2000000;3;21;4127;49;5;ofd.yandex.ru
как проверить кассовый чек;339000;4;26;440;65;5;ofd.yandex.ru
поиск чека по номеру чека;1000000;5;25;175;88;5;ofd.yandex.ru
войти в личный кабинет офд;3000000;5;26;2772;37;5;ofd.yandex.ru
proverkacheka;4000;1;13;180;19;5;ofd.yandex.ru
сайт офд найти чек об оплате;2000000;6;28;23;21;5;ofd.yandex.ru
проверить чек на подлинность онлайн;1000000;5;35;259;26;5;ofd.yandex.ru
офл личный кабинет вход;1000000;4;23;21;20;5;ofd.yandex.ru
яндекс od;432000;2;9;47;25;5;ofd.yandex.ru
кассовый чек приход что это значит от яндекс;4000;8;44;21;19;5;ofd.yandex.ru
как найти кассовый чек;1000000;4;22;597;33;5;ofd.yandex.ru
как найти чек по номеру чека;2000000;6;28;603;25;5;ofd.yandex.ru
подключить офд;1000000;2;14;1213;26;5;ofd.yandex.ru
как проверить чеки на подлинность;576000;5;33;783;22;5;ofd.yandex.ru
проверить электронный чек;94000;3;25;289;33;5;ofd.yandex.ru
online check;2000000;2;12;8652;27;5;ofd.yandex.ru
посмотреть чек по номеру;771000;4;24;227;20;5;ofd.yandex.ru
чек по номеру транзакции;472000;4;24;356;26;5;ofd.yandex.ru
проверить чек по номеру;977000;4;23;713;33;5;ofd.yandex.ru
как проверить чек онлайн;2000000;4;24;319;18;5;ofd.yandex.ru
пробить чек онлайн;2000000;3;18;2031;12;5;ofd.yandex.ru
кассовый чек проверка;240000;3;21;2340;14;5;ofd.yandex.ru
овд личный кабинет вход;234000;4;23;34;15;5;ofd.yandex.ru
сайт офд найти чек;2000000;4;18;88;14;5;ofd.yandex.ru
проверить офд;1000000;2;13;2598;15;5;ofd.yandex.ru
скан чека онлайн бесплатно;2000000;4;26;36;13;5;ofd.yandex.ru
ofd чек;164000;2;7;2064;17;5;ofd.yandex.ru
фискальный чек онлайн;2000000;3;21;298;15;5;ofd.yandex.ru
промокод яндекс офд;1000000;3;19;71;17;5;ofd.yandex.ru
как найти свой чек в электронном виде;2000000;7;37;223;14;5;ofd.yandex.ru
как проверить чеки;446000;3;18;7963;18;5;ofd.yandex.ru
получить чек офд;5000;3;16;325;17;5;ofd.yandex.ru
найти чек по фпд;1000000;4;16;62;13;5;ofd.yandex.ru
посмотреть чеки в офд;2000000;4;21;530;17;5;ofd.yandex.ru
сайт чеков;2000000;2;10;16972;18;5;ofd.yandex.ru
информация по чеку;1000000;3;18;774;12;5;ofd.yandex.ru
проверить чек по куар коду онлайн бесплатно без регистрации;3000000;9;59;11;9;5;ofd.yandex.ru
проверить чек ккм онлайн;2000000;4;24;29;10;5;ofd.yandex.ru
найти чек по фп;1000000;4;15;39;11;5;ofd.yandex.ru
проверки чека онлайн;1000000;3;20;16208;10;5;ofd.yandex.ru
распознавание чеков онлайн;1000000;3;26;15;10;5;ofd.yandex.ru
проверка чека ккм;32000;3;17;81;9;5;ofd.yandex.ru
найти электронный чек по номеру;2000000;5;31;55;11;5;ofd.yandex.ru
восстановить кассовый чек онлайн по номеру;2000000;6;42;11;11;5;ofd.yandex.ru
проверка электронного чека онлайн;2000000;4;33;14;11;5;ofd.yandex.ru
проверка чека онлайн по коду;1000000;5;28;3064;10;5;ofd.yandex.ru
проверка чека ккт;627000;3;17;428;12;5;ofd.yandex.ru
офсд личный кабинет;668000;3;19;12;11;5;ofd.yandex.ru
как проверить чек по номеру;685000;5;27;125;9;5;ofd.yandex.ru
где посмотреть свои чеки;1000000;4;24;67;11;5;ofd.yandex.ru
найти чек на сайте;2000000;4;18;1174;12;5;ofd.yandex.ru
как получить фискальный чек по номеру транзакции;1000000;7;48;9;8;5;ofd.yandex.ru
как найти чек в электронном виде;1000000;6;32;254;5;5;ofd.yandex.ru
где можно посмотреть чеки ккм онлайн;3000000;6;36;7;5;5;ofd.yandex.ru
проверка кассового чека онлайн по штрих коду;2000000;7;44;42;7;5;ofd.yandex.ru
где проверить чек;1000000;3;17;298;5;5;ofd.yandex.ru
проверить кассовый чек на подлинность;445000;5;37;236;6;5;ofd.yandex.ru
распознать чек онлайн;1000000;3;21;16;5;5;ofd.yandex.ru
проверить чек по ккт;748000;4;20;37;7;5;ofd.yandex.ru
проверка чека по ккт и фн;755000;6;25;7;7;5;ofd.yandex.ru
проверка чеков на подлинность;306000;4;29;478;7;5;ofd.yandex.ru
проверить чек онлайн по коду;2000000;5;28;571;5;5;ofd.yandex.ru
как найти электронный чек на покупку в магазине;2000000;8;47;15;8;5;ofd.yandex.ru
сайт для проверки чеков онлайн;3000000;5;30;7;7;5;ofd.yandex.ru
офд личный кабинет телефон техподдержки;3000000;5;39;9;5;5;ofd.yandex.ru
найти чек на сайте офд;2000000;5;22;27;7;5;ofd.yandex.ru
проверка чека по коду авторизации;473000;5;33;14;8;5;ofd.yandex.ru
сервис проверки кассового чека;449000;4;30;60;5;5;ofd.yandex.ru
проверка чека офд по qr коду онлайн;2000000;7;35;1;1;5;ofd.yandex.ru
распознавание чека онлайн;2000000;3;25;15;3;5;ofd.yandex.ru
t jal;576000;2;5;31;4;5;ofd.yandex.ru
портал чека;431000;2;11;262;2;5;ofd.yandex.ru
офд чеки проверка;2000000;3;17;1968;3;5;ofd.yandex.ru
распечатать чек онлайн по номеру;1000000;5;32;8;1;5;ofd.yandex.ru
услуги оператора фискальных данных;970000;4;34;159;4;5;ofd.yandex.ru
чека онлайн;1000000;2;11;71743;3;5;ofd.yandex.ru
получить электронный чек по реквизитам;1000000;5;38;5;4;5;ofd.yandex.ru
проверить чек онлайн кассы;2000000;4;26;152;3;5;ofd.yandex.ru
проверка подлинности чека онлайн;983000;4;32;155;5;5;ofd.yandex.ru
пробить чеки;101000;2;12;54659;4;5;ofd.yandex.ru
оператор ккт;1000000;2;12;161;2;5;ofd.yandex.ru
найти чек по ссылке;76000;4;19;70;4;5;ofd.yandex.ru
проверить бсо по номеру;118000;4;23;5;5;5;ofd.yandex.ru
проверить кассовый чек на сайте;2000000;5;31;233;1;5;ofd.yandex.ru
проверка чека по qr онлайн;2000000;5;26;3018;173;6;ofd.yandex.ru
проверка кассового чека;392000;3;23;2305;299;6;ofd.yandex.ru
как проверить подлинность чеков;525000;4;31;1000;0;5;ofd.yandex.ru
проверка кассового чека онлайн;1000000;4;30;652;272;6;ofd.yandex.ru
проверить чек на сайте офд онлайн;1000000;6;33;11;0;5;ofd.yandex.ru
щав;3000;1;3;2221;204;6;ofd.yandex.ru
сканер чека онлайн бесплатно без регистрации;3000000;6;44;3;0;5;ofd.yandex.ru
посмотреть чек на сайте;154000;4;23;233;0;5;ofd.yandex.ru
промокоды яндекс офд;2000000;3;20;71;0;5;ofd.yandex.ru
чек онлайн найти;2000000;3;16;2864;435;6;ofd.yandex.ru
как узнать кассовый аппарат по чеку;579000;6;35;6;0;5;ofd.yandex.ru
подключиться к офд;101000;3;18;99;0;5;ofd.yandex.ru
проверка чека онлайн на сайте;3000000;5;29;1121;220;6;ofd.yandex.ru
офд личный кабинет клиента вход;2000000;5;31;706;0;5;ofd.yandex.ru
фискальный оператор онлайн кассы;2000000;4;32;38;1;5;ofd.yandex.ru
проверить кассовый чек онлайн;2000000;4;29;458;171;6;ofd.yandex.ru
проверка чека онлайн сканер;2000000;4;27;76;37;6;ofd.yandex.ru
найти электронный чек;1000000;3;21;4186;53;6;ofd.yandex.ru
сканер чеков онлайн;1000000;3;19;325;97;6;ofd.yandex.ru
сервис проверки чеков;2000000;3;21;364;53;6;ofd.yandex.ru
проверить чек по номеру чека;888000;5;28;713;87;6;ofd.yandex.ru
поиск чеков;2000000;2;11;2080;39;6;ofd.yandex.ru
вход офд;2000000;2;8;39448;138;6;ofd.yandex.ru
войти в офд в личный кабинет;2000000;6;28;2729;92;6;ofd.yandex.ru
одф личный кабинет;713000;3;18;358;125;6;ofd.yandex.ru
проверка чека по номеру чека;775000;5;28;317;80;6;ofd.yandex.ru
как найти чек в офд по дате и сумме;3000000;9;35;197;150;6;ofd.yandex.ru
офд оператор;1000000;2;12;1818;128;6;ofd.yandex.ru
чек онлайн проверка;2000000;3;19;15719;50;6;ofd.yandex.ru
яндекс касса вход в личный кабинет;2000000;6;34;373;113;6;ofd.yandex.ru
как проверить чек на подлинность;553000;5;32;783;164;6;ofd.yandex.ru
офд лк партнера;1000000;3;15;363;35;6;ofd.yandex.ru
проверить чек онлайн по ссылке;2000000;5;30;20;15;6;ofd.yandex.ru
как проверить чек на подлинность онлайн;1000000;6;39;102;17;6;ofd.yandex.ru
проверить чек по фд;421000;4;19;38;23;6;ofd.yandex.ru
проверить чек онлайн на сайте;3000000;5;29;915;17;6;ofd.yandex.ru
проверка чека онлайн по фото;2000000;5;28;100;19;6;ofd.yandex.ru
яндекс офд промокод;2000000;3;19;66;17;6;ofd.yandex.ru
проверка чека ком;840000;3;17;99;29;6;ofd.yandex.ru
проверка чека рф;1000000;3;16;85;21;6;ofd.yandex.ru
офд подключить;1000000;2;14;1213;26;6;ofd.yandex.ru
как найти чеки;1000000;3;14;14947;18;6;ofd.yandex.ru
проверить чек на сайте;2000000;4;22;2457;32;6;ofd.yandex.ru
как найти чек онлайн;2000000;4;20;1336;28;6;ofd.yandex.ru
офд войти;442000;2;9;5835;17;6;ofd.yandex.ru
как посмотреть чек;677000;3;18;11121;24;6;ofd.yandex.ru
поиск чеков онлайн;2000000;3;18;276;33;6;ofd.yandex.ru
проверить подлинность чека;464000;3;26;1477;15;6;ofd.yandex.ru
кассовый чек онлайн бесплатно;2000000;4;29;445;7;6;ofd.yandex.ru
проверить зн ккт;38000;3;16;32;8;6;ofd.yandex.ru
проверка чека по коду онлайн;2000000;5;28;3149;11;6;ofd.yandex.ru
проверка чека по куар коду на подлинность онлайн бесплатно;2000000;9;58;8;8;6;ofd.yandex.ru
сканер чека онлайн бесплатно;2000000;4;28;40;10;6;ofd.yandex.ru
фискальные данные личный кабинет;2000000;4;32;667;7;6;ofd.yandex.ru
чеки с магазинов за сегодня;2000000;5;27;61;13;6;ofd.yandex.ru
ofd чеки;79000;2;8;1980;11;6;ofd.yandex.ru
поиск чека по фпд;1000000;4;17;18;12;6;ofd.yandex.ru
сервис для проверки чеков;902000;4;25;93;9;6;ofd.yandex.ru
проверка ккт по зн;698000;4;18;17;13;6;ofd.yandex.ru
проверка чека на сайте;80000;4;22;2905;12;6;ofd.yandex.ru
можно ли найти чек по дате и сумме;2000000;8;34;37;7;6;ofd.yandex.ru
как проверить товарный чек;531000;4;26;56;12;6;ofd.yandex.ru
чек проверить по коду;777000;4;21;1690;14;6;ofd.yandex.ru
можно ли найти чек по номеру транзакции;2000000;7;39;9;7;6;ofd.yandex.ru
как можно найти чек;2000000;4;19;217;1;6;ofd.yandex.ru
проверка чека онлайн по коду авторизации;2000000;6;40;1;1;6;ofd.yandex.ru
скан чека онлайн бесплатно по qr;1000000;6;32;15;3;6;ofd.yandex.ru
кассовый чек проверить на сайте;2000000;5;31;207;1;6;ofd.yandex.ru
кассовый чек проверить и распечатать;389000;5;36;4;2;6;ofd.yandex.ru
сканирование чека онлайн бесплатно;2000000;4;34;11;1;6;ofd.yandex.ru
проверка чека самозанятого по номеру;543000;5;36;35;4;6;ofd.yandex.ru
найти чек по штрих коду онлайн бесплатно;3000000;7;40;3;3;6;ofd.yandex.ru
найти чек по фд и дате;2000000;6;22;16;4;6;ofd.yandex.ru
найти чек по номеру фд онлайн;2000000;6;29;3;2;6;ofd.yandex.ru
как найти чек на офд;2000000;5;20;34;4;6;ofd.yandex.ru
яндекс офд скачать приложение;963000;4;29;6;4;6;ofd.yandex.ru
оператор кассы;88000;2;14;995;1;6;ofd.yandex.ru
как найти адрес магазина по чеку;2000000;6;32;8;3;6;ofd.yandex.ru
проверка чека по фн и инн;873000;6;25;10;4;6;ofd.yandex.ru
проверить кассовый чек по коду;273000;5;30;132;1;6;ofd.yandex.ru
чек по фд найти номеру;2000000;5;22;283;257;7;ofd.yandex.ru
проверить чек;533000;2;13;29814;2145;7;ofd.yandex.ru
проверка чека com;1000000;3;17;17;0;6;ofd.yandex.ru
проверка чеков;381000;2;14;61943;1834;7;ofd.yandex.ru
как найти чек онлайн покупки;96000;5;28;33;0;6;ofd.yandex.ru
офд личный кабинет войти в личный кабинет;2000000;7;41;2650;512;7;ofd.yandex.ru
проверка чека онлайн по штрих коду кассового чека бесплатно без регистрации;3000000;11;75;4;1;6;ofd.yandex.ru
проверить чек без фп;506000;4;20;18;0;6;ofd.yandex.ru
сайт для проверки кассовых чеков;2000000;5;32;1;0;6;ofd.yandex.ru
офд личный кабинет;2000000;3;18;163054;46079;7;ofd.yandex.ru
найти чек по инн продавца;1000000;5;25;5;1;6;ofd.yandex.ru
проверка чека онлайн скачать;2000000;4;28;9;0;6;ofd.yandex.ru
проверка чеков онлайн;1000000;3;21;16943;1048;7;ofd.yandex.ru
проверить чеки онлайн по коду;2000000;5;29;571;0;6;ofd.yandex.ru
проверить чеков;466000;2;15;29874;1;6;ofd.yandex.ru
проверить чек по qr онлайн;2000000;5;26;548;145;7;ofd.yandex.ru
проверка фискального чека онлайн;1000000;4;32;48;32;7;ofd.yandex.ru
офд войти в личный кабинет;3000000;5;26;2804;39;7;ofd.yandex.ru
офд касса вход в личный кабинет;2000000;6;31;1066;49;7;ofd.yandex.ru
войти в офд личный кабинет;3000000;5;26;2754;37;7;ofd.yandex.ru
как проверить подлинность чека;563000;4;30;1000;39;7;ofd.yandex.ru
яндекс al;553000;2;9;580;36;7;ofd.yandex.ru
сканировать чек онлайн;1000000;3;22;177;76;7;ofd.yandex.ru
проверка чека по qr коду онлайн по фото;2000000;8;39;66;46;7;ofd.yandex.ru
личный кабинет кассы офд;2000000;4;24;4031;59;7;ofd.yandex.ru
ofd ru проверка чека;1000000;4;20;215;39;7;ofd.yandex.ru
личный кабинет офд партнера;304000;4;27;992;82;7;ofd.yandex.ru
кассовый чек проверка онлайн;2000000;4;28;671;70;7;ofd.yandex.ru
найти чек по фпд онлайн;2000000;5;23;38;36;7;ofd.yandex.ru
сканер чека онлайн;1000000;3;18;326;59;7;ofd.yandex.ru
чек проверить онлайн по qr;2000000;5;26;522;137;7;ofd.yandex.ru
сайт проверки чеков;2000000;3;19;3959;32;7;ofd.yandex.ru
проверка чеков онлайн на сайте;3000000;5;30;1121;16;7;ofd.yandex.ru
распечатать чек по номеру;456000;4;25;289;17;7;ofd.yandex.ru
проверка чека по куар коду онлайн;2000000;6;33;63;22;7;ofd.yandex.ru
как посмотреть электронный чек из магазина;1000000;6;42;86;17;7;ofd.yandex.ru
можно ли найти чек в электронном виде;2000000;7;37;59;18;7;ofd.yandex.ru
проверка подлинности чека;296000;3;25;561;16;7;ofd.yandex.ru
скан чеков онлайн;2000000;3;17;148;27;7;ofd.yandex.ru
chek ofd ru;1000000;3;11;35;19;7;ofd.yandex.ru
проверка онлайн чеков по qr;1000000;5;27;3018;24;7;ofd.yandex.ru
сканирование чека онлайн;1000000;3;24;47;17;7;ofd.yandex.ru
как посмотреть электронный чек;1000000;4;30;761;29;7;ofd.yandex.ru
1 ofd проверить чек;3000000;4;19;134;25;7;ofd.yandex.ru
офд ру проверка чека;2000000;4;20;52;17;7;ofd.yandex.ru
ссылка на чек;653000;3;13;3288;23;7;ofd.yandex.ru
офд онлайн вход в личный кабинет;3000000;6;32;283;29;7;ofd.yandex.ru
как найти чек офд;2000000;4;17;544;15;7;ofd.yandex.ru
офд вход в личный;2000000;4;17;19157;6;7;ofd.yandex.ru
офк личный кабинет;424000;3;18;10;10;7;ofd.yandex.ru
офд выписка по кассе;1000000;4;20;20;10;7;ofd.yandex.ru
проверка кассовых чеков онлайн;2000000;4;30;652;8;7;ofd.yandex.ru
как проверить чек если нет фд и фп;469000;8;34;11;10;7;ofd.yandex.ru
1 ofd ru проверка чека;3000000;5;22;29;6;7;ofd.yandex.ru
овд касса;104000;2;9;65;12;7;ofd.yandex.ru
z pfyzn;162000;2;7;93;10;7;ofd.yandex.ru
проверка квитанции по номеру;571000;4;28;40;11;7;ofd.yandex.ru
проверка чеков на сайте;2000000;4;23;2850;10;7;ofd.yandex.ru
офл ру;1000000;2;6;23;13;7;ofd.yandex.ru
чек онлайн проверить и распечатать;960000;5;34;16;12;7;ofd.yandex.ru
проверить чек по фпд онлайн;1000000;5;27;8;8;7;ofd.yandex.ru
проверка чека офд по qr;1000000;5;23;26;11;7;ofd.yandex.ru
как посмотреть чек в офд;1000000;5;24;394;13;7;ofd.yandex.ru
чек по фпд;96000;3;10;157;6;7;ofd.yandex.ru
чек онлайн проверить по qr;2000000;5;26;508;130;8;ofd.yandex.ru
вход в офд личный кабинет;2000000;5;25;18534;425;8;ofd.yandex.ru
проверить чек по фп онлайн;2000000;5;26;2;1;7;ofd.yandex.ru
офд личный кабинет войти;3000000;4;24;5339;378;8;ofd.yandex.ru
проверить чек фд;233000;3;16;111;0;7;ofd.yandex.ru
проверка чека онлайн по qr;2000000;5;26;3018;173;8;ofd.yandex.ru
яндекс кассу;573000;2;12;6324;2;7;ofd.yandex.ru
проверить чек по коду платежа;945000;5;29;1;0;7;ofd.yandex.ru
проверка чека онлайн по qr коду онлайн бесплатно в хорошем качестве;3000000;11;67;17;1;7;ofd.yandex.ru
проверка чеков онлайн по qr коду онлайн бесплатно без регистрации;2000000;10;65;37;0;7;ofd.yandex.ru
офд ру проверить чек;2000000;4;20;11;5;7;ofd.yandex.ru
офд проверка кассового чека по qr коду;2000000;7;38;1;1;7;ofd.yandex.ru
касса офд личный кабинет вход;2000000;5;29;1706;185;8;ofd.yandex.ru
проверить статус платежа по чеку;628000;5;32;6;1;7;ofd.yandex.ru
яндекс офд api;73000;3;14;5;5;7;ofd.yandex.ru
сайт офд личный кабинет;3000000;4;23;1224;99;8;ofd.yandex.ru
найти чек по инн;395000;4;16;115;13;8;ofd.yandex.ru
проверка чека самозанятого по номеру чека;660000;6;41;35;19;8;ofd.yandex.ru
лк офд партнера;1000000;3;15;363;35;8;ofd.yandex.ru
проверка чека по qr коду онлайн по фото бесплатно;3000000;9;49;21;16;8;ofd.yandex.ru
check ofd ru проверка чека;1000000;5;26;38;23;8;ofd.yandex.ru
проверка кассового чека онлайн по qr;2000000;6;36;35;14;8;ofd.yandex.ru
мой чек;843000;2;7;27702;85;8;ofd.yandex.ru
проверить чек ккм;42000;3;17;92;25;8;ofd.yandex.ru
проверка чека по qr коду онлайн бесплатно;2000000;7;41;867;46;8;ofd.yandex.ru
чек по куар коду проверить онлайн;1000000;6;33;79;21;8;ofd.yandex.ru
личный кабинет партнера офд;2000000;4;27;1113;91;8;ofd.yandex.ru
офд кассы личный кабинет;1000000;4;24;4031;59;8;ofd.yandex.ru
как посмотреть чеки;708000;3;19;11121;15;8;ofd.yandex.ru
кассовые чеки онлайн;2000000;3;20;3053;38;8;ofd.yandex.ru
чеки офд личный кабинет;2000000;4;23;558;99;8;ofd.yandex.ru
проверить сек по qr коду;709000;5;24;15;13;8;ofd.yandex.ru
найти чек по qr коду онлайн бесплатно;3000000;7;37;15;6;8;ofd.yandex.ru
личный кабинет в офд;2000000;4;20;22171;7;8;ofd.yandex.ru
найти чек по фн и сумме;1000000;6;23;21;8;8;ofd.yandex.ru
проверка чека онлайн по штрих коду кассового чека;2000000;8;49;45;6;8;ofd.yandex.ru
найти чек по инн дате и сумме;2000000;7;29;9;8;8;ofd.yandex.ru
проверка чека онлайн сканер штрих код;2000000;6;37;7;6;8;ofd.yandex.ru
яндекс касса вход;1000000;3;17;426;10;8;ofd.yandex.ru
проверка чеков сканер;439000;3;21;388;8;8;ofd.yandex.ru
касса офд вход;1000000;3;14;1754;9;8;ofd.yandex.ru
проверка чека онлайн и распечатать;2000000;5;34;10;7;8;ofd.yandex.ru
check ofd ru проверка чека по номеру;2000000;7;36;12;12;8;ofd.yandex.ru
проверить и распечатать чек онлайн;2000000;5;34;14;10;8;ofd.yandex.ru
проверка чека скан;45000;3;18;30;6;8;ofd.yandex.ru
скачать офд личный кабинет;1000000;4;26;49;8;8;ofd.yandex.ru
яндекс офд данные для подключения;202000;5;33;15;12;8;ofd.yandex.ru
проверить чек по штрих коду онлайн кассовый;2000000;7;43;6;6;8;ofd.yandex.ru
el yandex ru;2000000;3;12;519;1;8;ofd.yandex.ru
проверка чеков онлайн приложение;2000000;4;32;18;2;8;ofd.yandex.ru
проверка чека по куар коду на подлинность онлайн;2000000;8;48;11;4;8;ofd.yandex.ru
номер ссылки чека;758000;3;17;2058;2;8;ofd.yandex.ru
услуги по обработке фискальных данных;2000000;5;37;107;4;8;ofd.yandex.ru
чеки яндекс такси купить;711000;4;24;2;1;8;ofd.yandex.ru
поиск чека по фд;1000000;4;16;18;5;8;ofd.yandex.ru
http url par сайт чеков;2000000;5;23;4;4;8;ofd.yandex.ru
как найти чек по фпд;1000000;5;20;4;4;8;ofd.yandex.ru
проверка фпд;744000;2;12;44;3;8;ofd.yandex.ru
найти чек самозанятого по номеру;2000000;5;32;22;5;8;ofd.yandex.ru
подтверждение чека;75000;2;18;3737;4;8;ofd.yandex.ru
как найти чек с заправки;2000000;5;24;1;1;8;ofd.yandex.ru
проверка чека фпд;692000;3;17;34;4;8;ofd.yandex.ru
проверка чека на подлинность по qr коду онлайн бесплатно;2000000;9;56;9;5;8;ofd.yandex.ru
где мой чек;810000;3;11;336;1;8;ofd.yandex.ru
офд чеки личный кабинет;2000000;4;23;525;98;9;ofd.yandex.ru
касса офд личный кабинет;2000000;4;24;3994;500;9;ofd.yandex.ru
сканер qr кода чека онлайн;2000000;5;26;22;0;8;ofd.yandex.ru
офд вход в личный кабинет;2000000;5;25;18676;425;9;ofd.yandex.ru
офд личный кабинет вход;2000000;4;23;36285;1953;9;ofd.yandex.ru
проверить ккт;715000;2;13;1999;102;9;ofd.yandex.ru
сканер кассового чека;450000;3;21;47;0;8;ofd.yandex.ru
проверка чека на подлинность по qr;437000;6;34;25;0;8;ofd.yandex.ru
яндекс касса купить;878000;3;19;282;0;8;ofd.yandex.ru
проверка ккт;659000;2;12;5004;545;9;ofd.yandex.ru
товарный чек эльдорадо проверить;413000;4;32;7;0;8;ofd.yandex.ru
как найти свой электронный чек;1000000;5;30;222;0;8;ofd.yandex.ru
оператор фискальных данных личный кабинет;1000000;5;41;482;148;9;ofd.yandex.ru
проверить чек онлайн самозанятого;2000000;4;33;22;0;8;ofd.yandex.ru
скачать кассовый чек по номеру чека;813000;6;35;1;0;8;ofd.yandex.ru
как найти электронный чек;2000000;4;25;1548;72;9;ofd.yandex.ru
проверка чека ру;2000000;3;16;804;23;9;ofd.yandex.ru
онлайн скан чеков;2000000;3;17;146;27;9;ofd.yandex.ru
вход в офд;1000000;3;10;19044;46;9;ofd.yandex.ru
1 офд проверка чека;3000000;4;19;48;27;9;ofd.yandex.ru
личном кабинете офд;1000000;3;19;163054;31;9;ofd.yandex.ru
проверка чеков онлайн по qr;2000000;5;27;3018;24;9;ofd.yandex.ru
личный кабинет касса онлайн офд;3000000;5;31;817;61;9;ofd.yandex.ru
билайн офд проверка чека;1000000;4;24;33;32;9;ofd.yandex.ru
офд личный кабинет кассы онлайн;2000000;5;31;817;55;9;ofd.yandex.ru
проверить чек по штрих коду онлайн;711000;6;34;67;30;9;ofd.yandex.ru
уфд личный кабинет;2000000;3;18;320;66;9;ofd.yandex.ru
касса онлайн личный кабинет офд;655000;5;31;812;61;9;ofd.yandex.ru
проверить чек по qr коду онлайн через интернет бесплатно;2000000;9;56;52;26;9;ofd.yandex.ru
подписка офд;1000000;2;12;854;52;9;ofd.yandex.ru
офд онлайн касса;2000000;3;16;1616;70;9;ofd.yandex.ru
найти чек по номеру транзакции;2000000;5;30;163;21;9;ofd.yandex.ru
чек по фд;83000;3;9;717;7;9;ofd.yandex.ru
проверка чека по фд;277000;4;19;21;10;9;ofd.yandex.ru
сканер чеков онлайн бесплатно;2000000;4;29;44;16;9;ofd.yandex.ru
как проверить фискальный чек;464000;4;28;67;10;9;ofd.yandex.ru
как найти электронный чек на покупку;1000000;6;36;85;13;9;ofd.yandex.ru
проверить чек онлайн по qr коду онлайн бесплатно;2000000;8;48;84;8;9;ofd.yandex.ru
найти чек по фд;2000000;4;15;377;18;9;ofd.yandex.ru
сканирование чеков онлайн;1000000;3;25;47;14;9;ofd.yandex.ru
как найти чек об оплате;1000000;5;23;720;17;9;ofd.yandex.ru
как проверить чек на подлинность по qr коду кассовый через интернет онлайн бесплатно;3000000;13;84;15;10;9;ofd.yandex.ru
чек по куар коду проверить онлайн бесплатно;2000000;7;43;33;19;9;ofd.yandex.ru
восстановить чек по номеру;535000;4;26;179;17;9;ofd.yandex.ru
1 офд проверить чек;3000000;4;19;30;9;9;ofd.yandex.ru
ярус проверка чека офд;426000;4;22;27;16;9;ofd.yandex.ru
база чеков онлайн;2000000;3;17;38;21;9;ofd.yandex.ru
информация о чеке;957000;3;17;966;7;9;ofd.yandex.ru
проверка кассового чека по qr коду онлайн бесплатно;2000000;8;51;9;1;9;ofd.yandex.ru
как проверить чек без фпд;884000;5;25;4;3;9;ofd.yandex.ru
как найти чек покупки;1000000;4;21;944;5;9;ofd.yandex.ru
сканер штрих кодов чеков онлайн;513000;5;31;9;2;9;ofd.yandex.ru
чек инфо ру;2000000;3;11;6;4;9;ofd.yandex.ru
поиск проверка и хранение чеков;383000;5;31;3;2;9;ofd.yandex.ru
поиск чека по qr коду онлайн бесплатно;2000000;7;38;6;6;9;ofd.yandex.ru
проверить чек по фп;427000;4;19;12;4;9;ofd.yandex.ru
сканер чеков онлайн бесплатно без регистрации;2000000;6;45;5;5;9;ofd.yandex.ru
где можно найти чек об оплате;2000000;6;29;49;4;9;ofd.yandex.ru
найти чек по коду;2000000;4;17;636;7;9;ofd.yandex.ru
проверка чека нпд;943000;3;17;26;6;9;ofd.yandex.ru
кассовый оператор;737000;2;17;370;2;9;ofd.yandex.ru
найти чек по номеру фпд;2000000;5;23;6;5;9;ofd.yandex.ru
проверка чеков по qr коду онлайн на сайте;3000000;8;41;72;7;9;ofd.yandex.ru
офд проверка кассового чека по qr;1000000;6;33;1;0;9;ofd.yandex.ru
проверка чека по коду;685000;4;21;5002;93;10;ofd.yandex.ru
чек электронный онлайн;2000000;3;22;1012;147;10;ofd.yandex.ru
проверка чека по qr;511000;4;19;5639;380;10;ofd.yandex.ru
проверить чек онлайн по qr;2000000;5;26;548;145;10;ofd.yandex.ru
проверка чека по qr коду онлайн;304000;6;31;2688;232;10;ofd.yandex.ru
проверка чека по штрих коду онлайн;2000000;6;34;147;96;10;ofd.yandex.ru
проверка чека гостиницы;344000;3;23;36;0;9;ofd.yandex.ru
найти чек по номеру фд;2000000;5;22;304;269;10;ofd.yandex.ru
офд личный кабинет партнера офд;2000000;5;31;1113;563;10;ofd.yandex.ru
проверка чека по qr коду;792000;5;24;4047;193;10;ofd.yandex.ru
офд личный кабинет вход по логину и паролю официальный;2000000;9;54;13;0;9;ofd.yandex.ru
личный кабинет офд вход;2000000;4;23;36285;1953;10;ofd.yandex.ru
проверка чека онлайн qr;2000000;4;23;3185;118;10;ofd.yandex.ru
офд касса личный кабинет;2000000;4;24;4031;496;10;ofd.yandex.ru
фпд проверить;560000;2;13;60;0;9;ofd.yandex.ru
скачать чек с сайта налоговой;2000000;5;29;125;78;10;ofd.yandex.ru
офд ккт;8000;2;7;6841;14;10;ofd.yandex.ru
офд билайн проверить чек;2000000;4;24;18;16;10;ofd.yandex.ru
проверить чек по куар коду онлайн;2000000;6;33;79;21;10;ofd.yandex.ru
чек офд ру проверка чека;2000000;5;24;46;16;10;ofd.yandex.ru
кассовый чек по qr коду проверить онлайн;2000000;7;40;44;17;10;ofd.yandex.ru
qr код чека проверить онлайн;2000000;5;28;410;15;10;ofd.yandex.ru
найти чек по qr коду онлайн;2000000;6;27;67;38;10;ofd.yandex.ru
поиск чека по qr;1000000;4;16;103;20;10;ofd.yandex.ru
отсканировать чек онлайн;1000000;3;24;72;25;10;ofd.yandex.ru
чек по qr коду онлайн проверить кассовый;2000000;7;40;44;17;10;ofd.yandex.ru
проверить чек онлайн по qr коду онлайн;2000000;7;38;359;52;10;ofd.yandex.ru
сайт чек;1000000;2;8;17978;36;10;ofd.yandex.ru
проверить кассовый чек по qr коду онлайн;2000000;7;40;43;15;10;ofd.yandex.ru
личный кабинет офл;778000;3;18;177;25;10;ofd.yandex.ru
личный кабинет оператора фискальных данных;2000000;5;42;482;71;10;ofd.yandex.ru
ккт офд;2000000;2;7;6841;14;10;ofd.yandex.ru
как узнать был ли возврат по чеку;46000;7;33;18;8;10;ofd.yandex.ru
проверить чек по фн;489000;4;19;47;10;10;ofd.yandex.ru
подключение офд;1000000;2;15;1851;12;10;ofd.yandex.ru
яндекс df;101000;2;9;64;10;10;ofd.yandex.ru
проверить кассовый чек аэроэкспресс;453000;4;35;20;10;10;ofd.yandex.ru
ofd ru b проверка чека;2000000;5;22;10;9;10;ofd.yandex.ru
проверить чек по qr коду онлайн через интернет;2000000;8;46;80;13;10;ofd.yandex.ru
как посмотреть чеки в офд;2000000;5;25;394;11;10;ofd.yandex.ru
как проверить чек на оригинальность;440000;5;35;24;12;10;ofd.yandex.ru
озон офд;2000000;2;8;60;10;10;ofd.yandex.ru
овд касса личный кабинет;1000000;4;24;14;14;10;ofd.yandex.ru
проверка ккт по номеру;916000;4;22;306;13;10;ofd.yandex.ru
сканировать чек по qr коду онлайн бесплатно;2000000;7;43;19;10;10;ofd.yandex.ru
ккт проверить по номеру;994000;4;23;84;12;10;ofd.yandex.ru
чек на сумму;213000;3;12;7577;14;10;ofd.yandex.ru
оплата офд личный кабинет;2000000;4;25;32;8;10;ofd.yandex.ru
проверка чека сканером;331000;3;22;380;3;10;ofd.yandex.ru
проверить куар код чека;709000;4;23;366;4;10;ofd.yandex.ru
ofd личный кабинет войти;2000000;4;24;370;6;10;ofd.yandex.ru
сканировать чеки онлайн;2000000;3;23;177;3;10;ofd.yandex.ru
проверка чека нпд по номеру;943000;5;27;6;4;10;ofd.yandex.ru
чек по инн;175000;3;10;797;3;10;ofd.yandex.ru
офд для ип;1000000;3;10;204;7;10;ofd.yandex.ru
штрих код чека проверить;696000;4;24;194;6;10;ofd.yandex.ru
проверка чека 1 ofd ru;4000000;5;22;29;6;10;ofd.yandex.ru
yandex офд настройки;2000000;3;20;4;4;10;ofd.yandex.ru
база данных чеков;1000000;3;17;157;7;10;ofd.yandex.ru
проверка чека по qr коду онлайн кассового;2000000;7;41;14;6;10;ofd.yandex.ru
выписка из офд;207000;3;14;48;3;10;ofd.yandex.ru
проверка чека офд по qr коду;2000000;6;28;18;6;10;ofd.yandex.ru
проверка ккт на сайте;2000000;4;21;640;7;10;ofd.yandex.ru
yandex эквайринг;129000;2;16;10;3;10;ofd.yandex.ru
проверка чека петер сервис спецтехнологии;1000000;5;41;5;3;10;ofd.yandex.ru
чек сканер онлайн;1000000;3;17;316;2;10;ofd.yandex.ru
фпд проверить чек;181000;3;17;57;2;10;ofd.yandex.ru
1 офд проверка чека онлайн;140000;5;26;5;2;10;ofd.yandex.ru
проверить чек онлайн по фото;165000;5;28;2;1;10;ofd.yandex.ru
проверить кассовый чек такском;1000000;4;30;4;1;10;ofd.yandex.ru
qr код чека проверить онлайн бесплатно;2000000;6;38;82;0;10;ofd.yandex.ru
офд вход в систему;2000000;4;18;313;0;10;ofd.yandex.ru
офд личный кабинет вход по логину и паролю официальный сайт;3000000;10;59;13;0;10;ofd.yandex.ru
как найти чек из магазина в электронном виде;2000000;8;44;16;16;11;ofd.yandex.ru
как проверить был ли возврат по чеку;862000;7;36;22;13;11;ofd.yandex.ru
как узнать оператора фискальных данных по чеку;2000000;7;46;13;13;11;ofd.yandex.ru
программа проверки чеков;1000000;3;24;325;6;11;ofd.yandex.ru
штрих код на чеке проверить онлайн;2000000;6;34;30;3;11;ofd.yandex.ru
