"﻿""Ключевое слово""";Результатов в Яндексе;Слов;Символов;Частотность Весь мир;"""!Частотность !Весь !мир""";Позиция в выдаче Яндекса;pay.yandex.ru
яндекс сплит для бизнеса;1000000;4;24;1072;376;1;pay.yandex.ru
yandex pay подключить;273000;3;21;26;1;1;pay.yandex.ru
яндекс сплит для продавца;1000000;4;25;45;6;1;pay.yandex.ru
yandex pay api;378000;3;14;57;11;1;pay.yandex.ru
яндекс pay api;563000;3;14;7;4;1;pay.yandex.ru
оплата по qr коду яндекс;1000000;5;24;162;8;1;pay.yandex.ru
яндекс оплата для сайта;2000000;4;23;99;2;1;pay.yandex.ru
сплит подключить;827000;2;16;7271;102;1;pay.yandex.ru
yandex badge;149000;2;12;1233;8;1;pay.yandex.ru
яндекс бейдж;528000;2;12;294;28;1;pay.yandex.ru
прием платежей яндекс;765000;3;21;100;7;1;pay.yandex.ru
сплит для бизнеса;2000000;3;17;1841;105;1;pay.yandex.ru
подключить сплит;696000;2;16;7578;90;1;pay.yandex.ru
merchant api;162000;2;12;172;4;1;pay.yandex.ru
как установить яндекс сплит;624000;4;27;45;17;1;pay.yandex.ru
яндекс пей для бизнеса;687000;4;22;174;117;1;pay.yandex.ru
yandex pay;152000;2;10;12071;3148;2;pay.yandex.ru
яндекс пей служба поддержки;1000000;4;27;272;108;2;pay.yandex.ru
pay yandex ru;1000000;3;13;6950;136;2;pay.yandex.ru
я пей личный кабинет;771000;4;20;242;199;2;pay.yandex.ru
яндекс пэй служба поддержки;2000000;4;27;229;123;2;pay.yandex.ru
yandex сплит;856000;2;12;641;188;2;pay.yandex.ru
yandex ru pay;1000000;3;13;6452;120;2;pay.yandex.ru
яндекс пэй поддержка;2000000;3;20;1508;596;2;pay.yandex.ru
yandex pay личный кабинет;764000;4;25;238;194;2;pay.yandex.ru
яндекс пей личный кабинет войти в личный кабинет;3000000;8;48;1059;388;2;pay.yandex.ru
сплит yandex;209000;2;12;641;188;2;pay.yandex.ru
яндекс пей личный кабинет войти;1000000;5;31;1837;604;2;pay.yandex.ru
яндекс сплит партнеры;1000000;3;21;1544;545;2;pay.yandex.ru
яндекс pay личный кабинет;1000000;4;25;174;121;2;pay.yandex.ru
подключить яндекс сплит;564000;3;23;2058;261;2;pay.yandex.ru
яндекс пей поддержка;1000000;3;20;2129;715;2;pay.yandex.ru
сплит аккаунт;503000;2;13;5917;85;2;pay.yandex.ru
яндекс сплит реклама;1000000;3;20;179;9;2;pay.yandex.ru
яндекс пей тарифы;691000;3;17;71;13;2;pay.yandex.ru
как вернуть деньги с яндекс карты;2000000;6;33;3630;14;2;pay.yandex.ru
яндекс бейдж что это;380000;4;20;12;12;2;pay.yandex.ru
двухстадийная оплата это;2000000;3;24;16;13;2;pay.yandex.ru
qr код от яндекса;956000;4;17;456;10;2;pay.yandex.ru
сплит деньги;449000;2;12;9179;33;2;pay.yandex.ru
бейджик яндекс;404000;2;14;122;14;2;pay.yandex.ru
платежная система сплит;1000000;3;23;81;19;2;pay.yandex.ru
http yandex pay;409000;3;15;46;13;2;pay.yandex.ru
ян пей;163000;2;6;698;40;2;pay.yandex.ru
сервис сплит яндекс;2000000;3;19;329;28;2;pay.yandex.ru
yandex checkout;150000;2;15;221;11;2;pay.yandex.ru
яндекс pay поддержка;1000000;3;20;117;15;2;pay.yandex.ru
yandex pay что это;183000;4;18;83;46;2;pay.yandex.ru
служба поддержки яндекс pay;6000;4;27;35;8;2;pay.yandex.ru
сплит оплата;776000;2;12;20219;1435;3;pay.yandex.ru
pay yandex;269000;2;10;12071;3148;3;pay.yandex.ru
яндекс оплата на сайте;2000000;4;22;210;1;2;pay.yandex.ru
яндекс сплит это что;2000000;4;20;5299;2384;3;pay.yandex.ru
яндекс пей;620000;2;10;134301;43597;3;pay.yandex.ru
яндекс сплит что такое;1000000;4;22;6018;1599;3;pay.yandex.ru
яндекс пэй справка;242000;3;18;102;4;2;pay.yandex.ru
платежные системы 1с битрикс;4000000;4;28;27;0;2;pay.yandex.ru
yandex pay checkout;31000;3;19;6;3;2;pay.yandex.ru
яндекс пей личный кабинет;1000000;4;25;7847;5063;3;pay.yandex.ru
яндекс йк;497000;2;9;146;7;2;pay.yandex.ru
яндекс пей справка;763000;3;18;80;4;2;pay.yandex.ru
яндекс сплит что это;607000;4;20;5299;2384;3;pay.yandex.ru
подключить yandex pay;315000;3;21;25;1;2;pay.yandex.ru
продукты сплитом;332000;2;16;2089;7;2;pay.yandex.ru
сплит это яндекс;566000;3;16;8421;1369;3;pay.yandex.ru
оплата яндекс сплит;1000000;3;19;5553;435;3;pay.yandex.ru
сплит оплата яндекс;1000000;3;19;5553;435;3;pay.yandex.ru
оплата частями сплит;1000000;3;20;2314;501;3;pay.yandex.ru
яндекс сплит оплата;1000000;3;19;5553;435;3;pay.yandex.ru
яндекс сплит это что такое;2000000;5;26;1254;463;3;pay.yandex.ru
яндекс оплата сплит;996000;3;19;5553;435;3;pay.yandex.ru
яндекс сплит оплатить;1000000;3;21;11318;563;3;pay.yandex.ru
сплит частями оплата;1000000;3;20;2314;501;3;pay.yandex.ru
оплатить яндекс сплит;1000000;3;21;11318;563;3;pay.yandex.ru
сплит яндекс что это такое;1000000;5;26;1254;463;3;pay.yandex.ru
яндекс споит;597000;2;12;1232;588;3;pay.yandex.ru
оплатить сплит яндекс;1000000;3;21;11318;563;3;pay.yandex.ru
сплит яндекс оплата;1000000;3;19;5553;435;3;pay.yandex.ru
сплит оплата частями;1000000;3;20;2314;501;3;pay.yandex.ru
сплит яндекс как работает;2000000;4;25;2646;729;3;pay.yandex.ru
сплит яндекс как подключить;683000;4;27;1263;313;3;pay.yandex.ru
оплата частями яндекс сплит;2000000;4;27;537;126;3;pay.yandex.ru
оформить сплит;922000;2;14;6645;156;3;pay.yandex.ru
сплит яндекс подключить;690000;3;23;2058;261;3;pay.yandex.ru
сплит оформить;798000;2;14;6645;156;3;pay.yandex.ru
яндекс сплит условия;2000000;3;20;712;200;3;pay.yandex.ru
как оформить сплит яндекс;705000;4;25;1434;149;3;pay.yandex.ru
яндекс сплит как подключить;857000;4;27;1263;313;3;pay.yandex.ru
яндекс сплит подключить;630000;3;23;2058;261;3;pay.yandex.ru
я сплит;1000000;2;7;4246;268;3;pay.yandex.ru
оформить яндекс сплит;1000000;3;21;3242;193;3;pay.yandex.ru
как подключить сплит яндекс;388000;4;27;1263;313;3;pay.yandex.ru
яндекс пей личный кабинет войти в личный;3000000;7;40;1059;280;3;pay.yandex.ru
яндекс сплит как оформить;638000;4;25;1434;149;3;pay.yandex.ru
подключить сплит яндекс;498000;3;23;2058;261;3;pay.yandex.ru
как подключить яндекс сплит;587000;4;27;1263;313;3;pay.yandex.ru
яндекс сплит оплата частями;2000000;4;27;537;126;3;pay.yandex.ru
я сплит яндекс;2000000;3;14;1259;77;3;pay.yandex.ru
яндекс частями оплата;1000000;3;21;1096;82;3;pay.yandex.ru
как сделать яндекс сплит;1000000;4;24;1033;89;3;pay.yandex.ru
яндекс сплит регистрация;2000000;3;24;148;80;3;pay.yandex.ru
что такое сплит в яндексе;607000;5;25;2071;87;3;pay.yandex.ru
яндекс пей техподдержка;775000;3;23;234;78;3;pay.yandex.ru
оплата сплитом;1000000;2;14;19503;99;3;pay.yandex.ru
яндекс оплата частями;1000000;3;21;1112;88;3;pay.yandex.ru
яндекс сплит платежи;1000000;3;20;4561;96;3;pay.yandex.ru
оплата частями яндекс;964000;3;21;1096;82;3;pay.yandex.ru
https id yandex ru pay;2000000;5;22;833;105;3;pay.yandex.ru
яндекс сплинт;534000;2;13;282;96;3;pay.yandex.ru
яндекс рэй;472000;2;10;678;79;3;pay.yandex.ru
сплит платежи яндекс;717000;3;20;4570;93;3;pay.yandex.ru
сплит оплата что это;402000;4;20;746;121;3;pay.yandex.ru
сплит я яндекс;536000;3;14;1259;77;3;pay.yandex.ru
оплата яндекс пей;1000000;3;17;2037;51;3;pay.yandex.ru
как оформить сплит в яндекс;664000;5;27;804;53;3;pay.yandex.ru
мой яндекс сплит;1000000;3;16;550;65;3;pay.yandex.ru
оплата яндекс сплит что это;916000;5;27;158;52;3;pay.yandex.ru
яндекс пэй онлайн;2000000;3;17;442;58;3;pay.yandex.ru
split yandex кабинет;299000;3;20;245;51;3;pay.yandex.ru
как открыть яндекс сплит;1000000;4;24;617;67;3;pay.yandex.ru
яндекс сплит что;2000000;3;16;19065;63;3;pay.yandex.ru
мой сплит яндекс;1000000;3;16;550;65;3;pay.yandex.ru
яндекс маркет сплит оплата;1000000;4;26;814;56;3;pay.yandex.ru
split яндекс;288000;2;12;359;69;3;pay.yandex.ru
яндекс split;315000;2;12;358;67;3;pay.yandex.ru
yandex split что это;165000;4;20;278;51;3;pay.yandex.ru
сплит в яндексе;564000;3;15;42368;65;3;pay.yandex.ru
яндекс салит;504000;2;12;192;75;3;pay.yandex.ru
пей яндекс оплата;889000;3;17;2027;48;3;pay.yandex.ru
яндекс возврат средств;734000;3;22;1571;33;3;pay.yandex.ru
бейдж яндекс;388000;2;12;333;35;3;pay.yandex.ru
яндекс оплата сплитом;855000;3;21;5552;36;3;pay.yandex.ru
яндекс рассрочка для интернет магазинов;2000000;5;39;50;35;3;pay.yandex.ru
покупка яндекс сплит;1000000;3;20;2097;36;3;pay.yandex.ru
яндекс пей регистрация;2000000;3;22;118;34;3;pay.yandex.ru
система платежей сплит;1000000;3;22;213;43;3;pay.yandex.ru
оплата сплитом яндекс;754000;3;21;5552;36;3;pay.yandex.ru
сплит от яндекс;531000;3;15;3897;40;3;pay.yandex.ru
сплит ян;108000;2;8;92;35;3;pay.yandex.ru
pay оплата;642000;2;10;11026;43;3;pay.yandex.ru
яндекс частями;987000;2;14;21787;42;3;pay.yandex.ru
покупка в сплит что это;375000;5;23;75;35;3;pay.yandex.ru
возврат средств яндекс;802000;3;22;1663;38;3;pay.yandex.ru
как подключить сплит на яндекс;389000;5;30;345;45;3;pay.yandex.ru
оплата пэй;400000;2;10;8178;33;3;pay.yandex.ru
яндекс оплата личный кабинет;1000000;4;28;295;20;3;pay.yandex.ru
yandex split что такое;1000000;4;22;92;22;3;pay.yandex.ru
сервис яндекс сплит;2000000;3;19;329;28;3;pay.yandex.ru
сплит яндекса;406000;2;13;253405;22;3;pay.yandex.ru
оплата долями яндекс;625000;3;20;144;24;3;pay.yandex.ru
я пжй;1000000;2;5;43;21;3;pay.yandex.ru
оплата сплитом что это;313000;4;22;748;31;3;pay.yandex.ru
что за яндекс сплит;610000;4;19;935;25;3;pay.yandex.ru
сплит сервис яндекс;2000000;3;19;331;29;3;pay.yandex.ru
как работает сплит на яндекс;2000000;5;28;331;22;3;pay.yandex.ru
что такое оплата в сплит;367000;5;24;148;32;3;pay.yandex.ru
яндекс пэй оплата;561000;3;17;1803;29;3;pay.yandex.ru
яндекса сплит;260000;2;13;252921;22;3;pay.yandex.ru
яндекс плати частями;997000;3;20;211;29;3;pay.yandex.ru
оплата яндекс пэй;776000;3;17;1736;32;3;pay.yandex.ru
яндекс пэй регистрация;2000000;3;22;69;20;3;pay.yandex.ru
https pay yandex ru;2000000;4;19;5586;8;3;pay.yandex.ru
что значит яндекс сплит;766000;4;23;617;11;3;pay.yandex.ru
сплит на яндексе;571000;3;16;19738;14;3;pay.yandex.ru
оплата услуг яндекс;1000000;3;19;1041;10;3;pay.yandex.ru
долями яндекс сплит;568000;3;19;165;13;3;pay.yandex.ru
оплатить яндекс пэй;669000;3;19;1902;9;3;pay.yandex.ru
яндекс слипт;564000;2;12;41;18;3;pay.yandex.ru
мои сплиты яндекс;1000000;3;17;546;13;3;pay.yandex.ru
https id yandex ru pay яндекс;2000000;6;29;42;15;3;pay.yandex.ru
мой яндекс пей;1000000;3;14;217;12;3;pay.yandex.ru
id yandex ru pay;1000000;4;16;897;18;3;pay.yandex.ru
мой яндекс пэй;2000000;3;14;205;16;3;pay.yandex.ru
оплата сплитом яндекс маркет;1000000;4;28;814;9;3;pay.yandex.ru
яндекс split что такое;1000000;4;22;21;14;3;pay.yandex.ru
yandex qr код;591000;3;13;571;18;3;pay.yandex.ru
как оформить сплит на яндекс;593000;5;28;327;8;3;pay.yandex.ru
покупки со сплитом;1000000;3;18;96;4;3;pay.yandex.ru
оформить сплит что это значит;478000;5;29;22;4;3;pay.yandex.ru
яндекс оплата по частям;1000000;4;23;86;6;3;pay.yandex.ru
оплата яндекс pay;940000;3;17;253;4;3;pay.yandex.ru
маркет сплит оплата;1000000;3;19;857;5;3;pay.yandex.ru
что такое платеж в сплит;125000;5;24;39;4;3;pay.yandex.ru
как подключить яндекс pay;677000;4;25;26;7;3;pay.yandex.ru
id yandex pay;333000;3;13;931;5;3;pay.yandex.ru
bitrix платежная система;826000;3;24;67;6;3;pay.yandex.ru
яндекс pay платежная система;758000;4;28;19;4;3;pay.yandex.ru
яндекс pay как подключить;668000;4;25;26;7;3;pay.yandex.ru
покупки в сплит что это такое;1000000;6;29;15;7;3;pay.yandex.ru
оплата с яндекс пей;396000;4;19;145;4;3;pay.yandex.ru
яндекс pay платежная;628000;3;20;30;6;3;pay.yandex.ru
платежная система яндекс пей;1000000;4;28;32;8;3;pay.yandex.ru
битрикс платежные системы;922000;3;25;194;3;3;pay.yandex.ru
я пей;1000000;2;5;233841;1104;4;pay.yandex.ru
яндекс пэй;595000;2;10;106268;30798;4;pay.yandex.ru
оплата yandex pay;40000;3;17;119;0;3;pay.yandex.ru
личный кабинет сплит;829000;3;20;29177;2694;4;pay.yandex.ru
яндекс pay регистрация;2000000;3;22;13;0;3;pay.yandex.ru
яндекс сплит это;2000000;3;16;8421;1369;4;pay.yandex.ru
qr код от яндекс;745000;4;16;456;2;3;pay.yandex.ru
yandex payudara;69000;2;15;11;0;3;pay.yandex.ru
сплитуй от яндекса;597000;3;18;2;1;3;pay.yandex.ru
платежная система 1с битрикс;5000000;4;28;27;0;3;pay.yandex.ru
оплата через яндекс pay;890000;4;23;44;2;3;pay.yandex.ru
куар код от яндекса;481000;4;19;61;1;3;pay.yandex.ru
яндекс pay;601000;2;10;8736;1887;4;pay.yandex.ru
яндекс пэй бесконтактная;531000;3;24;141;0;3;pay.yandex.ru
как сделать чтобы появился сплит яндекс;978000;6;39;23;2;3;pay.yandex.ru
я пэй;1000000;2;5;4365;1025;4;pay.yandex.ru
яндекс банк сплит;1000000;3;17;1500;239;4;pay.yandex.ru
яндекс оплата;1000000;2;13;63596;334;4;pay.yandex.ru
яндекс сплит как работает;2000000;4;25;2646;729;4;pay.yandex.ru
сплит я;1000000;2;7;4438;263;4;pay.yandex.ru
сплит оплатить;681000;2;14;25209;339;4;pay.yandex.ru
сплит платежи;861000;2;13;10167;240;4;pay.yandex.ru
сплит яндекс личный;1000000;3;19;24531;826;4;pay.yandex.ru
партнеры яндекс сплит;1000000;3;21;1544;545;4;pay.yandex.ru
split yandex;159000;2;12;2875;808;4;pay.yandex.ru
оплатить сплит;722000;2;14;25209;339;4;pay.yandex.ru
яндекс сплит личный;2000000;3;19;24531;826;4;pay.yandex.ru
yandex split;154000;2;12;2875;808;4;pay.yandex.ru
яндекс пэй это;3000000;3;14;4633;245;4;pay.yandex.ru
как работает сплит яндекс;2000000;4;25;2646;729;4;pay.yandex.ru
яндекс пай;589000;2;10;2326;914;4;pay.yandex.ru
яндекс сплит личный кабинет вход по номеру телефона войти;3000000;9;57;529;212;4;pay.yandex.ru
ya pay;57000;2;6;711;116;4;pay.yandex.ru
где можно оплатить сплитом;2000000;4;26;1217;132;4;pay.yandex.ru
сплит мой;1000000;2;9;1738;160;4;pay.yandex.ru
яндекс пэ;684000;2;9;228;131;4;pay.yandex.ru
сплит как оформить;233000;3;18;2600;153;4;pay.yandex.ru
оплата сплит что это;378000;4;20;748;117;4;pay.yandex.ru
яндекс сплит оформить;1000000;3;21;3242;193;4;pay.yandex.ru
сплит от яндекса;558000;3;16;3897;160;4;pay.yandex.ru
сплит оплата что это такое;1000000;5;26;303;164;4;pay.yandex.ru
как оформить яндекс сплит;715000;4;25;1434;149;4;pay.yandex.ru
сплит яндекс условия;2000000;3;20;712;200;4;pay.yandex.ru
мой сплит;740000;2;9;1780;180;4;pay.yandex.ru
яндекс сплит что это такое простыми словами;1000000;7;43;217;127;4;pay.yandex.ru
яндекс оплатить;577000;2;15;67989;161;4;pay.yandex.ru
сплит что такое в яндекс;1000000;5;24;2071;203;4;pay.yandex.ru
оплата в сплит;951000;3;14;5188;112;4;pay.yandex.ru
оплата сплит яндекс маркет;1000000;4;26;814;56;4;pay.yandex.ru
яндекс пэй как подключить;679000;4;25;303;71;4;pay.yandex.ru
система оплаты сплит;913000;3;20;703;80;4;pay.yandex.ru
яндекс сплит где работает;2000000;4;25;122;60;4;pay.yandex.ru
split yandex ru;1000000;3;15;774;73;4;pay.yandex.ru
в сплит яндекс;3000000;3;14;42368;56;4;pay.yandex.ru
как получить яндекс сплит;1000000;4;25;944;103;4;pay.yandex.ru
яндекс сплит кредит;455000;3;19;1504;77;4;pay.yandex.ru
яндекс сплит что это такое и как работает;1000000;8;41;243;99;4;pay.yandex.ru
я pay;1000000;2;5;1307;73;4;pay.yandex.ru
сплит лк;713000;2;8;329;104;4;pay.yandex.ru
яндекс сплит кабинет;705000;3;20;23721;102;4;pay.yandex.ru
яндекс пэц;518000;2;10;146;60;4;pay.yandex.ru
где посмотреть яндекс сплит;2000000;4;27;1064;92;4;pay.yandex.ru
что такое сплит в яндекс маркете и как он работает;959000;10;50;118;110;4;pay.yandex.ru
яндекс правовые документы;1000000;3;25;228;56;4;pay.yandex.ru
как получить сплит на яндекс;1000000;5;28;379;31;4;pay.yandex.ru
yandex пей;110000;2;10;256;39;4;pay.yandex.ru
как покупать в сплит;670000;4;20;328;45;4;pay.yandex.ru
yandex пэй;167000;2;10;248;33;4;pay.yandex.ru
как оплатить сплитом;795000;3;20;8251;43;4;pay.yandex.ru
яндекс пай что это;486000;4;18;87;31;4;pay.yandex.ru
яндекс пей оплата;906000;3;17;2106;53;4;pay.yandex.ru
сплит система платежей;1000000;3;22;213;43;4;pay.yandex.ru
как подключить яндекс пей;686000;4;25;278;51;4;pay.yandex.ru
что такое сплит от яндекса;104000;5;26;170;40;4;pay.yandex.ru
яндекс сплит что это и как работает;2000000;7;35;313;53;4;pay.yandex.ru
личный кабинет сплита;738000;3;21;28756;53;4;pay.yandex.ru
яндекс сплит справка;664000;3;20;131;33;4;pay.yandex.ru
покупки в сплит;117000;3;15;3338;48;4;pay.yandex.ru
сплит оплата яндекс маркет;1000000;4;26;814;56;4;pay.yandex.ru
покупка в сплит яндекс;1000000;4;22;939;30;4;pay.yandex.ru
сплит оплата частями что это;655000;5;28;107;18;4;pay.yandex.ru
оформить сплит на яндекс;1000000;4;24;760;23;4;pay.yandex.ru
яндекс маркет сплит оплата как работает;2000000;6;39;41;26;4;pay.yandex.ru
яндекс рау;521000;2;10;41;22;4;pay.yandex.ru
сплит продукты;893000;2;14;1974;24;4;pay.yandex.ru
yandex split что это такое;890000;5;26;50;21;4;pay.yandex.ru
сплит в яндексе это;546000;4;19;753;28;4;pay.yandex.ru
где можно расплатиться сплитом;2000000;4;30;208;24;4;pay.yandex.ru
сплит яндекс маркет как работает;2000000;5;32;868;26;4;pay.yandex.ru
сплит платежи что это;128000;4;21;116;23;4;pay.yandex.ru
яндекс пэу;3000000;2;10;67;28;4;pay.yandex.ru
как активировать яндекс сплит;502000;4;29;133;26;4;pay.yandex.ru
яндекс возврат денег;987000;3;20;4179;22;4;pay.yandex.ru
как работает сплит яндекс маркет;2000000;5;32;868;26;4;pay.yandex.ru
платежная система яндекс;1000000;3;24;374;29;4;pay.yandex.ru
как подключить сплит яндекс маркет;830000;5;34;345;18;4;pay.yandex.ru
яндекс сплит условия предоставления;2000000;4;35;19;10;4;pay.yandex.ru
яндекс сплин что это;333000;4;20;26;11;4;pay.yandex.ru
yandex оплата;952000;2;13;1471;13;4;pay.yandex.ru
яндекс плата;868000;2;12;4067;11;4;pay.yandex.ru
яндекс пейн;135000;2;11;59;12;4;pay.yandex.ru
что значит покупка в сплит;503000;5;26;102;10;4;pay.yandex.ru
яндекс способ оплаты;908000;3;20;5343;16;4;pay.yandex.ru
что такое сплит на яндексе;444000;5;26;507;12;4;pay.yandex.ru
как получить сплит от яндекса;1000000;5;29;51;14;4;pay.yandex.ru
покупка сплитом яндекс маркет что это;982000;6;37;15;11;4;pay.yandex.ru
в сплит яндекс маркет что это;578000;6;29;277;16;4;pay.yandex.ru
покупка сплитом яндекс;1000000;3;22;2097;15;4;pay.yandex.ru
сплит от яндекс маркета что это;592000;6;31;18;10;4;pay.yandex.ru
оплата в сплит что это;182000;5;22;88;13;4;pay.yandex.ru
яндекс маркет как оформить сплит;666000;5;32;780;17;4;pay.yandex.ru
сплит в яндексе как это работает;2000000;6;32;26;10;4;pay.yandex.ru
оплата сплитом это;2000000;3;18;1104;6;4;pay.yandex.ru
https pay;1000000;2;9;32302;7;4;pay.yandex.ru
что такое yandex pay;168000;4;20;17;8;4;pay.yandex.ru
оплата через яндекс пэй;805000;4;23;242;7;4;pay.yandex.ru
как оплачивать сплитом в яндекс;389000;5;31;1595;7;4;pay.yandex.ru
ya pay что это;4000;4;14;6;6;4;pay.yandex.ru
как оплатить сплитом на яндекс;652000;5;30;474;9;4;pay.yandex.ru
ya qr;208000;2;5;69;8;4;pay.yandex.ru
яндекс пэи;846000;2;10;18;9;4;pay.yandex.ru
как купить сплитом;1000000;3;18;2893;7;4;pay.yandex.ru
яндекс маркет оплата сплитом;1000000;4;28;814;9;4;pay.yandex.ru
как сделать оплату частями;1000000;4;26;654;9;4;pay.yandex.ru
как оплатить по ссылке с телефона;2000000;6;33;42;6;4;pay.yandex.ru
что значит оформить сплит;430000;4;25;55;8;4;pay.yandex.ru
сплит оплата где работает;3000000;4;25;17;10;4;pay.yandex.ru
я pay что это;56000;4;13;57;6;4;pay.yandex.ru
платежная система bitrix;715000;3;24;48;1;4;pay.yandex.ru
yandex pay как подключить;218000;4;25;9;2;4;pay.yandex.ru
яндекс пал;428000;2;10;151;3;4;pay.yandex.ru
яндекс пай оплата;746000;3;17;43;2;4;pay.yandex.ru
покупки в сплит что это;498000;5;23;75;3;4;pay.yandex.ru
yandex pay это;81000;3;14;100;2;4;pay.yandex.ru
я pay как подключить;93000;4;20;10;4;4;pay.yandex.ru
яндекс пец;1000000;2;10;270;3;4;pay.yandex.ru
что такое оформить сплит;213000;4;24;23;3;4;pay.yandex.ru
что такое покупка в сплит яндекс маркет;876000;7;39;14;2;4;pay.yandex.ru
yandex sdk документация;241000;3;23;25;5;4;pay.yandex.ru
одностадийная оплата;1000000;2;20;33;3;4;pay.yandex.ru
яндекс pay что это такое;857000;5;24;16;2;4;pay.yandex.ru
я pey;1000000;2;5;11;3;4;pay.yandex.ru
что такое оплата сплитом;361000;4;24;893;5;4;pay.yandex.ru
покупка со сплитом;2000000;3;18;96;1;4;pay.yandex.ru
яндекс карта сплит;2000000;3;18;9472;417;5;pay.yandex.ru
япэй;3000;1;4;1527;676;5;pay.yandex.ru
сплит личный кабинет;1000000;3;20;29177;2694;5;pay.yandex.ru
как оплатить сплит яндекс;414000;4;25;4079;537;5;pay.yandex.ru
сплит яндекс личный кабинет вход;2000000;5;32;2860;1147;5;pay.yandex.ru
яндекс сплит вход;1000000;3;17;3419;456;5;pay.yandex.ru
сплит яндекс;1000000;2;12;262291;79437;5;pay.yandex.ru
сплит яндекс это;3000000;3;16;8421;1369;5;pay.yandex.ru
сплит яндекс личный кабинет;1000000;4;27;23573;16602;5;pay.yandex.ru
как работает яндекс сплит;1000000;4;25;2646;729;5;pay.yandex.ru
яндекс пейс;486000;2;11;33;0;4;pay.yandex.ru
яндекс сплит;1000000;2;12;259449;78924;5;pay.yandex.ru
яндекс сплит что это такое;1000000;5;26;1254;463;5;pay.yandex.ru
яндекс сплит личный кабинет;1000000;4;27;23573;16602;5;pay.yandex.ru
одностадийная оплата что это;340000;4;28;1;0;4;pay.yandex.ru
яндекс сплит личный кабинет вход по номеру;1000000;7;42;1387;399;5;pay.yandex.ru
яндекс пей это;3000000;3;14;4106;165;5;pay.yandex.ru
яндекс сплит войти;1000000;3;18;3265;214;5;pay.yandex.ru
яндекс сплит магазины партнеры;2000000;4;30;586;234;5;pay.yandex.ru
условия яндекс сплит;1000000;3;20;712;200;5;pay.yandex.ru
яндекс сплит личный кабинет вход по номеру телефона;3000000;8;51;888;218;5;pay.yandex.ru
как подключить сплит на яндекс маркете;359000;6;38;242;168;5;pay.yandex.ru
сплит личный кабинет войти;2000000;4;26;3457;330;5;pay.yandex.ru
яндекс сплит магазины;1000000;3;21;3581;232;5;pay.yandex.ru
сплит оплата частями личный кабинет;1000000;5;35;371;260;5;pay.yandex.ru
система сплит яндекс;1000000;3;20;2018;217;5;pay.yandex.ru
оплата яндекс;757000;2;13;65215;354;5;pay.yandex.ru
яндекс пэй горячая линия;1000000;4;24;767;326;5;pay.yandex.ru
как подключить яндекс сплит на маркете;513000;6;38;242;168;5;pay.yandex.ru
сплит партнеры;869000;2;14;2307;252;5;pay.yandex.ru
сплиты яндекс;617000;2;13;252893;371;5;pay.yandex.ru
сплит яндекс это кредит или нет;393000;6;31;189;157;5;pay.yandex.ru
яндекс маркет что такое сплит;249000;5;29;2037;89;5;pay.yandex.ru
где можно платить сплитом;1000000;4;25;471;106;5;pay.yandex.ru
яндекс сплит лк;499000;3;15;180;123;5;pay.yandex.ru
что такое яндекс сплит и как им пользоваться;975000;8;44;130;104;5;pay.yandex.ru
как получить сплит;1000000;3;18;1613;111;5;pay.yandex.ru
яндекс сплит скачать приложение;2000000;4;31;202;98;5;pay.yandex.ru
яндекс сбп;275000;2;10;5766;140;5;pay.yandex.ru
яндекс платежи;685000;2;14;12526;122;5;pay.yandex.ru
сплит вход;689000;2;10;4239;138;5;pay.yandex.ru
способы оплаты яндекс;1000000;3;21;5303;108;5;pay.yandex.ru
сплит личный кабинет яндекс маркет;1000000;5;34;239;141;5;pay.yandex.ru
яндекс сплит личный кабинет оплатить;1000000;5;36;268;140;5;pay.yandex.ru
яндекс сплит это кредит;663000;4;23;542;100;5;pay.yandex.ru
платежи яндекс;4000;2;14;12672;123;5;pay.yandex.ru
яндекс сплит приложение;1000000;3;23;814;143;5;pay.yandex.ru
яндекс сплит как пользоваться;673000;4;29;726;85;5;pay.yandex.ru
yandex ru qr;779000;3;12;808;43;5;pay.yandex.ru
split yandex ru account;2000000;4;23;253;49;5;pay.yandex.ru
sdk яндекс;626000;2;10;845;64;5;pay.yandex.ru
yandex сплит личный кабинет;830000;4;27;98;48;5;pay.yandex.ru
яндекс сплит что это такое простыми;1000000;6;35;278;54;5;pay.yandex.ru
как подключить сплит в яндекс маркете;883000;6;37;78;44;5;pay.yandex.ru
как платить яндекс сплит;688000;4;24;752;76;5;pay.yandex.ru
яндекс селит;578000;2;12;113;54;5;pay.yandex.ru
как подключить яндекс пэй;880000;4;25;303;71;5;pay.yandex.ru
яндекс маркет сплит что это;7000;5;27;687;50;5;pay.yandex.ru
как купить в сплит;554000;4;18;2011;77;5;pay.yandex.ru
что значит оплата в сплит;676000;5;25;160;73;5;pay.yandex.ru
договор яндекс сплит;318000;3;20;375;46;5;pay.yandex.ru
яндекс сплит личный кабинет зарегистрироваться;1000000;5;46;67;66;5;pay.yandex.ru
лк сплит;809000;2;8;305;82;5;pay.yandex.ru
яндекс сплит что это такое простыми словами и как работает;2000000;10;58;53;42;5;pay.yandex.ru
как пользоваться сплитом на яндекс;701000;5;34;142;20;5;pay.yandex.ru
callback url;49000;2;12;565;23;5;pay.yandex.ru
сплит от яндекс маркета;1000000;4;23;655;29;5;pay.yandex.ru
подключить сплит на яндекс маркете;594000;5;34;275;22;5;pay.yandex.ru
как пользоваться сплит;220000;3;22;2021;27;5;pay.yandex.ru
яндекс сплит рассрочка оформить;1000000;4;31;170;20;5;pay.yandex.ru
документация яндекс;322000;2;19;1532;35;5;pay.yandex.ru
яндекс платежная система;1000000;3;24;352;28;5;pay.yandex.ru
как платить сплитом;162000;3;19;1694;33;5;pay.yandex.ru
яндекс маркет сплит как работает;1000000;5;32;868;26;5;pay.yandex.ru
сплит яндекс ру;2000000;3;15;114;42;5;pay.yandex.ru
яндекс документация;493000;2;19;1331;35;5;pay.yandex.ru
яндекс оплаты;728000;2;13;63594;21;5;pay.yandex.ru
что такое покупка в сплит;450000;5;25;144;30;5;pay.yandex.ru
web sdk;496000;2;7;737;42;5;pay.yandex.ru
как на яндекс маркете оформить сплит;1000000;6;36;239;18;5;pay.yandex.ru
как работает сплит от яндекс маркет;1000000;6;35;13;8;5;pay.yandex.ru
как оплатить в сплит;466000;4;20;3204;10;5;pay.yandex.ru
яндекс кьар код;779000;3;15;154;13;5;pay.yandex.ru
как вернуть деньги с яндекс доставки;1000000;6;36;61;10;5;pay.yandex.ru
как настроить сплит в яндекс маркете;686000;6;36;27;13;5;pay.yandex.ru
яндекс маркет сплитом что это такое;1000000;6;35;229;10;5;pay.yandex.ru
яндекс сплит максимальная сумма;834000;4;31;71;16;5;pay.yandex.ru
yandex api документация;62000;3;23;110;13;5;pay.yandex.ru
яндекс для партнеров личный кабинет;971000;5;35;150;13;5;pay.yandex.ru
яндекс плау;6000;2;11;51;11;5;pay.yandex.ru
способ оплаты яндекс;829000;3;20;5303;17;5;pay.yandex.ru
оплата через яндекс;824000;3;19;3196;16;5;pay.yandex.ru
как подключить сплит в яндекс маркете на телефоне;2000000;8;49;10;10;5;pay.yandex.ru
оплата yandex;1000000;2;13;1425;13;5;pay.yandex.ru
qr код yandex;596000;3;13;571;18;5;pay.yandex.ru
яндекс пэй бесконтактная оплата;902000;4;31;113;7;5;pay.yandex.ru
split yandex ru личный кабинет;2000000;5;30;52;1;5;pay.yandex.ru
покупки в сплит это как;2000000;5;23;12;2;5;pay.yandex.ru
оплата частями сайт;2000000;3;19;409;4;5;pay.yandex.ru
кьюар код на яндекс;646000;4;19;334;2;5;pay.yandex.ru
мои сплиты яндекс маркет;580000;4;24;39;3;5;pay.yandex.ru
яндекс pay платежная система для андроид;793000;6;40;1;1;5;pay.yandex.ru
сплит что это такое на яндекс;373000;6;29;97;5;5;pay.yandex.ru
яндекс pei;480000;2;10;8;3;5;pay.yandex.ru
яндекс плейс личный кабинет;941000;4;27;5;4;5;pay.yandex.ru
qr коды яндекс;590000;3;14;16729;3;5;pay.yandex.ru
яндекса пей;416000;2;11;131231;5;5;pay.yandex.ru
плей яндекс ру;1000000;3;14;25;4;5;pay.yandex.ru
оплата в несколько этапов;624000;4;25;132;2;5;pay.yandex.ru
я пэй это;2000000;3;9;282;4;5;pay.yandex.ru
рассрочка яндекс сплит что это;623000;5;30;34;7;5;pay.yandex.ru
yandex эквайринг;4000;2;16;3;1;5;pay.yandex.ru
аккаунт яндекс сплит;967000;3;20;4277;204;6;pay.yandex.ru
сплит яндекс магазины партнеры;2000000;4;30;586;234;6;pay.yandex.ru
что такое яндекс сплит;484000;4;22;6018;1599;6;pay.yandex.ru
яндекс сплит партнеры магазины;1000000;4;30;586;234;6;pay.yandex.ru
яндекс пей что это;629000;4;18;3468;623;6;pay.yandex.ru
яндекс сплит аккаунт;937000;3;20;4277;204;6;pay.yandex.ru
яндекс пкй;572000;2;10;15;0;5;pay.yandex.ru
яндекс сплит личный кабинет вход;2000000;5;32;2860;1147;6;pay.yandex.ru
яндекс сплит личный кабинет войти;3000000;5;33;2903;1633;6;pay.yandex.ru
яндекс пэй скачать;981000;3;18;1288;578;6;pay.yandex.ru
split yandex account;537000;3;20;258;0;5;pay.yandex.ru
сплит яндекс что это;557000;4;20;5299;2384;6;pay.yandex.ru
яндекс сплит личный кабинет войти в личный кабинет;2000000;8;50;604;226;6;pay.yandex.ru
что такое сплит яндекс;606000;4;22;6018;1599;6;pay.yandex.ru
payture yandex;100000;2;14;1;0;5;pay.yandex.ru
что такое сплит в яндекс;503000;5;24;2071;203;6;pay.yandex.ru
яндекс сплин личный кабинет;1000000;4;27;89;58;6;pay.yandex.ru
история платежей яндекс;1000000;3;23;511;73;6;pay.yandex.ru
сплит яндекс кабинет;504000;3;20;23721;102;6;pay.yandex.ru
что такое сплит от яндекс маркет;648000;6;32;82;72;6;pay.yandex.ru
яндекс пей телефон горячей линии;2000000;5;32;500;88;6;pay.yandex.ru
где работает яндекс сплит;2000000;4;25;122;60;6;pay.yandex.ru
сплит оплата личный кабинет;2000000;4;27;633;157;6;pay.yandex.ru
яндекс пей что это такое;1000000;5;24;589;89;6;pay.yandex.ru
сплит яндекс маркет личный кабинет;1000000;5;34;239;141;6;pay.yandex.ru
оплата в сплит что значит;574000;5;25;160;73;6;pay.yandex.ru
яндекс сплит график платежей;881000;4;28;1037;168;6;pay.yandex.ru
как работает яндекс сплит для покупателя;2000000;6;40;165;141;6;pay.yandex.ru
кабинет сплит;837000;2;13;32761;63;6;pay.yandex.ru
яндекс способы оплаты;952000;3;21;5343;103;6;pay.yandex.ru
скачать яндекс сплит;988000;3;20;559;196;6;pay.yandex.ru
мой сплит яндекс личный кабинет;1000000;5;31;78;53;6;pay.yandex.ru
что такое я пэй;1000000;4;15;178;22;6;pay.yandex.ru
яндекс пэй служба поддержки телефон;2000000;5;35;65;25;6;pay.yandex.ru
как сделать сплит в яндекс маркет;1000000;6;33;221;30;6;pay.yandex.ru
сплит яндекс маркет как пользоваться;837000;5;36;328;25;6;pay.yandex.ru
купить в сплит что это;721000;5;22;108;26;6;pay.yandex.ru
yandex qr code;683000;3;14;152;23;6;pay.yandex.ru
сплит условия;2000000;2;13;2467;41;6;pay.yandex.ru
сплит на яндекс маркет что это;921000;6;30;232;29;6;pay.yandex.ru
кьюар яндекс;381000;2;12;1825;33;6;pay.yandex.ru
сплит яндекс маркет что это такое;1000000;6;33;229;26;6;pay.yandex.ru
сплит в яндекс маркете что это такое;625000;7;36;73;46;6;pay.yandex.ru
я сплит личный кабинет;711000;4;22;49;41;6;pay.yandex.ru
интеграция яндекс;38000;2;17;5405;23;6;pay.yandex.ru
яндекс api документация;536000;3;23;298;31;6;pay.yandex.ru
яндекс sdk;370000;2;10;760;52;6;pay.yandex.ru
как работает система сплит в яндекс маркет;2000000;7;42;38;22;6;pay.yandex.ru
кнопка оплаты;512000;2;13;4485;5;6;pay.yandex.ru
qr код на яндекс;940000;4;16;3370;7;6;pay.yandex.ru
оплата сплитом яндекс маркет что это;1000000;6;36;26;11;6;pay.yandex.ru
что такое я пай;1000000;4;15;24;7;6;pay.yandex.ru
яндекс маркет сплит как включить;380000;5;32;71;8;6;pay.yandex.ru
покупка в сплит что это значит;728000;6;30;7;6;6;pay.yandex.ru
как платить сплитом на яндекс;678000;5;29;129;16;6;pay.yandex.ru
я pay приложение;435000;3;16;80;10;6;pay.yandex.ru
условия сплит яндекс маркет;1000000;4;27;77;14;6;pay.yandex.ru
проведение оплаты;543000;2;17;9382;7;6;pay.yandex.ru
yandex pay скачать;573000;3;18;48;16;6;pay.yandex.ru
я маркет сплит;8000;3;14;389;14;6;pay.yandex.ru
как оформить сплит на яндекс маркет в приложении;2000000;8;48;8;7;6;pay.yandex.ru
плати яндекс;650000;2;12;37461;11;6;pay.yandex.ru
y pay;190000;2;5;556;21;6;pay.yandex.ru
яндекс сплит что это за банк;811000;6;28;5;5;6;pay.yandex.ru
как оплачивать сплит на яндекс;587000;5;30;474;1;6;pay.yandex.ru
yandex ru qr code;1000000;4;17;33;1;6;pay.yandex.ru
оплата равными частями;531000;3;22;460;3;6;pay.yandex.ru
qr код яндекс скачать;1000000;4;21;99;1;6;pay.yandex.ru
как установить яндекс pay;67000;4;25;20;2;6;pay.yandex.ru
услуга оплата частями;2000000;3;21;4372;1;6;pay.yandex.ru
что такое оформить сплит в яндекс маркете;773000;7;41;5;4;6;pay.yandex.ru
платежные системы битрикс;794000;3;25;174;2;6;pay.yandex.ru
виджет оплаты;422000;2;13;378;4;6;pay.yandex.ru
оплата через пей;823000;3;16;1682;2;6;pay.yandex.ru
выполняется проверка платежа;393000;3;28;48;5;6;pay.yandex.ru
сплит что это такое простыми словами в яндекс;1000000;8;45;11;4;6;pay.yandex.ru
скачать яндекс qr код;1000000;4;21;89;1;6;pay.yandex.ru
как оформить сплит на 6 месяцев;3000000;6;31;49;4;6;pay.yandex.ru
что такое сплит в яндекс маркете и как пользоваться программой;1000000;10;62;10;5;6;pay.yandex.ru
что такое сплит в яндекс маркете и как;447000;8;38;300;0;6;pay.yandex.ru
что такое сплит яндекс маркет;619000;5;29;2037;89;7;pay.yandex.ru
личный кабинет сплит яндекс маркет;42000;5;34;239;141;7;pay.yandex.ru
как работает сплит в яндекс маркете;1000000;6;35;522;242;7;pay.yandex.ru
яндекс маркет сплит личный кабинет;824000;5;34;239;141;7;pay.yandex.ru
где можно оплатить яндекс сплит;1000000;5;31;569;172;7;pay.yandex.ru
сплит график платежей;279000;3;21;1824;100;7;pay.yandex.ru
яндекс сплит поддержка;2000000;3;22;2355;866;7;pay.yandex.ru
сплит яндекс личный кабинет вход по номеру телефона;2000000;8;51;888;218;7;pay.yandex.ru
сплит личный кабинет вход;1000000;4;25;3369;283;7;pay.yandex.ru
яндекс сплин;5000;2;12;876;167;7;pay.yandex.ru
пей;860000;1;3;10383170;3032;7;pay.yandex.ru
сплит яндекс оплатить;1000000;3;21;11318;563;7;pay.yandex.ru
сплит оплата это;2000000;3;16;1174;114;7;pay.yandex.ru
что такое сплит оплата;373000;4;22;979;265;7;pay.yandex.ru
y pay что это;165000;4;13;10;0;6;pay.yandex.ru
я пей что это;103000;4;13;7815;87;7;pay.yandex.ru
мой сплит яндекс личный;1000000;4;23;105;27;7;pay.yandex.ru
что значит купить в сплит;573000;5;25;91;44;7;pay.yandex.ru
сплит яндекс маркет что это;621000;5;27;687;50;7;pay.yandex.ru
яндекс сплит лого;277000;3;17;62;43;7;pay.yandex.ru
яндекс qr code;1000000;3;14;308;47;7;pay.yandex.ru
яндекс договор;10000;2;14;13756;29;7;pay.yandex.ru
сплит в яндекс маркете что это;424000;6;30;277;64;7;pay.yandex.ru
яндекс слип;571000;2;11;248;48;7;pay.yandex.ru
сплит яндекс маркет рассрочка;1000000;4;29;329;52;7;pay.yandex.ru
яндекс сплит договор;694000;3;20;375;46;7;pay.yandex.ru
яндекс pay скачать;833000;3;18;160;73;7;pay.yandex.ru
правовые документы яндекс;1000000;3;25;222;57;7;pay.yandex.ru
как оплатить в яндекс маркете сплитом;635000;6;37;398;32;7;pay.yandex.ru
сплит кабинет;782000;2;13;30951;52;7;pay.yandex.ru
yandex split личный кабинет;799000;4;27;193;82;7;pay.yandex.ru
яндекс плюс сплит;768000;3;17;743;26;7;pay.yandex.ru
оффлайн оплата;405000;2;14;205;7;7;pay.yandex.ru
что за сплит на яндекс маркете;556000;6;30;37;10;7;pay.yandex.ru
оплата через яндекс пей;1000000;4;23;213;13;7;pay.yandex.ru
яндекс платеж;6000;2;13;12534;10;7;pay.yandex.ru
сплит мой кабинет;155000;3;17;123;11;7;pay.yandex.ru
ор код яндекс;571000;3;13;36;9;7;pay.yandex.ru
callback url что это;185000;4;20;25;19;7;pay.yandex.ru
сплит чек что это;143000;4;17;22;12;7;pay.yandex.ru
создать карту яндекс пэй;61000;4;24;121;17;7;pay.yandex.ru
условия сплита;2000000;2;14;2496;11;7;pay.yandex.ru
как получить сплит в яндексе;1000000;5;28;212;20;7;pay.yandex.ru
как платить сплит в яндекс;523000;5;26;340;18;7;pay.yandex.ru
кюр код яндекс;810000;3;14;51;10;7;pay.yandex.ru
сплит что это в яндекс маркет;644000;6;29;277;16;7;pay.yandex.ru
как зайти в личный кабинет яндекс сплит;1000000;7;39;30;22;7;pay.yandex.ru
яндекс сплит личный кабинет вход по номеру телефона без пароля;3000000;10;62;158;7;7;pay.yandex.ru
виджеты для оплаты на сайте;2000000;5;27;2;0;7;pay.yandex.ru
яндекс маркет покупка сплитом;1000000;4;29;521;2;7;pay.yandex.ru
qr код в яндексе;472000;4;16;6030;4;7;pay.yandex.ru
split yandex ru account limit;1000000;5;29;1;1;7;pay.yandex.ru
кюар код в яндексе;760000;4;18;372;3;7;pay.yandex.ru
sdk личный кабинет;325000;3;18;6;0;7;pay.yandex.ru
кеу рау личный кабинет вход;1000000;5;27;7;6;7;pay.yandex.ru
яндекс кюр код;749000;3;14;48;4;7;pay.yandex.ru
оплаты частями;1000000;2;14;66417;5;7;pay.yandex.ru
запрещенные виды деятельности в рф;2000000;5;34;188;3;7;pay.yandex.ru
https id yandex ru pay history;2000000;6;30;33;6;7;pay.yandex.ru
я pay что это и как работает;1000000;7;28;8;6;7;pay.yandex.ru
сплитирование платежей;60000;2;22;6;1;7;pay.yandex.ru
кр код яндекс онлайн;2000000;4;20;61;4;7;pay.yandex.ru
яндекс куэр код;753000;3;15;56;6;7;pay.yandex.ru
клиент оформил сплит и оплатил первую часть;2000000;7;43;2;0;7;pay.yandex.ru
скачать яндекс pay;926000;3;18;147;66;8;pay.yandex.ru
яндекс сплит партнеры список;2000000;4;28;381;85;8;pay.yandex.ru
оплатить яндекс;1000000;2;15;69616;176;8;pay.yandex.ru
как оплачивать яндекс сплит;572000;4;27;4079;80;8;pay.yandex.ru
sdk yandex;177000;2;10;1985;123;8;pay.yandex.ru
сплит личный кабинет оплатить;1000000;4;29;345;68;8;pay.yandex.ru
яндекс пэй что это;622000;4;18;3743;713;8;pay.yandex.ru
yandex sdk;195000;2;10;1985;123;8;pay.yandex.ru
что такое яндекс пэй;400000;4;20;2686;401;8;pay.yandex.ru
яндекс сплит войти в личный кабинет;2000000;6;35;604;101;8;pay.yandex.ru
как подключить оплату по факту;1000000;5;30;62;0;7;pay.yandex.ru
сплит яндекс как оплатить;663000;4;25;4079;537;8;pay.yandex.ru
сплит где можно использовать;2000000;4;28;201;69;8;pay.yandex.ru
яндекс пэй приложение;2000000;3;21;1559;388;8;pay.yandex.ru
что такое покупки в сплит;475000;5;25;144;0;7;pay.yandex.ru
купить в сплит что это такое;1000000;6;28;63;48;8;pay.yandex.ru
что такое сплит при покупке товара;666000;6;34;9;8;8;pay.yandex.ru
какие магазины работают с яндекс сплит;2000000;6;38;64;13;8;pay.yandex.ru
яндекс пэй скачать бесплатно;2000000;4;28;152;20;8;pay.yandex.ru
как включить сплит на яндекс маркете;892000;6;36;19;11;8;pay.yandex.ru
оплатить сплит яндекс маркет;1000000;4;28;1783;17;8;pay.yandex.ru
что такое яндекс пай;442000;4;20;57;8;8;pay.yandex.ru
что такое купить в сплит;641000;5;24;121;28;8;pay.yandex.ru
яндекс оплата картой;2000000;3;20;10483;18;8;pay.yandex.ru
pay платежная система;821000;3;21;1050;25;8;pay.yandex.ru
яндекс эквайринг для интернет магазина;83000;5;38;19;17;8;pay.yandex.ru
сплит это в яндекс маркете;519000;5;26;394;36;8;pay.yandex.ru
что означает сплит в яндекс маркете;468000;6;35;52;25;8;pay.yandex.ru
я пэй приложение;2000000;3;16;76;10;8;pay.yandex.ru
покупка в сплит яндекс маркет как работает;649000;7;42;21;20;8;pay.yandex.ru
слип яндекс;565000;2;11;266;44;8;pay.yandex.ru
что значит оформить сплит в яндекс маркете;876000;7;42;7;7;8;pay.yandex.ru
карта яндекс pay;867000;3;16;2766;329;9;pay.yandex.ru
payment widget;88000;2;14;637;0;8;pay.yandex.ru
япэй скачать;453000;2;12;6;3;8;pay.yandex.ru
скачать яндекс пэй;1000000;3;18;1289;588;9;pay.yandex.ru
как настроить яндекс pay;641000;4;24;12;2;8;pay.yandex.ru
сплит яндекс рассрочка;1000000;3;22;2488;416;9;pay.yandex.ru
что такое сплит в яндекс маркете и как он работает для чайников;826000;12;63;7;5;8;pay.yandex.ru
yandex pay android;486000;3;18;21;3;8;pay.yandex.ru
как действует сплит в яндекс маркет;744000;6;35;9;5;8;pay.yandex.ru
yandex pay скачать приложение;892000;4;29;3;1;8;pay.yandex.ru
скачать яндекс сплит для андроид;938000;5;32;63;6;8;pay.yandex.ru
как покупать в яндекс маркете сплитом;951000;6;37;88;5;8;pay.yandex.ru
как оплатить яндекс сплит;928000;4;25;4079;537;9;pay.yandex.ru
система оплаты частями;1000000;3;22;1385;4;8;pay.yandex.ru
сплит в яндекс маркете условия;2000000;5;30;22;6;8;pay.yandex.ru
мануал яндекс сплит;536000;3;19;824;252;9;pay.yandex.ru
платежная система pay;724000;3;21;996;26;9;pay.yandex.ru
оформить сплит на яндекс маркет;1000000;5;31;490;38;9;pay.yandex.ru
оплата товаров и услуг;1000000;4;22;11951;51;9;pay.yandex.ru
яндекс партнерам личный кабинет;1000000;4;31;1974;37;9;pay.yandex.ru
яндекс pay что это;300000;4;18;122;40;9;pay.yandex.ru
яндекс эквайринг;1000000;2;16;385;27;9;pay.yandex.ru
как оформить сплит;177000;3;18;2600;153;9;pay.yandex.ru
яндекс кр код;2000000;3;13;656;50;9;pay.yandex.ru
яндекс сплит посмотреть платежи;1000000;4;31;906;78;9;pay.yandex.ru
как посмотреть сплит в яндекс;728000;5;29;552;39;9;pay.yandex.ru
сплин яндекс;493000;2;12;876;179;9;pay.yandex.ru
приложение сплит;917000;2;16;2680;117;9;pay.yandex.ru
сплит в яндекс маркете это;506000;5;26;394;36;9;pay.yandex.ru
яндекс сплит личный кабинет вход по номеру телефона войти в личный кабинет;3000000;12;74;152;53;9;pay.yandex.ru
яндекс сплит система;2000000;3;20;2044;216;9;pay.yandex.ru
яндекс пай скачать;974000;3;18;45;26;9;pay.yandex.ru
как оплачивать сплитом в яндекс маркет;421000;6;38;398;8;9;pay.yandex.ru
как вернуть деньги за яндекс доставку;1000000;6;37;69;9;9;pay.yandex.ru
как подключить сплит на яндекс маркете через телефон;2000000;8;52;24;12;9;pay.yandex.ru
офлайн оплата;976000;2;13;480;9;9;pay.yandex.ru
как сплитануть в яндекс маркете;227000;5;31;15;12;9;pay.yandex.ru
как покупать на яндекс маркете со сплитом;1000000;7;41;8;8;9;pay.yandex.ru
скачать приложение яндекс pay;1000000;4;29;33;21;9;pay.yandex.ru
как пользоваться сплит в яндекс маркете;717000;6;39;186;12;9;pay.yandex.ru
интернет эквайринг яндекс;927000;3;25;64;16;9;pay.yandex.ru
как активировать сплит яндекс маркет;499000;5;36;38;10;9;pay.yandex.ru
тег 1212 признак предмета расчета;159000;5;33;39;21;9;pay.yandex.ru
как купить через яндекс сплит;946000;5;29;202;20;9;pay.yandex.ru
yandex docs api;304000;3;15;95;8;9;pay.yandex.ru
как установить яндекс пэй;900000;4;25;75;12;9;pay.yandex.ru
карты яндекс pay;1000000;3;16;2743;22;9;pay.yandex.ru
как происходит оплата сплитом в яндекс маркете;939000;7;46;17;6;9;pay.yandex.ru
скачать яндекс пей;885000;3;18;1943;817;10;pay.yandex.ru
подключение магазинов к платежным системам;1000000;5;42;18;0;9;pay.yandex.ru
как подключить yandex pay;225000;4;25;9;2;9;pay.yandex.ru
карта яндекс пэй;1000000;3;16;32550;5055;10;pay.yandex.ru
как вернуть деньги в яндекс;994000;5;27;1849;2;9;pay.yandex.ru
яндекс пей скачать;1000000;3;18;1941;834;10;pay.yandex.ru
yandex pickup;164000;2;13;87;5;9;pay.yandex.ru
оффлайн платежи;133000;2;15;36;2;9;pay.yandex.ru
кнопка pay;233000;2;10;547;2;9;pay.yandex.ru
оформить оплату частями;1000000;3;23;847;0;9;pay.yandex.ru
оплата в сплит на яндекс маркете;1000000;6;32;102;6;9;pay.yandex.ru
как вернуть деньги с яндекс кошелька;652000;6;36;13;4;9;pay.yandex.ru
пэй;414000;1;3;344051;3537;10;pay.yandex.ru
яндекс доставка как вернуть деньги;1000000;5;34;207;2;9;pay.yandex.ru
что такое сплит в яндекс маркете какой банк;713000;8;43;9;6;9;pay.yandex.ru
что такое яндекс пей;579000;4;20;2344;405;10;pay.yandex.ru
как оформить сплит яндекс маркет;767000;5;32;780;17;10;pay.yandex.ru
как активировать сплит;28000;3;22;262;25;10;pay.yandex.ru
p ai;617000;2;4;6541;57;10;pay.yandex.ru
яндекс пей бесконтактная оплата;800000;4;31;184;24;10;pay.yandex.ru
оплата pay;278000;2;10;10501;43;10;pay.yandex.ru
как купить товар в сплит на яндекс маркете;2000000;8;42;41;18;10;pay.yandex.ru
яндекс пэй что это и как пользоваться;787000;7;37;204;179;10;pay.yandex.ru
пей оплата;232000;2;10;13481;50;10;pay.yandex.ru
что такое яндекс пэй и как им пользоваться;879000;8;42;82;78;10;pay.yandex.ru
яндекс сплит в каких магазинах действует;1000000;6;40;61;37;10;pay.yandex.ru
как оплатить сплит;810000;3;18;8252;214;10;pay.yandex.ru
как оплатить в сплит в яндекс маркете;652000;7;37;398;86;10;pay.yandex.ru
доли яндекс;388000;2;11;2895;19;10;pay.yandex.ru
как работает сплит на яндекс маркете;2000000;6;36;241;74;10;pay.yandex.ru
яндекс pay карта;1000000;3;16;2743;325;10;pay.yandex.ru
сплит это яндекс маркет;566000;4;23;889;14;10;pay.yandex.ru
разбить в сплит;65000;3;15;80;1;10;pay.yandex.ru
сплит в яндекс маркете что;471000;5;26;3571;2;10;pay.yandex.ru
яндекс пай бесконтактная оплата;730000;4;31;7;3;10;pay.yandex.ru
как настроить яндекс пэй;584000;4;24;95;2;10;pay.yandex.ru
я пей приложение;433000;3;16;165;3;10;pay.yandex.ru
яндекс pay для андроид платежная система;711000;6;40;1;1;10;pay.yandex.ru
что такое оплата сплитом на яндекс маркете;758000;7;42;22;7;10;pay.yandex.ru
как заплатить сплит на яндекс маркете;505000;6;37;18;3;10;pay.yandex.ru
скачать яндекс сплит для андроид бесплатно;2000000;6;42;33;6;10;pay.yandex.ru
yandex pull;165000;2;11;57;2;10;pay.yandex.ru
бесконтактная оплата яндекс пэй;870000;4;31;91;7;10;pay.yandex.ru
от чего зависит сумма сплита в яндекс;672000;7;37;14;6;10;pay.yandex.ru
что значит разбить в сплит яндекс маркет;672000;7;40;1;1;10;pay.yandex.ru
как пользоваться сплитом на яндекс маркете с телефона андроид;2000000;9;61;5;5;10;pay.yandex.ru
сервис рассрочки для интернет магазинов;1000000;5;39;20;12;10;pay.yandex.ru
пей канал;1000000;2;9;1642;0;10;pay.yandex.ru
yandex pay что это и как пользоваться;266000;7;37;9;8;11;pay.yandex.ru
что такое оплата яндекс пей;918000;5;27;31;14;11;pay.yandex.ru
япэй что такое;76000;3;14;48;28;11;pay.yandex.ru
как платить сплитом на яндекс маркете через телефон;62000;8;51;16;13;11;pay.yandex.ru
оплатить яндекс пей;782000;3;19;2735;18;11;pay.yandex.ru
что такое сплит при покупке;313000;5;27;111;9;11;pay.yandex.ru
play яндекс;6000;2;11;3284;212;11;pay.yandex.ru
как оформить сплит на яндекс маркете;748000;6;36;239;18;11;pay.yandex.ru
как оплачивать сплит в яндекс маркете;710000;6;37;398;57;11;pay.yandex.ru
как пользоваться сплитом на яндекс маркете с телефона;2000000;8;53;23;17;11;pay.yandex.ru
яндекс пей приложение;1000000;3;21;1399;263;11;pay.yandex.ru
что такое сплит в яндекс маркете и как пользоваться;781000;9;51;156;113;11;pay.yandex.ru
yandex pay приложение;739000;3;21;41;11;11;pay.yandex.ru
яндекс рей;573000;2;10;605;48;11;pay.yandex.ru
яндекс сплит как оплатить;750000;4;25;4079;537;11;pay.yandex.ru
что такое яндекс пэй и как он работает;2000000;8;38;8;8;11;pay.yandex.ru
яндекс pay что это и как работает;1000000;7;33;11;7;11;pay.yandex.ru
как установить яндекс пей;989000;4;25;85;10;12;pay.yandex.ru
