"﻿""Ключевое слово""";Результатов в Яндексе;Слов;Символов;Частотность Весь мир;"""!Частотность !Весь !мир""";Позиция в выдаче Яндекса;site.yandex.ru
поиск по сайту яндекс;2000000;4;21;690;75;1;site.yandex.ru
яндекс искать на сайте;2000000;4;22;277;4;1;site.yandex.ru
установить поиск;1000000;2;16;14563;10;1;site.yandex.ru
как установить яндекс поиск;1000000;4;27;970;17;1;site.yandex.ru
искать на сайте через яндекс;2000000;5;28;59;8;1;site.yandex.ru
yandex поиск по сайту;2000000;4;21;87;13;1;site.yandex.ru
site yandex ru;2000000;3;14;2324;5;1;site.yandex.ru
яндекс поиск для сайта;3000000;4;22;414;66;1;site.yandex.ru
поиск для сайта от яндекса;2000000;5;26;31;15;1;site.yandex.ru
яндекс поиск на сайте;2000000;4;21;1295;42;1;site.yandex.ru
поиск яндекса на сайт;3000000;4;21;1332;12;1;site.yandex.ru
поиск яндекс для сайта;2000000;4;22;425;72;1;site.yandex.ru
поиск на сайте яндекс;2000000;4;21;1332;46;1;site.yandex.ru
yandex поиск на сайте;2000000;4;21;169;6;1;site.yandex.ru
яндекс поиск на сайт;2000000;4;20;1295;34;1;site.yandex.ru
яндекс поиск по сайту;3000000;4;21;661;72;1;site.yandex.ru
установить поиск яндекс;1000000;3;23;1928;81;2;site.yandex.ru
как сделать поиск по сайту в яндексе;2000000;7;36;49;12;4;site.yandex.ru
поиск на сайт;431000;3;13;33771;4;3;site.yandex.ru
site yandex com;1000000;3;15;708;0;2;site.yandex.ru
как искать по сайту через яндекс;166000;6;32;5;1;3;site.yandex.ru
яндекс поиск установить;2000000;3;23;1928;85;3;site.yandex.ru
установить яндекс поиск;2000000;3;23;1928;81;4;site.yandex.ru
поиск на сайте через яндекс;6000;5;27;93;25;2;site.yandex.ru
site yandex net;475000;3;15;532;0;2;site.yandex.ru
яндекс для сайта;2000000;3;16;16573;8;2;site.yandex.ru
yandex site;2000000;2;11;4744;9;3;site.yandex.ru
специальный поиск на сервисе яндекс;374000;5;35;62;31;2;site.yandex.ru
как установить поиск яндекс;2000000;4;27;970;17;2;site.yandex.ru
яндекс поиск по сайту пример;2000000;5;28;1;0;3;site.yandex.ru
поисковик для сайта;2000000;3;19;436;5;2;site.yandex.ru
поиск по сайту через яндекс;3000000;5;27;85;47;2;site.yandex.ru
как искать на сайте через яндекс;332000;6;32;45;7;4;site.yandex.ru
поиск текста на сайте яндекс;2000000;5;28;41;5;10;site.yandex.ru
как подключить поиск;989000;3;20;1714;10;8;site.yandex.ru
яндекс поиск на конкретном сайте;868000;5;32;33;4;6;site.yandex.ru
поиск по конкретному сайту яндекс;92000;5;33;9;3;8;site.yandex.ru
поиск по определенному сайту яндекс;2000000;5;35;24;0;6;site.yandex.ru
яндекс найти на странице;2000000;4;24;884;5;10;site.yandex.ru
яндекс поиск по определенному сайту;360000;5;35;23;0;4;site.yandex.ru
сервис поиска по сайту;3000000;4;22;290;2;6;site.yandex.ru
как установить поиск;2000000;3;20;3475;5;5;site.yandex.ru
yandex sek;160000;2;10;2032;17;8;site.yandex.ru
яндекс поиск для интернет магазинов;2000000;5;35;9;1;4;site.yandex.ru
поиск на определенном сайте через яндекс;2000000;6;40;16;6;5;site.yandex.ru
яндекс поиски;6000;2;13;687017;64;10;site.yandex.ru
поставь поисковик;200000;2;17;851;0;5;site.yandex.ru
яндекс поиск по конкретному сайту;2000000;5;33;10;3;4;site.yandex.ru
