"﻿""Ключевое слово""";Результатов в Яндексе;Слов;Символов;Частотность Весь мир;"""!Частотность !Весь !мир""";Позиция в выдаче Яндекса;smena.yandex.ru
яндекс смена;621000;2;12;42754;10034;1;smena.yandex.ru
приложение где можно найти подработку;2000000;5;37;69;27;1;smena.yandex.ru
яндекс смена работа;1000000;3;19;1173;90;1;smena.yandex.ru
яндекс работа приложение;2000000;3;24;3526;124;1;smena.yandex.ru
яндекс подработки;874000;2;17;9529;63;1;smena.yandex.ru
яндекс смена это;2000000;3;16;1479;118;1;smena.yandex.ru
яндекс подработка спб;880000;3;21;187;36;1;smena.yandex.ru
яндекс смена подработка;141000;3;23;1926;996;1;smena.yandex.ru
яндекс подработка приложение;1000000;3;28;311;123;1;smena.yandex.ru
яндекс смена приложение;1000000;3;23;1753;153;1;smena.yandex.ru
подработка в яндекс;1000000;3;19;2198;117;1;smena.yandex.ru
подработка яндекс;1000000;2;17;9395;1754;1;smena.yandex.ru
яндекс смена скачать;951000;3;20;1118;327;1;smena.yandex.ru
подработка в яндексе;918000;3;20;2198;49;1;smena.yandex.ru
яндекс смена приложение скачать;1000000;4;31;446;150;1;smena.yandex.ru
яндекс подработка;1000000;2;17;9529;1781;1;smena.yandex.ru
яндекс работа подработка;1000000;3;24;340;21;1;smena.yandex.ru
яндекс работа без опыта;2000000;4;23;3130;40;2;smena.yandex.ru
яндекс подработка в москве;465000;4;26;79;5;1;smena.yandex.ru
подработка от яндекса;919000;3;21;138;10;1;smena.yandex.ru
яндекс смена что это;578000;4;20;1227;616;2;smena.yandex.ru
приложение для поиска подработки на андроид;1000000;6;43;13;7;1;smena.yandex.ru
приложения для подработки в москве;859000;5;34;392;64;2;smena.yandex.ru
яндекс занятость;474000;2;16;1150;17;1;smena.yandex.ru
поучаствовать в розыгрыше;62000;3;25;536;8;1;smena.yandex.ru
подработка рядом с домом приложение;1000000;5;35;37;12;1;smena.yandex.ru
приложение для работы в яндекс;2000000;5;30;1077;6;1;smena.yandex.ru
подработки для самозанятых;672000;3;26;2121;19;1;smena.yandex.ru
подработка в приложении на телефоне;2000000;5;35;22;12;1;smena.yandex.ru
розыгрыш яндекс;470000;2;15;4103;234;2;smena.yandex.ru
приложение для поиска подработки в москве;2000000;6;41;34;10;1;smena.yandex.ru
подработка от яндекс;867000;3;20;138;20;1;smena.yandex.ru
конкурс яндекс;508000;2;14;1398;31;2;smena.yandex.ru
как найти подработку рядом с домом;72000;6;34;9;7;2;smena.yandex.ru
подработка самозанятый;593000;2;22;3174;12;2;smena.yandex.ru
подработка яндекс задания;1000000;3;25;87;14;2;smena.yandex.ru
самозанятый подработка;611000;2;22;3174;12;2;smena.yandex.ru
заработок на выходных;88000;3;21;671;12;2;smena.yandex.ru
принять участие в розыгрыше;665000;4;27;1539;7;2;smena.yandex.ru
онлайн смена;455000;2;12;65829;24;2;smena.yandex.ru
приложение для подработки екатеринбург;1000000;4;38;36;13;2;smena.yandex.ru
как за ночь заработать деньги;204000;5;29;83;21;2;smena.yandex.ru
скачать приложение для подработки;1000000;4;33;131;12;2;smena.yandex.ru
приложение для самозанятых работа подработка;2000000;5;44;55;24;2;smena.yandex.ru
подработка разовые задания;767000;3;26;197;22;2;smena.yandex.ru
приложение по подработке в москве;1000000;5;33;32;7;2;smena.yandex.ru
яндекс вакансии подработка;10000;3;26;597;19;2;smena.yandex.ru
яндекс розыгрыш призов;72000;3;22;408;29;2;smena.yandex.ru
подработка на яндекс;9000;3;20;1654;6;2;smena.yandex.ru
приложения для самозанятых подработка;1000000;4;37;1109;41;3;smena.yandex.ru
подработка для самозанятых с ежедневной оплатой;1000000;6;47;189;68;3;smena.yandex.ru
где искать разовую работу;2000000;4;25;6;0;2;smena.yandex.ru
приложения для подработки в спб;1000000;5;31;160;59;3;smena.yandex.ru
подработка для девушек;1000000;3;22;2284;132;3;smena.yandex.ru
приложение для подработки в москве;2000000;5;34;392;41;3;smena.yandex.ru
разовое задание;172000;2;15;1181;4;2;smena.yandex.ru
приложение для поиска подработки;2000000;4;32;505;137;3;smena.yandex.ru
сервис для подработок;1000000;3;21;311;1;2;smena.yandex.ru
приложение для подработок;1000000;3;25;5710;73;3;smena.yandex.ru
скачать приложение подработка с ежедневной оплатой для женщин;2000000;8;61;7;4;2;smena.yandex.ru
подработка самозанятые;763000;2;22;3174;2;2;smena.yandex.ru
приложение для подработки в спб;1000000;5;31;160;43;3;smena.yandex.ru
приложение с подработкой на день в москве;3000000;7;41;1;0;2;smena.yandex.ru
смены приложение;954000;2;16;24758;5;2;smena.yandex.ru
приложение с подработкой;1000000;3;24;1502;39;3;smena.yandex.ru
приложение подработка выполнение заданий;1000000;4;40;12;7;3;smena.yandex.ru
сайт с предложениями разовой работы;3000000;5;35;20;12;3;smena.yandex.ru
приложение для поиска подработок;2000000;4;32;505;17;3;smena.yandex.ru
розыгрыш от яндекса;445000;3;19;458;12;3;smena.yandex.ru
сайт по поиску подработки;3000000;4;25;39;13;3;smena.yandex.ru
подработки для девушек;984000;3;22;2282;10;3;smena.yandex.ru
яндекс конкурс;610000;2;14;1317;29;3;smena.yandex.ru
разовое задание подработка;180000;3;26;185;14;3;smena.yandex.ru
приложения с подработкой для самозанятых;1000000;5;40;100;21;3;smena.yandex.ru
где найти разовую подработку;1000000;4;28;28;13;3;smena.yandex.ru
сайт для подработки;2000000;3;19;1061;36;3;smena.yandex.ru
как найти работу самозанятому;1000000;4;29;52;23;3;smena.yandex.ru
яндекс конкурсы;653000;2;15;1317;10;3;smena.yandex.ru
яндекс подработка в интернете;782000;4;29;127;19;3;smena.yandex.ru
подработка на дому яндекс;1000000;4;25;447;38;3;smena.yandex.ru
подработка в приложении;2000000;3;23;2303;7;3;smena.yandex.ru
работа через яндекс;1000000;3;19;1618;21;4;smena.yandex.ru
яндекс девушки;698000;2;14;14631;27;4;smena.yandex.ru
как найти подработку на вечернее время;2000000;6;38;155;98;4;smena.yandex.ru
сервисы для подработки;1000000;3;22;311;26;4;smena.yandex.ru
приложение подработки;1000000;2;21;10138;38;4;smena.yandex.ru
подработка приложение андроид;1000000;3;29;96;24;4;smena.yandex.ru
работа онлайн приложение;2000000;3;24;879;6;3;smena.yandex.ru
приложение для подработки самозанятым;1000000;4;37;1109;61;4;smena.yandex.ru
приложения с подработкой в москве;2000000;5;33;189;0;3;smena.yandex.ru
розыгрыш от яндекс;571000;3;18;458;29;4;smena.yandex.ru
подработка по 4 часа в день;3000000;6;27;95;7;3;smena.yandex.ru
заработать деньги челябинск;504000;3;27;154;1;3;smena.yandex.ru
разовые задания;136000;2;15;1181;24;4;smena.yandex.ru
приложение подработка;1000000;2;21;10138;209;4;smena.yandex.ru
конкурс смена;1000000;2;13;1445;7;3;smena.yandex.ru
как заработать за ночь;487000;4;22;339;19;4;smena.yandex.ru
как заработать в выходные дни;2000000;5;29;36;4;4;smena.yandex.ru
подработка по 4 часа;2000000;4;20;294;8;4;smena.yandex.ru
подработка на яндекс маркет с ежедневной оплатой;1000000;7;48;21;12;4;smena.yandex.ru
сервис подработок;1000000;2;17;756;8;4;smena.yandex.ru
программа для подработки в свободное время;2000000;6;42;11;10;4;smena.yandex.ru
подработка женщине;812000;2;18;74799;4;4;smena.yandex.ru
приложение по поиску подработки;2000000;4;31;103;18;4;smena.yandex.ru
сервис для поиска подработки;2000000;4;28;37;10;4;smena.yandex.ru
яндекс объявления работа;2000000;3;24;238;14;4;smena.yandex.ru
как заработать на выходных;1000000;4;26;76;9;4;smena.yandex.ru
сервис для подработки;1000000;3;21;311;18;4;smena.yandex.ru
сайты подработки;2000000;2;16;3710;15;4;smena.yandex.ru
как заработать в выходные;777000;4;25;102;5;4;smena.yandex.ru
подработка для девушки;888000;3;22;2284;14;4;smena.yandex.ru
подработка в интернете яндекс;1000000;4;29;119;18;4;smena.yandex.ru
как заработать деньги на выходных;467000;5;33;19;3;4;smena.yandex.ru
подработка в перми в свободное время;56000;6;36;219;49;5;smena.yandex.ru
работа рядом с домом вакансии в своем районе москва;2000000;9;51;122;62;5;smena.yandex.ru
подработка выходного дня;2000000;3;24;4467;86;5;smena.yandex.ru
смена приложение;934000;2;16;24592;58;5;smena.yandex.ru
подработка на выходные дни;2000000;4;26;1503;67;5;smena.yandex.ru
поиск исполнителей;2000000;2;18;2397;54;5;smena.yandex.ru
приложение для выполнения работ;2000000;4;31;713;0;4;smena.yandex.ru
приложения для подработок;1000000;3;25;5710;80;5;smena.yandex.ru
подработка рядом с домом;1000000;4;24;687;139;5;smena.yandex.ru
подработка на пару часов в день;2000000;6;31;237;66;5;smena.yandex.ru
приложение для заданий людям;2000000;4;28;86;2;4;smena.yandex.ru
приложение для подработки;985000;3;25;5405;487;5;smena.yandex.ru
подработка в москве в вечернее время;1000000;6;36;285;55;5;smena.yandex.ru
приложение яндекс работа;2000000;3;24;3463;120;5;smena.yandex.ru
разовая работа сайт;3000000;3;19;179;2;4;smena.yandex.ru
подработки на выходные;885000;3;22;13121;48;5;smena.yandex.ru
яндекс маркет подработка с ежедневной оплатой;1000000;6;45;48;21;5;smena.yandex.ru
подработка рядом с домом в свободное время;2000000;7;42;70;32;5;smena.yandex.ru
приложение с подработками;1000000;3;25;1502;36;5;smena.yandex.ru
приложение с подработками на каждый день;2000000;6;40;34;31;5;smena.yandex.ru
приложение с работой на один день;3000000;6;33;47;34;5;smena.yandex.ru
работа на 4 часа в день свободный график;3000000;8;40;52;23;5;smena.yandex.ru
задания для самозанятых;133000;3;23;331;39;5;smena.yandex.ru
работа недалеко от дома где живу;2000000;6;32;38;34;5;smena.yandex.ru
работа рядом с моим домом;2000000;5;25;61;37;5;smena.yandex.ru
база знаний яндекс такси;2000000;4;24;69;34;5;smena.yandex.ru
яндекс подработка на дому;2000000;4;25;479;41;5;smena.yandex.ru
приложение с подработкой на день;2000000;5;32;76;39;5;smena.yandex.ru
смена приложение для работы;1000000;4;27;236;27;5;smena.yandex.ru
подработка на 4 часа в день;3000000;6;27;469;36;5;smena.yandex.ru
работа яндекс ру;2000000;3;16;323;42;5;smena.yandex.ru
работа вечером подработка;1000000;3;25;719;21;5;smena.yandex.ru
работа в вечернюю смену;1000000;4;23;471;13;5;smena.yandex.ru
подработка женщинам;936000;2;19;74799;15;5;smena.yandex.ru
приложение по подработке;1000000;3;24;470;16;5;smena.yandex.ru
работа около дома;2000000;3;17;852;15;5;smena.yandex.ru
авито подработка на выходные;18000;4;28;117;15;5;smena.yandex.ru
какую подработку можно найти женщине на пару часов в день;3000000;10;57;19;13;5;smena.yandex.ru
подработка самозанятым в спб;7000;4;28;85;19;5;smena.yandex.ru
подработка для женщины;921000;3;22;70582;16;5;smena.yandex.ru
подработка в москве приложение;1000000;4;30;534;17;5;smena.yandex.ru
подработка рядом с домом в москве;1000000;6;33;57;15;5;smena.yandex.ru
найти подработку в краснодаре;1000000;4;29;108;19;5;smena.yandex.ru
где подработать на выходных;1000000;4;27;193;18;5;smena.yandex.ru
поиск подработки в санкт петербурге;6000;5;35;21;13;5;smena.yandex.ru
работа для самозанятых пермь;1000000;4;28;37;17;5;smena.yandex.ru
работа вечер;1000000;2;12;56384;21;5;smena.yandex.ru
работа рядом дома;2000000;3;17;8166;12;5;smena.yandex.ru
подработка на выходные суббота и воскресенье;988000;6;44;31;9;5;smena.yandex.ru
подработать в выходные дни;2000000;4;26;203;11;5;smena.yandex.ru
приложения с работой для самозанятых;968000;5;36;124;12;5;smena.yandex.ru
вечерняя работа подработка;1000000;3;26;839;10;5;smena.yandex.ru
сервис поиска исполнителей;2000000;3;26;79;11;5;smena.yandex.ru
работа в вечер;1000000;3;14;38499;10;5;smena.yandex.ru
авито подработка для школьников;16000;4;31;44;12;5;smena.yandex.ru
дополнительный заработок красноярск;601000;3;35;28;11;5;smena.yandex.ru
подработка на воскресенье;746000;3;25;398;12;5;smena.yandex.ru
сайт с подработкой;2000000;3;18;527;11;5;smena.yandex.ru
работа возле дома в москве;2000000;5;26;25;12;5;smena.yandex.ru
работа недалеко от дома;2000000;4;23;325;12;5;smena.yandex.ru
работа вечерняя подработка;1000000;3;26;864;10;5;smena.yandex.ru
приложение с работой и заданиями;2000000;5;32;559;12;5;smena.yandex.ru
вечерняя подработка в москве для женщин;1000000;6;39;139;12;5;smena.yandex.ru
подработки на вечер;538000;3;19;3287;9;5;smena.yandex.ru
подработка город уфа;969000;3;20;65;5;5;smena.yandex.ru
работа вечерняя смена;121000;3;21;710;5;5;smena.yandex.ru
найти работу на выходные дни;1000000;5;28;124;8;5;smena.yandex.ru
приложение от яндекса для заработка;1000000;5;35;6;5;5;smena.yandex.ru
вечерняя смена работа;2000000;3;21;698;6;5;smena.yandex.ru
подработка на вечернее время;1000000;4;28;837;5;5;smena.yandex.ru
авито дома лысково красный оселок;1000000;5;33;9;9;5;smena.yandex.ru
работа с вечерним графиком;1000000;4;26;89;7;5;smena.yandex.ru
подработка в воскресенье;65000;3;24;480;8;5;smena.yandex.ru
приложения для поиска подработки в москве;2000000;6;41;34;6;5;smena.yandex.ru
как найти подработку к основной работе в вечернее время в москве;2000000;11;64;9;9;5;smena.yandex.ru
яндекс работа в москве с ежедневной оплатой;1000000;7;43;65;8;5;smena.yandex.ru
подработка в вечернее время с ежедневной оплатой;2000000;7;48;258;5;5;smena.yandex.ru
работа с обеда до вечера;1000000;5;24;50;8;5;smena.yandex.ru
подработки для женщин;862000;3;21;70582;9;5;smena.yandex.ru
вечерний подработка;170000;2;19;11043;5;5;smena.yandex.ru
работа подработка вечерняя на 2 3;245000;6;33;160;0;5;smena.yandex.ru
база исполнитель;440000;2;16;1342;1;5;smena.yandex.ru
программа для подработки;905000;3;24;158;3;5;smena.yandex.ru
сервис поиска исполнителей услуг;2000000;4;32;5;1;5;smena.yandex.ru
подзаработок;555000;1;12;46;2;5;smena.yandex.ru
приложения для поиска подработки в москве с ежедневной оплатой;2000000;9;62;8;0;5;smena.yandex.ru
подработка вечерами;747000;2;19;8089;5;5;smena.yandex.ru
подработка оплата за смену;876000;4;26;155;3;5;smena.yandex.ru
работа на вечер подработка;311000;4;26;405;4;5;smena.yandex.ru
где можно работать по 4 часа;2000000;6;28;15;2;5;smena.yandex.ru
работы рядом с домом;2000000;4;20;7408;5;5;smena.yandex.ru
работа на воскресенье на один день;2000000;6;34;18;4;5;smena.yandex.ru
подработка возле дома для женщин;2000000;5;32;1;0;5;smena.yandex.ru
работы в ночную смену для студентов;1000000;6;35;66;3;5;smena.yandex.ru
подработка выполнение заданий;102000;3;29;116;5;5;smena.yandex.ru
найти работу на вечер;2000000;4;21;294;0;5;smena.yandex.ru
работа вечером;2000000;2;14;56384;85;6;smena.yandex.ru
подработка в москве в свободное время для женщин;2000000;8;48;2306;118;6;smena.yandex.ru
подработка разовая;799000;2;18;3987;169;6;smena.yandex.ru
подработка вечерняя в москве;649000;4;28;1154;94;6;smena.yandex.ru
подработка на один день;3000000;4;23;1297;148;6;smena.yandex.ru
сайты для подработки;2000000;3;20;1061;85;6;smena.yandex.ru
работа без опыта в москве для женщин;2000000;7;36;8584;599;6;smena.yandex.ru
яндекс работы;2000000;2;13;321182;158;6;smena.yandex.ru
яндекс онлайн работа на дому;3000000;5;28;385;252;6;smena.yandex.ru
подработку;7000000;1;10;1088550;119;6;smena.yandex.ru
халтура в ночь;748000;3;14;28;0;5;smena.yandex.ru
работа на дому для пенсионеров;2000000;5;30;3511;313;6;smena.yandex.ru
подработка в спб для мужчин в свободное время;2000000;8;45;596;87;6;smena.yandex.ru
приложения для подработки с ежедневной оплатой;2000000;6;46;610;197;6;smena.yandex.ru
как найти работу на выходные дни;3000000;6;32;10;0;5;smena.yandex.ru
приложения для поиска подработки;2000000;4;32;505;74;6;smena.yandex.ru
подработка вечером и в выходные;892000;5;31;293;25;6;smena.yandex.ru
работа в яндексе для студентов;653000;5;30;97;32;6;smena.yandex.ru
подработка в яндексе на дому;2000000;5;28;211;48;6;smena.yandex.ru
подработка выходные;993000;2;19;21939;31;6;smena.yandex.ru
приложения для подработки в москве с ежедневной оплатой;2000000;8;55;127;37;6;smena.yandex.ru
подработка в спб в свободное время;1000000;6;34;1749;26;6;smena.yandex.ru
подработка в москве вечером;938000;4;27;698;59;6;smena.yandex.ru
подработка приложения;5000;2;21;10138;47;6;smena.yandex.ru
сайт для поиска подработки;3000000;4;26;201;56;6;smena.yandex.ru
быстрый заработок спб;720000;3;21;88;34;6;smena.yandex.ru
работа на вечер;1000000;3;15;32972;71;6;smena.yandex.ru
приложение смена;786000;2;16;24761;59;6;smena.yandex.ru
временная работа в челябинске;1000000;4;29;63;27;6;smena.yandex.ru
работа в ночные смены;1000000;4;21;11554;56;6;smena.yandex.ru
подработка мск;587000;2;14;414;72;6;smena.yandex.ru
подработка вечер;796000;2;16;8089;24;6;smena.yandex.ru
работа на выходные подработка;1000000;4;29;509;18;6;smena.yandex.ru
подработка в москве с ежедневной оплатой в выходные дни;2000000;9;55;95;20;6;smena.yandex.ru
разовые задания подработка;770000;3;26;191;21;6;smena.yandex.ru
подработка на вечер в москве с ежедневной оплатой;940000;8;49;28;19;6;smena.yandex.ru
приложения для поиска подработки самозанятым;2000000;5;44;44;20;6;smena.yandex.ru
подработка по субботам;809000;3;22;239;18;6;smena.yandex.ru
подработка выходные дни;2000000;3;23;4467;23;6;smena.yandex.ru
подработка у дома;1000000;3;17;215;21;6;smena.yandex.ru
работа по вечерам подработка;2000000;4;28;397;23;6;smena.yandex.ru
приложение для поиска работы самозанятым;2000000;5;40;206;20;6;smena.yandex.ru
одноразовая подработка;866000;2;22;315;23;6;smena.yandex.ru
работа в москве ночная смена;1000000;5;28;513;23;6;smena.yandex.ru
подработка по выходным дням;2000000;4;27;558;19;6;smena.yandex.ru
приложения с работой ежедневной оплатой;2000000;5;39;297;22;6;smena.yandex.ru
вечерняя подработка москва;629000;3;26;1311;24;6;smena.yandex.ru
работа ближе к дому;2000000;4;19;1364;18;6;smena.yandex.ru
подработки в уфе;284000;3;16;4366;14;6;smena.yandex.ru
работа временно;137000;2;15;74200;14;6;smena.yandex.ru
где можно подработать на выходных;1000000;5;33;131;15;6;smena.yandex.ru
работа для студентов в ночь;251000;5;27;106;14;6;smena.yandex.ru
найти подработку в спб;1000000;4;22;200;15;6;smena.yandex.ru
подработки питер;348000;2;16;1273;14;6;smena.yandex.ru
подработка после работы вечером;2000000;4;31;170;17;6;smena.yandex.ru
сервис подработка;1000000;2;17;756;15;6;smena.yandex.ru
сервисы подработки;554000;2;18;756;16;6;smena.yandex.ru
вечерние подработки в москве;750000;4;28;1129;15;6;smena.yandex.ru
приложение подработка в москве;1000000;4;30;534;17;6;smena.yandex.ru
приложения по поиску подработки;2000000;4;31;103;17;6;smena.yandex.ru
сайт для подработок;2000000;3;19;1061;14;6;smena.yandex.ru
подработка в москве для девушек;999000;5;31;94;15;6;smena.yandex.ru
работа подработка на выходные;1000000;4;29;509;18;6;smena.yandex.ru
круглосуточная подработка;620000;2;25;107;13;6;smena.yandex.ru
заработок в выходные дни;2000000;4;24;1045;9;6;smena.yandex.ru
где заработать денег в нижнем новгороде;1000000;6;39;23;10;6;smena.yandex.ru
подработки в питере;511000;3;19;796;11;6;smena.yandex.ru
суббота воскресенье подработка;775000;3;30;727;10;6;smena.yandex.ru
работы с ночной сменой;1000000;4;22;2133;11;6;smena.yandex.ru
работа по субботам и воскресеньям;1000000;5;33;3018;10;6;smena.yandex.ru
подработки в омске;342000;3;18;5372;12;6;smena.yandex.ru
сайты для подработки в свободное время;2000000;6;38;17;11;6;smena.yandex.ru
временная работа в уфе;833000;4;22;51;12;6;smena.yandex.ru
яндекс работа тольятти;1000000;3;22;301;11;6;smena.yandex.ru
подработки в перми;372000;3;18;2074;12;6;smena.yandex.ru
работа на 3 4 часа в день;3000000;7;25;493;12;6;smena.yandex.ru
приложения для поиска подработок;1000000;4;32;503;10;6;smena.yandex.ru
где быстро заработать денег в екатеринбурге;1000000;6;43;15;11;6;smena.yandex.ru
замнна;5000000;1;6;96;13;6;smena.yandex.ru
подработка суббота воскресенье;675000;3;30;720;9;6;smena.yandex.ru
вечерние работы;1000000;2;15;11622;6;6;smena.yandex.ru
доп работа на выходные;1000000;4;22;52;6;6;smena.yandex.ru
вечерние подработки в москве с ежедневной оплатой;1000000;7;49;75;8;6;smena.yandex.ru
подработка на вечер для студентов;836000;5;33;39;6;6;smena.yandex.ru
подработка в москве ночные смены;642000;5;32;99;7;6;smena.yandex.ru
приложение работа онлайн;3000000;3;24;961;6;6;smena.yandex.ru
найти подработку в казани;2000000;4;25;72;8;6;smena.yandex.ru
подработка рядом с домом спб;1000000;5;28;14;7;6;smena.yandex.ru
подработка на выходной день;1000000;4;27;1503;8;6;smena.yandex.ru
где заработать денег в москве быстро ночью;1000000;7;42;6;6;6;smena.yandex.ru
яндекс найти работника;781000;3;22;50;8;6;smena.yandex.ru
подработка в петербурге;491000;3;23;1792;8;6;smena.yandex.ru
подработка в ночные смены;1000000;4;25;945;6;6;smena.yandex.ru
подработка в выходные москва;113000;4;28;2948;8;6;smena.yandex.ru
подработка 4 часа;3000000;3;17;2895;9;6;smena.yandex.ru
ищу работу в ночную смену;2000000;5;25;261;6;6;smena.yandex.ru
где заработать денег в перми;1000000;5;28;17;3;6;smena.yandex.ru
авито подработка на вечер;906000;4;25;71;4;6;smena.yandex.ru
работа на воскресенье;874000;3;21;7309;4;6;smena.yandex.ru
работа ночная подработка;1000000;3;24;383;4;6;smena.yandex.ru
найти подработку в тольятти;1000000;4;27;48;4;6;smena.yandex.ru
подработка на выходные онлайн;897000;4;29;24;3;6;smena.yandex.ru
где искать работу самозанятому;428000;4;30;53;5;6;smena.yandex.ru
скачать приложение про работу;2000000;4;29;83;4;6;smena.yandex.ru
найти подработка в выходные дни;2000000;5;31;73;4;6;smena.yandex.ru
как заработать деньги в краснодаре;557000;5;34;44;4;6;smena.yandex.ru
подработка в ночь свободный график;944000;5;34;40;5;6;smena.yandex.ru
подработка в субботу;774000;3;20;1975;5;6;smena.yandex.ru
ищу подработку на выходные;1000000;4;26;130;4;6;smena.yandex.ru
вакансии на вечер;806000;3;17;780;4;6;smena.yandex.ru
подработка для пенсионера в москве в свободное время;2000000;8;52;37;5;6;smena.yandex.ru
работа разовая подработка;1000000;3;25;128;3;6;smena.yandex.ru
ищу подработку в вечернее время;17000;5;31;44;1;6;smena.yandex.ru
подработка на пару часов москва;1000000;5;31;31;1;6;smena.yandex.ru
работа на ночную смену;1000000;4;22;4049;2;6;smena.yandex.ru
как заработать деньги в перми быстро;1000000;6;36;4;1;6;smena.yandex.ru
дополнительный заработок в нижнем новгороде;177000;5;43;5;2;6;smena.yandex.ru
найти подработку вечером;2000000;3;24;170;1;6;smena.yandex.ru
вечерняя подработка на дому;1000000;4;27;101;3;6;smena.yandex.ru
студенты на подработку;927000;3;22;2560;2;6;smena.yandex.ru
работа в ночную смену для студентов;985000;6;35;66;2;6;smena.yandex.ru
какую найти подработку в свободное время женщине;2000000;7;48;1;1;6;smena.yandex.ru
подработка в санкт петербурге в свободное время;1000000;7;47;35;3;6;smena.yandex.ru
где можно подработать вечером после основной работы;3000000;7;51;4;3;6;smena.yandex.ru
авито ночные подработки;15000;3;23;102;1;6;smena.yandex.ru
одноразовые подработки;662000;2;22;315;2;6;smena.yandex.ru
как заработать деньги в перми;475000;5;29;20;3;6;smena.yandex.ru
заработок в выходные;873000;3;20;3313;1;6;smena.yandex.ru
вакансии выходного дня;2000000;3;22;3624;92;7;smena.yandex.ru
подработка питер;348000;2;16;1273;125;7;smena.yandex.ru
подработка приложение;1000000;2;21;10138;209;7;smena.yandex.ru
работу для женщины;916000;3;18;627057;112;7;smena.yandex.ru
санкт петербург подработка;337000;3;26;3115;158;7;smena.yandex.ru
подработка в москве вечерняя;1000000;4;28;1154;94;7;smena.yandex.ru
где можно подработать ночью;2000000;4;27;30;0;6;smena.yandex.ru
работа ночная;2000000;2;13;65326;205;7;smena.yandex.ru
краснодар подработка;158000;2;20;9192;660;7;smena.yandex.ru
где подработать в москве в свободное время;2000000;7;42;196;135;7;smena.yandex.ru
подработка на выходные с ежедневными выплатами;1000000;6;46;13;0;6;smena.yandex.ru
омск подработка;132000;2;15;10256;805;7;smena.yandex.ru
вечерняя работа;2000000;2;15;11624;97;7;smena.yandex.ru
работа онлайн яндекс на дому;3000000;5;28;432;278;7;smena.yandex.ru
дополнительный заработок в краснодаре;651000;4;37;1;0;6;smena.yandex.ru
вечерняя подработка в москве;669000;4;28;1129;89;7;smena.yandex.ru
работа яндекс без опыта;2000000;4;23;3047;32;7;smena.yandex.ru
работа в спб подработка;1000000;4;23;820;38;7;smena.yandex.ru
найти подработку в барнауле;156000;4;27;84;41;7;smena.yandex.ru
яндекс для самозанятых;455000;3;22;3515;36;7;smena.yandex.ru
подработка н новгород;398000;3;21;316;39;7;smena.yandex.ru
работа рядом с домом в своем районе;2000000;7;35;787;33;7;smena.yandex.ru
подработка в москве ночью;1000000;4;25;1410;60;7;smena.yandex.ru
подработка спб онлайн;907000;3;21;103;39;7;smena.yandex.ru
шабашка в уфе;107000;3;13;493;53;7;smena.yandex.ru
подработки барнаул;87000;2;18;7286;38;7;smena.yandex.ru
работа в ночь подработка;2000000;4;24;359;69;7;smena.yandex.ru
выполнять задания за деньги приложение;7000;5;38;139;56;7;smena.yandex.ru
подработка омск с ежедневной оплатой для женщин свободный график;1000000;9;64;93;34;7;smena.yandex.ru
ночь работа;11000;2;11;89420;47;7;smena.yandex.ru
работа в москве для женщин от 40 лет без опыта;3000000;10;46;278;70;7;smena.yandex.ru
подработка онлайн екатеринбург;113000;3;30;52;31;7;smena.yandex.ru
работа выходные;1000000;2;15;233224;21;7;smena.yandex.ru
как купить смену в яндекс такси самозанятому;938000;7;44;64;23;7;smena.yandex.ru
подработка на субботу и воскресенье;1000000;5;35;207;28;7;smena.yandex.ru
сайт с подработками;2000000;3;19;527;23;7;smena.yandex.ru
работа на 4 часа;12000;4;16;14272;26;7;smena.yandex.ru
подработка в ночную смену;1000000;4;25;945;22;7;smena.yandex.ru
найти подработку в екатеринбурге;1000000;4;32;149;30;7;smena.yandex.ru
приложения подработки;838000;2;21;10277;28;7;smena.yandex.ru
подработка вечером в москве с ежедневной оплатой;984000;7;48;118;29;7;smena.yandex.ru
сайт подработок;2000000;2;15;3710;25;7;smena.yandex.ru
шабашки уфа;98000;2;11;1283;31;7;smena.yandex.ru
работы в ночную смену;1000000;4;21;11554;29;7;smena.yandex.ru
поиск исполнителя;996000;2;17;2397;22;7;smena.yandex.ru
подработка в москве на вечер;733000;5;28;300;29;7;smena.yandex.ru
где заработать денег в новосибирске;978000;5;35;79;31;7;smena.yandex.ru
работа ночной смены;1000000;3;19;16290;20;7;smena.yandex.ru
работа от яндекса;2000000;3;17;2261;17;7;smena.yandex.ru
дополнительный заработок в екатеринбурге;427000;4;40;94;17;7;smena.yandex.ru
яндекс работа для студентов;1000000;4;27;205;18;7;smena.yandex.ru
вакансии подработка в новосибирске;855000;4;34;585;17;7;smena.yandex.ru
найти подработку в нижнем новгороде;2000000;5;35;128;18;7;smena.yandex.ru
подработка на часы;943000;3;18;9670;17;7;smena.yandex.ru
подработка онлайн нижний новгород;1000000;4;33;38;19;7;smena.yandex.ru
подработка самозанятым в москве;651000;4;31;244;18;7;smena.yandex.ru
работа от яндекса на дому;2000000;5;25;68;18;7;smena.yandex.ru
подработки уфа;132000;2;14;10231;18;7;smena.yandex.ru
вакансии вечерняя подработка;7000;3;28;865;19;7;smena.yandex.ru
ищу подработку в санкт петербурге;6000;5;33;66;19;7;smena.yandex.ru
где можно подработать в спб;1000000;5;27;107;17;7;smena.yandex.ru
найти подработку в челябинске;1000000;4;29;118;18;7;smena.yandex.ru
устроиться на подработку;591000;3;24;6973;20;7;smena.yandex.ru
работа от яндекс;2000000;3;16;2261;16;7;smena.yandex.ru
подработка сегодня спб;4000000;3;22;141;13;7;smena.yandex.ru
искать подработку;7000;2;17;11160;14;7;smena.yandex.ru
как заработать деньги в челябинске быстро;875000;6;41;14;14;7;smena.yandex.ru
yandex work;203000;2;11;697;14;7;smena.yandex.ru
работа по воскресеньям;1000000;3;22;5014;14;7;smena.yandex.ru
подработка в москве в ночное время;59000;6;34;68;13;7;smena.yandex.ru
работа в яндексе без опыта;2000000;5;26;945;15;7;smena.yandex.ru
быстрая подработка спб;643000;3;22;27;14;7;smena.yandex.ru
дополнительная подработка;785000;2;25;424;14;7;smena.yandex.ru
работу рядом с домом;2000000;4;20;7408;14;7;smena.yandex.ru
приложения по подработке;1000000;3;24;476;15;7;smena.yandex.ru
как быстро заработать деньги в челябинске;974000;6;41;14;14;7;smena.yandex.ru
розыгрыш на яндекс маркет;560000;4;25;127;13;7;smena.yandex.ru
ночные смены работа москва;888000;4;26;603;14;7;smena.yandex.ru
ночные работы для студентов;1000000;4;27;213;16;7;smena.yandex.ru
подработка в ночное время в москве;1000000;6;34;68;13;7;smena.yandex.ru
шабашки нижний новгород;222000;3;23;85;9;7;smena.yandex.ru
подработку на выходные;829000;3;22;13121;10;7;smena.yandex.ru
работа на дому по выходным;2000000;5;26;231;10;7;smena.yandex.ru
работа с ночным графиком;2000000;4;24;895;9;7;smena.yandex.ru
работа в вечерние часы;2000000;4;22;668;10;7;smena.yandex.ru
подработка вечером москва;618000;3;25;820;9;7;smena.yandex.ru
ищу подработку в спб;6000;4;20;114;12;7;smena.yandex.ru
подработка нижний;256000;2;17;12079;10;7;smena.yandex.ru
найти подработку в красноярске;221000;4;30;119;11;7;smena.yandex.ru
заработок в казани;183000;3;18;281;10;7;smena.yandex.ru
работа на вечер для студентов;2000000;5;29;43;12;7;smena.yandex.ru
работа на одну ночь;3000000;4;19;897;11;7;smena.yandex.ru
подработка для пенсионерки;619000;3;26;608;9;7;smena.yandex.ru
калым нижний новгород;196000;3;21;36;10;7;smena.yandex.ru
подработка вечернее время;2000000;3;25;4713;12;7;smena.yandex.ru
дополнительный заработок в ростове на дону;657000;6;42;20;9;7;smena.yandex.ru
работы на выходные дни;2000000;4;22;30170;5;7;smena.yandex.ru
оплата за задания;892000;3;17;1927;6;7;smena.yandex.ru
как заработать деньги в волгограде;605000;5;34;28;7;7;smena.yandex.ru
подработка на субботу воскресенье;964000;4;33;318;6;7;smena.yandex.ru
работа самозанятым екатеринбург;960000;3;31;72;7;7;smena.yandex.ru
найти подработку в уфе;1000000;4;22;76;5;7;smena.yandex.ru
подработка для студентов тольятти;210000;4;33;33;8;7;smena.yandex.ru
работа на дому в свободное время для женщины;2000000;8;44;39;7;7;smena.yandex.ru
найти подработку в волгограде;1000000;4;29;36;7;7;smena.yandex.ru
работа на дому в выходные дни;2000000;6;29;309;7;7;smena.yandex.ru
ночной подработка;648000;2;17;6389;8;7;smena.yandex.ru
работа суббота воскресенье подработка;1000000;4;37;42;8;7;smena.yandex.ru
подработка на вечер москва;745000;4;26;335;6;7;smena.yandex.ru
как быстро заработать деньги в красноярске;877000;6;42;7;7;7;smena.yandex.ru
кем можно работать по выходным;2000000;5;30;61;9;7;smena.yandex.ru
работа на выходной день;178000;4;23;30172;5;7;smena.yandex.ru
работа до 5 часов вечера;3000000;5;24;51;3;7;smena.yandex.ru
доп заработок в москве;816000;4;22;8;4;7;smena.yandex.ru
ночная работа для студентов;1000000;4;27;213;5;7;smena.yandex.ru
эсцес;3000;1;5;117;4;7;smena.yandex.ru
оплата за задание;169000;3;17;1927;5;7;smena.yandex.ru
приложение о подработках;1000000;3;24;131;4;7;smena.yandex.ru
ищу подработку в ночь;1000000;4;21;31;5;7;smena.yandex.ru
подработка на субботу;814000;3;21;1835;5;7;smena.yandex.ru
приложения с подработками в москве;1000000;5;34;184;5;7;smena.yandex.ru
розыгрыш яндекса;432000;2;16;4103;5;7;smena.yandex.ru
подработка на день уфа;498000;4;22;61;5;7;smena.yandex.ru
где заработать денег в челябинске быстро;287000;6;40;12;5;7;smena.yandex.ru
вечерняя работа для студентов в москве;1000000;6;38;13;4;7;smena.yandex.ru
авито работа на выходные;1000000;4;24;210;5;7;smena.yandex.ru
подработка в москве на дому в свободное время для женщин;2000000;10;56;29;5;7;smena.yandex.ru
яндекс работа петрозаводск;1000000;3;26;82;3;7;smena.yandex.ru
как заработать деньги в казани быстро;965000;6;37;2;0;7;smena.yandex.ru
подработать в спб;338000;3;17;233;1;7;smena.yandex.ru
вакансия ночной;1000000;2;15;11968;2;7;smena.yandex.ru
найти работу для девушки;2000000;4;24;346;1;7;smena.yandex.ru
яндекс работа на дому без опыта;2000000;6;31;1858;1;7;smena.yandex.ru
падработка москва;478000;2;17;1;0;7;smena.yandex.ru
авито ночная смена;17000;3;18;431;2;7;smena.yandex.ru
сколько стоит смена в яндекс такси для самозанятых;1000000;8;50;4;2;7;smena.yandex.ru
работа свободное время подработка;2000000;4;33;2190;2;7;smena.yandex.ru
подработка ночной в москве;736000;4;26;876;1;7;smena.yandex.ru
работа по вечерам на дому;144000;5;25;302;2;7;smena.yandex.ru
подработка в субботу и воскресенье;1000000;5;34;276;2;7;smena.yandex.ru
где заработать денег в воронеже быстро;8000;6;38;1;0;7;smena.yandex.ru
вечернюю смену;187000;2;14;2819;2;7;smena.yandex.ru
подработка на дому по вечерам;1000000;5;29;204;3;7;smena.yandex.ru
подработка на выходные московская область;6000;5;41;49;0;7;smena.yandex.ru
подработка в санкт петербурге;485000;4;29;1718;106;8;smena.yandex.ru
приложения для самозанятых для подработки;1000000;5;41;1109;130;8;smena.yandex.ru
где заработать денег в барнауле;520000;5;31;13;0;7;smena.yandex.ru
подработка екб;29000;2;14;800;127;8;smena.yandex.ru
приложения для подработки;73000;3;25;5405;609;8;smena.yandex.ru
подработки спб;280000;2;14;30239;120;8;smena.yandex.ru
выполнить задания и получить деньги;1000000;5;35;1030;0;7;smena.yandex.ru
челябинск подработка;123000;2;20;10286;1108;8;smena.yandex.ru
работа для женщин в свободное;2000000;5;29;1461;0;7;smena.yandex.ru
подработка москва на выходные;702000;4;29;2164;140;8;smena.yandex.ru
ищу подработку для женщин;963000;4;25;500;0;7;smena.yandex.ru
работа в свободное от учебы время;2000000;6;33;1487;0;7;smena.yandex.ru
питер подработка;350000;2;16;1273;125;8;smena.yandex.ru
авито вечерние подработки;497000;3;25;155;0;7;smena.yandex.ru
подработка на андроиде;413000;3;22;70;0;7;smena.yandex.ru
подработка в москве в свободное время для мужчин;2000000;8;48;1219;104;8;smena.yandex.ru
подработка в нижнем новгороде для студентов;589000;6;43;112;39;8;smena.yandex.ru
подработка нск;32000;2;14;195;45;8;smena.yandex.ru
работа спб подработка;1000000;3;21;1223;62;8;smena.yandex.ru
работа вечером на несколько часов;2000000;5;33;167;43;8;smena.yandex.ru
сайт подработка;2000000;2;15;3711;48;8;smena.yandex.ru
удаленная подработка яндекс;4000;3;27;1016;41;8;smena.yandex.ru
подработка онлайн яндекс;2000000;3;24;123;74;8;smena.yandex.ru
калым барнаул;65000;2;13;134;59;8;smena.yandex.ru
работа на завтра;3000000;3;16;74315;64;8;smena.yandex.ru
сайты с подработкой;2000000;3;19;527;48;8;smena.yandex.ru
подработка в казани на 3 4 часа;3000000;7;31;174;83;8;smena.yandex.ru
подработка рядом;767000;2;16;1642;70;8;smena.yandex.ru
подработки челябинск;112000;2;20;10342;42;8;smena.yandex.ru
работа на вечернее время;2000000;4;24;1259;63;8;smena.yandex.ru
ночная работа в москве;1000000;4;22;1800;92;8;smena.yandex.ru
подработка в москве на выходных;787000;5;31;1872;36;8;smena.yandex.ru
подработки екатеринбург;159000;2;23;13205;27;8;smena.yandex.ru
подработки в краснодаре;303000;3;23;5034;28;8;smena.yandex.ru
вечерняя подработка для студентов;1000000;4;33;251;31;8;smena.yandex.ru
вечерние подработки;840000;2;19;11043;28;8;smena.yandex.ru
хх ру яндекс вакансии;2000000;4;21;83;29;8;smena.yandex.ru
работа подработка в челябинске;526000;4;30;310;27;8;smena.yandex.ru
подработка для женщин москва;496000;4;28;8581;33;8;smena.yandex.ru
подработка в уфе для женщин;751000;5;27;879;29;8;smena.yandex.ru
подработка для студентов нижний новгород;387000;5;40;188;31;8;smena.yandex.ru
работа челябинск подработка;1000000;3;27;527;28;8;smena.yandex.ru
москва подработка для женщин;217000;4;28;8581;33;8;smena.yandex.ru
удаленная вечерняя работа;247000;3;25;147;32;8;smena.yandex.ru
работа на ночь;14000;3;14;21255;28;8;smena.yandex.ru
скачать приложение яндекс работа;2000000;4;32;447;31;8;smena.yandex.ru
выполняем ваши задания;1000000;3;22;7986;34;8;smena.yandex.ru
подработки пермь;105000;2;16;6103;27;8;smena.yandex.ru
подработка на несколько дней;987000;4;28;297;18;8;smena.yandex.ru
подработки в екатеринбурге;448000;3;26;5784;21;8;smena.yandex.ru
работа по вечерам в москве подработка;1000000;6;37;26;23;8;smena.yandex.ru
подработка студентам челябинск;253000;3;30;345;20;8;smena.yandex.ru
вечерняя подработка для женщины;989000;4;31;1433;21;8;smena.yandex.ru
найти подработку в перми;1000000;4;24;86;19;8;smena.yandex.ru
подработка на несколько часов в день;2000000;6;36;163;26;8;smena.yandex.ru
авито подработка тольятти;9000;3;25;63;22;8;smena.yandex.ru
подработка по вечерам в москве;845000;5;30;123;25;8;smena.yandex.ru
работа краснодар подработка;1000000;3;27;581;21;8;smena.yandex.ru
работа с ночными сменами;1000000;4;24;1941;26;8;smena.yandex.ru
где найти подработку в спб;2000000;5;26;47;26;8;smena.yandex.ru
как заработать деньги в казани;639000;5;30;40;19;8;smena.yandex.ru
подработка нн;45000;2;13;302;24;8;smena.yandex.ru
сайты для самозанятых работа;2000000;4;28;105;26;8;smena.yandex.ru
подработка в нн;272000;3;15;93;18;8;smena.yandex.ru
сервисы для поиска подработки;2000000;4;29;37;14;8;smena.yandex.ru
подработки в нижнем новгороде;439000;4;29;6912;15;8;smena.yandex.ru
шабашки в уфе;111000;3;13;493;16;8;smena.yandex.ru
работа в яндекс без опыта;1000000;5;25;945;15;8;smena.yandex.ru
где можно подработать в новосибирске;5000;5;36;139;15;8;smena.yandex.ru
подработка для девушек москва;1000000;4;29;122;14;8;smena.yandex.ru
работа по заявкам екатеринбург;1000000;4;30;34;17;8;smena.yandex.ru
дополнительный заработок в омске;479000;4;32;15;15;8;smena.yandex.ru
шабашка питер;254000;2;13;68;16;8;smena.yandex.ru
где можно подработать в уфе;1000000;5;27;51;15;8;smena.yandex.ru
подработка онлайн воронеж;1000000;3;25;40;17;8;smena.yandex.ru
подработка пенсионерам со свободным графиком;1000000;5;44;114;16;8;smena.yandex.ru
подработка студентам в спб;507000;4;26;285;14;8;smena.yandex.ru
подработка в спб на дому в свободное время;2000000;8;42;59;16;8;smena.yandex.ru
работа вечером в москве вакансии;2000000;5;32;47;17;8;smena.yandex.ru
работа выходной;1000000;2;15;233273;13;8;smena.yandex.ru
шабашки екб;9000;2;11;34;9;8;smena.yandex.ru
подработка в выходной день в москве;946000;6;35;527;9;8;smena.yandex.ru
студент подработка;731000;2;18;26042;11;8;smena.yandex.ru
подработка в россии;1000000;3;19;656;9;8;smena.yandex.ru
ищу подработку в казани;6000;4;23;37;11;8;smena.yandex.ru
подработки для студента;149000;3;23;20409;9;8;smena.yandex.ru
приложения для поиска подработки на один день;3000000;7;45;19;13;8;smena.yandex.ru
яндекс работа красноярск вакансии;2000000;4;33;33;11;8;smena.yandex.ru
как найти подработку в спб;439000;5;26;23;12;8;smena.yandex.ru
как заработать в краснодаре;285000;4;27;136;10;8;smena.yandex.ru
подработка вечерняя в москве для женщин;985000;6;39;147;13;8;smena.yandex.ru
работа вечернее время;2000000;3;21;4486;12;8;smena.yandex.ru
вечерняя подработка для студентов в москве;808000;6;42;18;9;8;smena.yandex.ru
работа для студентов на выходные;2000000;5;32;118;12;8;smena.yandex.ru
подработка на ночь в москве оплата сразу;1000000;7;40;18;13;8;smena.yandex.ru
где заработать денег в омске;1000000;5;28;32;9;8;smena.yandex.ru
работа барнаул вакансии студенты;2000000;4;32;18;6;8;smena.yandex.ru
подработка город;10000;2;16;11075;7;8;smena.yandex.ru
как быстро заработать деньги в воронеже;772000;6;39;15;8;8;smena.yandex.ru
подработка студентам в нижнем новгороде;356000;5;39;129;7;8;smena.yandex.ru
подработка студентов;605000;2;20;25697;7;8;smena.yandex.ru
подработка на вечер новосибирск;243000;4;31;28;6;8;smena.yandex.ru
yandex ru работа;2000000;3;16;3332;8;8;smena.yandex.ru
где быстро заработать денег в новосибирске;199000;6;42;13;7;8;smena.yandex.ru
подработки в ульяновске;296000;3;23;1345;8;8;smena.yandex.ru
работа для студента со свободным графиком;2000000;6;41;178;7;8;smena.yandex.ru
подработка в спб онлайн;2000000;4;23;26;8;8;smena.yandex.ru
участвовать в розыгрышах;103000;3;24;13519;8;8;smena.yandex.ru
подработка на дому в свободное время спб;2000000;7;40;55;6;8;smena.yandex.ru
как заработать деньги в самаре;499000;5;30;33;8;8;smena.yandex.ru
работа студентам в челябинске;305000;4;29;365;8;8;smena.yandex.ru
где заработать денег в екатеринбурге;1000000;5;36;29;6;8;smena.yandex.ru
шабашка в нижнем новгороде;226000;4;26;7;3;8;smena.yandex.ru
подработка в москве вечером на 3 4 часа для мужчин;3000000;10;50;5;3;8;smena.yandex.ru
дополнительный заработок в москве в свободное время для женщин;2000000;9;62;6;4;8;smena.yandex.ru
подработка в выходные дни москва;2000000;5;32;527;3;8;smena.yandex.ru
где найти подработку в екатеринбурге;2000000;5;36;20;4;8;smena.yandex.ru
авито ночная работа;18000;3;19;762;3;8;smena.yandex.ru
быстро заработать деньги в спб;799000;5;30;230;5;8;smena.yandex.ru
работа на вечер в москве;2000000;5;24;623;4;8;smena.yandex.ru
работа на субботу воскресенье;1000000;4;29;3691;5;8;smena.yandex.ru
мобильные приложения для подработки;46000;4;35;17;4;8;smena.yandex.ru
какие приложения есть для подработки;2000000;5;36;141;5;8;smena.yandex.ru
найти исполнителей;617000;2;18;17311;5;8;smena.yandex.ru
подработки на выходные дни;2000000;4;26;1503;3;8;smena.yandex.ru
найти подработку на вечернее время;2000000;5;34;218;4;8;smena.yandex.ru
подработка в выходной;812000;3;21;12579;6;8;smena.yandex.ru
ночная работа в москве для женщин;66000;6;33;94;2;8;smena.yandex.ru
приложение для исполнителей;959000;3;27;464;0;8;smena.yandex.ru
виды подработки для женщин в свободное время;420000;7;44;6;0;8;smena.yandex.ru
podrabotka site;2000000;2;15;16;1;8;smena.yandex.ru
программа где выполняют задания за деньги;2000000;6;41;2;0;8;smena.yandex.ru
работа для пенсионеров свободный график;253000;5;39;107;1;8;smena.yandex.ru
волгоград ищу подработку;6000;3;24;102;0;8;smena.yandex.ru
заработок в спб;352000;3;15;806;2;8;smena.yandex.ru
работы по выходным для студентов;2000000;5;32;100;1;8;smena.yandex.ru
подработка сегодня в ночь оплата сразу;4000000;6;38;7;2;8;smena.yandex.ru
смена казань вакансии;893000;3;21;42;1;8;smena.yandex.ru
как заработать деньги в воронеже;214000;5;32;26;2;8;smena.yandex.ru
заработок в питере;401000;3;18;244;2;8;smena.yandex.ru
подработка в ночь москва и область;1000000;6;34;1;0;8;smena.yandex.ru
подработка пермь вечером и выходные;392000;5;35;5;2;8;smena.yandex.ru
ищу подработку в уфе;185000;4;20;23;2;8;smena.yandex.ru
работа через приложение на андроид;982000;5;34;15;0;8;smena.yandex.ru
подработка студенту;829000;2;19;25697;94;9;smena.yandex.ru
работа уфа подработка;1000000;3;21;611;119;9;smena.yandex.ru
вакансии подработка спб;1000000;3;23;2463;163;9;smena.yandex.ru
подработка ночная в москве;755000;4;26;876;103;9;smena.yandex.ru
подработка для студенток;530000;3;24;660;122;9;smena.yandex.ru
яндекс маркет розыгрыш;541000;3;22;637;94;9;smena.yandex.ru
работа без опыта работы для женщин;2000000;6;34;79255;484;9;smena.yandex.ru
подработка ночная;697000;2;17;6389;130;9;smena.yandex.ru
база знаний яндекс;1000000;3;18;938;229;9;smena.yandex.ru
уфа работа подработка;1000000;3;21;624;120;9;smena.yandex.ru
работа в интернете по выходным;2000000;5;30;21;0;8;smena.yandex.ru
самара подработка;176000;2;17;8114;434;9;smena.yandex.ru
розыгрыш яндекс маркет;599000;3;22;697;96;9;smena.yandex.ru
яндекс работа на дому вакансии без опыта удаленно;2000000;8;49;1004;185;9;smena.yandex.ru
подработка в пятницу;1000000;3;20;33;0;8;smena.yandex.ru
работа ночная в москве;1000000;4;22;1800;92;9;smena.yandex.ru
работа в москве в ночную смену;1000000;6;30;513;52;9;smena.yandex.ru
авито краснодар подработка;11000;3;26;245;60;9;smena.yandex.ru
яндекс работа из дома;2000000;4;21;198;63;9;smena.yandex.ru
подработка ночью в москве;943000;4;25;1410;60;9;smena.yandex.ru
работа оплата сразу;2000000;3;19;4150;63;9;smena.yandex.ru
подработка спб в ночь;292000;4;21;310;54;9;smena.yandex.ru
уфа авито подработка;136000;3;20;372;79;9;smena.yandex.ru
работа яндекс из дома;2000000;4;21;198;63;9;smena.yandex.ru
яндекс работа удаленная на дому;2000000;5;31;4260;68;9;smena.yandex.ru
работа подработка спб;1000000;3;21;1223;62;9;smena.yandex.ru
ночные подработки;819000;2;17;6388;79;9;smena.yandex.ru
подработка авито волгоград;7000;3;26;288;76;9;smena.yandex.ru
виды подработок;653000;2;15;814;55;9;smena.yandex.ru
авито пермь подработка;117000;3;22;153;64;9;smena.yandex.ru
подработка на вечер и выходные;993000;5;30;196;89;9;smena.yandex.ru
работа в уфе подработка;1000000;4;23;201;51;9;smena.yandex.ru
работа по выходным дням;2000000;4;23;13105;30;9;smena.yandex.ru
работа подработка казань;1000000;3;24;535;34;9;smena.yandex.ru
онлайн подработка спб;2000000;3;21;103;39;9;smena.yandex.ru
вечерняя удаленная работа;2000000;3;25;132;32;9;smena.yandex.ru
подработки воронеж;97000;2;18;9617;37;9;smena.yandex.ru
подработка на день спб;1000000;4;22;542;31;9;smena.yandex.ru
подработка в нижнем;559000;3;19;7581;48;9;smena.yandex.ru
ночные подработки в москве;798000;4;26;876;39;9;smena.yandex.ru
подработка по ночам;1000000;3;19;214;43;9;smena.yandex.ru
работа казань подработка;1000000;3;24;535;34;9;smena.yandex.ru
подработка в уфе для женщин в свободное время;1000000;8;45;293;49;9;smena.yandex.ru
подработка в яндексе на дому в интернете;2000000;7;40;80;43;9;smena.yandex.ru
работа пермь подработка;964000;3;23;621;32;9;smena.yandex.ru
работа 4 часа в день;4000000;5;20;5121;41;9;smena.yandex.ru
приложения с подработками;1000000;3;25;1502;50;9;smena.yandex.ru
подработка на ночь;789000;3;18;1198;29;9;smena.yandex.ru
работа ночью вакансии;894000;3;21;1885;23;9;smena.yandex.ru
подработки в самаре;322000;3;19;5370;24;9;smena.yandex.ru
яндекс работа на дому вакансии;230000;5;30;3137;25;9;smena.yandex.ru
вакансии санкт петербург подработка;1000000;4;35;270;23;9;smena.yandex.ru
нн подработка;46000;2;13;302;24;9;smena.yandex.ru
работа по 4 часа в день;3000000;6;23;901;23;9;smena.yandex.ru
работа в москве для женщин подработка;2000000;6;37;963;26;9;smena.yandex.ru
вакансии в москве для женщин подработка в свободное время;2000000;9;57;61;24;9;smena.yandex.ru
яндекс работа онлайн на дому вакансии;231000;6;37;62;26;9;smena.yandex.ru
ночные вакансии;2000000;2;15;12141;24;9;smena.yandex.ru
работа на ночь в москве;70000;5;23;440;27;9;smena.yandex.ru
подработки нижний новгород;280000;3;26;10442;26;9;smena.yandex.ru
работа ночной;1000000;2;13;65335;23;9;smena.yandex.ru
яндекс работа воронеж вакансии;2000000;4;30;90;25;9;smena.yandex.ru
подработка для женщин воронеж;628000;4;29;869;28;9;smena.yandex.ru
вакансии ночная работа;2000000;3;22;2219;22;9;smena.yandex.ru
подработка на субботу и воскресенье в москве;793000;7;44;39;19;9;smena.yandex.ru
ночные работы в москве;1000000;4;22;1800;20;9;smena.yandex.ru
временная подработка в спб;482000;4;26;139;22;9;smena.yandex.ru
подработки студентам;643000;2;20;25697;19;9;smena.yandex.ru
подработка для студентов в казани;2000;5;33;59;21;9;smena.yandex.ru
подработки казань;214000;2;17;7628;19;9;smena.yandex.ru
ищу работу рядом с домом;2000000;5;24;172;22;9;smena.yandex.ru
ищу работу на дому для пенсионеров;2000000;6;34;61;21;9;smena.yandex.ru
подработка в выходной день;2000000;4;26;3215;22;9;smena.yandex.ru
подработка ночь;840000;2;15;7934;20;9;smena.yandex.ru
сайт подработки;2000000;2;15;3710;22;9;smena.yandex.ru
работа для самозанятых екатеринбург;1000000;4;35;47;22;9;smena.yandex.ru
подработка на 4 часа в день в москве;2000000;8;36;73;19;9;smena.yandex.ru
подработка студентам в москве в свободное время;1000000;7;47;84;22;9;smena.yandex.ru
работа москва ночь;1000000;3;18;9396;22;9;smena.yandex.ru
подработка в ночное время;2000000;4;25;781;18;9;smena.yandex.ru
подработка временная работа в спб;1000000;5;33;85;11;9;smena.yandex.ru
подработка после учебы для студентов;1000000;5;36;42;13;9;smena.yandex.ru
подработка по вечерам и выходным;858000;5;32;253;14;9;smena.yandex.ru
дополнительный заработок в новосибирске;468000;4;39;37;13;9;smena.yandex.ru
работа москва ночные смены;1000000;4;26;603;14;9;smena.yandex.ru
подработка в москве для женщин вечером;1000000;6;38;165;12;9;smena.yandex.ru
срочно нужна работа подработка для женщин;153000;6;41;69;17;9;smena.yandex.ru
работа по вечерам в москве;1000000;5;26;108;14;9;smena.yandex.ru
халтуры спб;278000;2;11;1458;16;9;smena.yandex.ru
работа нижний новгород подработка;198000;4;33;386;14;9;smena.yandex.ru
удаленная работа на выходные;2000000;4;28;177;17;9;smena.yandex.ru
подработка задания;8000;2;18;998;17;9;smena.yandex.ru
вакансия подработка для женщин;1000000;4;30;11822;12;9;smena.yandex.ru
яндекс вакансии без опыта работы;2000000;5;32;1757;15;9;smena.yandex.ru
как быстро заработать деньги в краснодаре;744000;6;41;20;18;9;smena.yandex.ru
какие есть подработки для студентов;3000000;5;35;41;11;9;smena.yandex.ru
где подработать в спб;677000;4;21;167;9;9;smena.yandex.ru
подработка казань для студентов свободный график;509000;6;48;11;9;9;smena.yandex.ru
подработка несколько часов в день;2000000;5;33;227;10;9;smena.yandex.ru
временная подработка в екатеринбурге;455000;4;36;39;9;9;smena.yandex.ru
подработка в ростове на дону в свободное;610000;7;40;591;9;9;smena.yandex.ru
студенты подработка;662000;2;19;26042;9;9;smena.yandex.ru
где заработать денег в воронеже;338000;5;31;22;10;9;smena.yandex.ru
работа по субботам в москве;2000000;5;27;216;9;9;smena.yandex.ru
яндекс работа омск;1000000;3;18;573;10;9;smena.yandex.ru
подработка вечером на дому;2000000;4;26;301;9;9;smena.yandex.ru
подработка в краснодаре для мужчин;600000;5;34;382;10;9;smena.yandex.ru
где искать работу самозанятым;2000000;4;29;53;10;9;smena.yandex.ru
подработка на пару часов в день в москве;287000;8;40;15;9;9;smena.yandex.ru
вечерняя работа для студентов;1000000;4;29;210;10;9;smena.yandex.ru
подработка спб без медкнижки;404000;4;28;34;11;9;smena.yandex.ru
hh ru подработка в свободное время;79000;6;34;50;9;9;smena.yandex.ru
выполняешь задания получаешь деньги;1000000;4;35;1306;5;9;smena.yandex.ru
временные заработки;110000;2;19;4500;6;9;smena.yandex.ru
подработка в уфе для мужчин;668000;5;27;494;8;9;smena.yandex.ru
такси смена;705000;2;11;4894;6;9;smena.yandex.ru
подработка для женщины в москве;1000000;5;31;8032;7;9;smena.yandex.ru
подработка на ночь в москве;950000;5;27;110;5;9;smena.yandex.ru
работа 14 лет подольск;2000000;4;22;123;8;9;smena.yandex.ru
вакансия в ночь;1000000;3;15;5134;7;9;smena.yandex.ru
вакансии рядом с домом москва;2000000;5;29;283;8;9;smena.yandex.ru
ищу заработок;1000000;2;13;1391;6;9;smena.yandex.ru
работа в челябинске студентам;190000;4;29;365;8;9;smena.yandex.ru
яндекс вакансии удаленная работа без звонков;3000000;6;44;23;8;9;smena.yandex.ru
official contest yandex ru;1000000;4;26;458;6;9;smena.yandex.ru
найти подработку в воронеже;1000000;4;27;138;8;9;smena.yandex.ru
подработка на выходных москва;831000;4;29;2164;9;9;smena.yandex.ru
яндекс работа энгельс;1000000;3;21;207;4;9;smena.yandex.ru
нижний новгород подработка студент;211000;4;34;214;1;9;smena.yandex.ru
где заработать в питере;1000000;4;23;77;2;9;smena.yandex.ru
подработка на месяц в воронеже;626000;5;30;3;3;9;smena.yandex.ru
деньги за время;981000;3;15;35301;2;9;smena.yandex.ru
моя смена тверь;1000000;3;15;10;3;9;smena.yandex.ru
подработка на выходные москва оплата сразу;1000000;6;42;1;1;9;smena.yandex.ru
работа по 4 часа в день москва;3000000;7;30;16;4;9;smena.yandex.ru
выполнить задание и получить деньги прямо сейчас;5000000;7;48;4;3;9;smena.yandex.ru
работа на ночную смену в москве;553000;6;31;65;3;9;smena.yandex.ru
подработка на месяц спб;805000;4;23;8;3;9;smena.yandex.ru
подработка для студентов по выходным;790000;5;36;42;4;9;smena.yandex.ru
подработка в спб с ежедневной оплатой для женщин в вечернее время;4000;11;65;17;4;9;smena.yandex.ru
работа на дому 4 часа в день;2000000;7;28;96;2;9;smena.yandex.ru
работа 4 6 часов в день;3000000;6;23;560;3;9;smena.yandex.ru
подработка на выходные дни в москве с ежедневной оплатой;618000;9;56;34;4;9;smena.yandex.ru
приложение для поиска заказов работы;2000000;5;36;23;1;9;smena.yandex.ru
казань подработка;245000;2;17;7552;917;10;smena.yandex.ru
вакансии по подработке в спб;1000000;5;28;17;0;9;smena.yandex.ru
временная работа краснодар;601000;3;26;64;0;9;smena.yandex.ru
легкая работа в нижнем новгороде;1000000;5;32;12;0;9;smena.yandex.ru
работа на воскресенье в москве;2000000;5;30;271;0;9;smena.yandex.ru
челябинск подработка на сегодня;2000000;4;31;23;0;9;smena.yandex.ru
как заработать в омске;310000;4;22;76;1;9;smena.yandex.ru
подработка в челябинске для женщины;666000;5;35;861;0;9;smena.yandex.ru
подработка на две недели в москве;2000000;6;33;4;1;9;smena.yandex.ru
работа в балашихе 15 лет;481000;5;24;14;0;9;smena.yandex.ru
ищу подработку на 2 3 часа вечером;3000000;7;34;29;1;9;smena.yandex.ru
временная подработка пермь;218000;3;26;8;1;9;smena.yandex.ru
работа кемерово 17 лет для студентов;2000000;6;36;20;0;9;smena.yandex.ru
работа для самозанятого в интернете;606000;5;35;95;0;9;smena.yandex.ru
смена пермь;200000;2;11;969;1;9;smena.yandex.ru
работа студентам без опыта;1000000;4;26;9352;719;10;smena.yandex.ru
яндекс вакансии краснодар;1000000;3;25;481;63;10;smena.yandex.ru
вакансии уфа подработка;989000;3;23;510;85;10;smena.yandex.ru
работа для студенток;1000000;3;20;815;102;10;smena.yandex.ru
вк халтура тольятти;1000000;3;19;73;72;10;smena.yandex.ru
подработка в москве в ночь;985000;5;26;1410;87;10;smena.yandex.ru
выполнять задания и получать деньги;1000000;5;35;1030;68;10;smena.yandex.ru
работа яндекс удаленно вакансии на дому без опыта работы;2000000;9;56;1004;243;10;smena.yandex.ru
шабашка ижевск;47000;2;14;457;92;10;smena.yandex.ru
приложения для подработки самозанятым;1000000;4;37;1109;136;10;smena.yandex.ru
сайт работающей женщины;2000000;3;23;174;86;10;smena.yandex.ru
работа удаленно для студентов;2000000;4;29;4590;460;10;smena.yandex.ru
работа временная;127000;2;16;74197;220;10;smena.yandex.ru
вакансии новосибирск подработка;903000;3;31;972;71;10;smena.yandex.ru
работа для самозанятых приложение;2000000;4;33;1208;113;10;smena.yandex.ru
ижевск подработка;81000;2;17;4958;553;10;smena.yandex.ru
вакансии подработка барнаул;830000;3;27;436;58;10;smena.yandex.ru
удаленная работа по вечерам;1000000;4;27;149;29;10;smena.yandex.ru
шабашки спб;326000;2;11;303;35;10;smena.yandex.ru
работа в москве ночью;1000000;4;21;9113;46;10;smena.yandex.ru
работа студентам пермь;1000000;3;22;520;34;10;smena.yandex.ru
подработка онлайн спб;2000000;3;21;103;39;10;smena.yandex.ru
волгоград подработка для студентов;175000;4;34;110;30;10;smena.yandex.ru
подработка в москве в выходные дни;2000000;6;34;527;55;10;smena.yandex.ru
подработка в волгограде в свободное время;1000000;6;41;119;44;10;smena.yandex.ru
халтура краснодар;193000;2;17;101;48;10;smena.yandex.ru
подработка для пенсионера;818000;3;25;9948;37;10;smena.yandex.ru
яндекс вакансии hh ru;2000000;4;21;136;56;10;smena.yandex.ru
шабашка спб;319000;2;11;303;50;10;smena.yandex.ru
подработка на лето для студентов;2000000;5;32;127;33;10;smena.yandex.ru
приложения подработка;900000;2;21;10138;47;10;smena.yandex.ru
вакансии подработка волгоград;6000;3;29;445;57;10;smena.yandex.ru
работа в тольятти подработка;1000000;4;28;99;28;10;smena.yandex.ru
подработка вакансии в спб;1000000;4;25;1199;22;10;smena.yandex.ru
подработка санкт петербург вакансии;5000;4;35;284;23;10;smena.yandex.ru
подработка в ночь москва;1000000;4;24;1410;26;10;smena.yandex.ru
ночная работа вакансии;2000000;3;22;2223;23;10;smena.yandex.ru
работа на дому яндекс вакансии;355000;5;30;3079;25;10;smena.yandex.ru
приложение работы с ежедневной оплатой;2000000;5;38;297;22;10;smena.yandex.ru
временная работа в санкт петербурге;2000000;5;35;130;28;10;smena.yandex.ru
подработки на выходные в москве;860000;5;31;1872;26;10;smena.yandex.ru
яндекс вакансии без опыта;2000000;4;25;2206;26;10;smena.yandex.ru
подработка от 4 часов в день;3000000;6;28;149;24;10;smena.yandex.ru
ночная подработка москва;882000;3;24;1015;28;10;smena.yandex.ru
сайты для поиска подработки;2000000;4;27;201;27;10;smena.yandex.ru
вакансии подработка в спб;1000000;4;25;1164;22;10;smena.yandex.ru
работа подработка красноярск;928000;3;28;544;26;10;smena.yandex.ru
подработка спб на один день;2000000;5;27;52;28;10;smena.yandex.ru
вакансии в спб подработка;1000000;4;25;1164;22;10;smena.yandex.ru
удаленная работа для пенсионеров в москве;1000000;6;41;62;16;10;smena.yandex.ru
удаленная работа на вечер;2000000;4;25;128;17;10;smena.yandex.ru
шабашка новосибирск;130000;2;19;69;19;10;smena.yandex.ru
подработка в москве студенту;540000;4;28;1544;16;10;smena.yandex.ru
подработка на пенсии для женщин;933000;5;31;51;18;10;smena.yandex.ru
подработки самара;212000;2;17;8167;16;10;smena.yandex.ru
приложения с подработкой;1000000;3;24;1502;20;10;smena.yandex.ru
вакансии яндекс без опыта;1000000;4;25;2115;19;10;smena.yandex.ru
подработка на выходные для женщин;997000;5;33;745;20;10;smena.yandex.ru
подработка в москве вечером на 3 4 часа для женщин;4000000;10;50;22;17;10;smena.yandex.ru
как быстро заработать деньги в екатеринбурге;812000;6;44;24;21;10;smena.yandex.ru
подработка на несколько часов;1000000;4;29;595;20;10;smena.yandex.ru
работа для пенсионеров рядом с домом;2000000;6;36;173;16;10;smena.yandex.ru
удаленная работа 4 часа в день на дому;2000000;8;38;34;19;10;smena.yandex.ru
разовое задание подработка удаленно;204000;4;35;126;21;10;smena.yandex.ru
подработки ижевск;99000;2;17;4991;16;10;smena.yandex.ru
временная работа спб;1000000;3;20;416;14;10;smena.yandex.ru
где найти подработку на выходные с ежедневной оплатой;2000000;8;53;28;15;10;smena.yandex.ru
подработка выходные москва;843000;3;26;3336;15;10;smena.yandex.ru
подработка москва выходные;718000;3;26;3336;15;10;smena.yandex.ru
подработка по вечерам красноярск;345000;4;32;28;15;10;smena.yandex.ru
работа екатеринбург временная;160000;3;29;137;14;10;smena.yandex.ru
поиск подработки приложение;2000000;3;27;662;15;10;smena.yandex.ru
подработка на 1 день спб;3000000;5;24;50;15;10;smena.yandex.ru
подработка для студентов на выходные;655000;5;36;102;15;10;smena.yandex.ru
подработка уфа на выходные;253000;4;26;60;15;10;smena.yandex.ru
яндекс работа пермь вакансии;2000000;4;28;22;15;10;smena.yandex.ru
яндекс работа пермь;1000000;3;19;504;15;10;smena.yandex.ru
подработка дома в свободное время для женщин;2000000;7;44;392;15;10;smena.yandex.ru
подработка пенсионерам в москве с ежедневной оплатой в свободное время;2000000;10;70;52;15;10;smena.yandex.ru
работа для самозанятых в краснодаре;1000000;5;35;20;15;10;smena.yandex.ru
подрабо;6000000;1;7;53;14;10;smena.yandex.ru
подработка для пенсионеров женщин;955000;4;33;2859;12;10;smena.yandex.ru
подработки в барнауле;248000;3;21;3555;12;10;smena.yandex.ru
подработка на субботу в москве;787000;5;30;72;13;10;smena.yandex.ru
работа для студентов свободный график;2000000;5;37;1275;12;10;smena.yandex.ru
подработка студентам волгоград;62000;3;30;171;13;10;smena.yandex.ru
как заработать денег в спб;231000;5;26;203;12;10;smena.yandex.ru
работа для самозанятых нижний новгород;1000000;5;38;27;13;10;smena.yandex.ru
яндекс работать;1000000;2;15;301484;13;10;smena.yandex.ru
халтура в уфе;149000;3;13;501;13;10;smena.yandex.ru
программы для подработки;755000;3;24;158;13;10;smena.yandex.ru
яндекс работа онлайн на дому вакансии без опыта;3000000;8;47;20;14;10;smena.yandex.ru
вакансии ночь;1000000;2;13;6508;13;10;smena.yandex.ru
работа на выходные для студентов;2000000;5;32;118;12;10;smena.yandex.ru
подработки в ижевске;312000;3;20;1899;13;10;smena.yandex.ru
работа в москве приложение;2000000;4;26;475;14;10;smena.yandex.ru
работа в вечернее и ночное время;458000;6;32;300;12;10;smena.yandex.ru
подработка в выходные удаленно;474000;4;30;109;8;10;smena.yandex.ru
работа для 18 летнего;2000000;4;21;263;9;10;smena.yandex.ru
подработка на выходные в москве для студентов;1000000;7;45;14;10;10;smena.yandex.ru
подработка пенсионеру;694000;2;21;13141;9;10;smena.yandex.ru
приложения для самозанятых вакансии;60000;4;35;27;10;10;smena.yandex.ru
авито казань подработка с ежедневной оплатой для женщин;482000;8;55;10;8;10;smena.yandex.ru
работа для пенсионеров на дому в москве после 60 лет;3000000;10;52;30;11;10;smena.yandex.ru
временная работа в новосибирске;1000000;4;31;85;10;10;smena.yandex.ru
работа от яндекса на дому без опыта работы;2000000;8;42;16;11;10;smena.yandex.ru
работа для пенсионеров без опыта;2000000;5;32;2422;10;10;smena.yandex.ru
лучшие приложения для подработки в москве;2000000;6;41;30;11;10;smena.yandex.ru
сайты где можно найти подработку;3000000;5;32;56;11;10;smena.yandex.ru
подработка через приложение свободный график;1000000;5;44;17;9;10;smena.yandex.ru
работа на выходные удаленно;543000;4;27;162;11;10;smena.yandex.ru
работа для пенсионеров подработка;69000;4;33;1161;11;10;smena.yandex.ru
ночная работа на дому;2000000;4;21;325;8;10;smena.yandex.ru
работа в нижнем для студентов;1000000;5;29;299;5;10;smena.yandex.ru
работы в выходные дни москва;2000000;5;28;2315;6;10;smena.yandex.ru
ищу подработку в красноярске;757000;4;28;81;7;10;smena.yandex.ru
подработка для студента спб;41000;4;27;668;6;10;smena.yandex.ru
работа студенту челябинск;1000000;3;25;619;7;10;smena.yandex.ru
работа ночью в москве вакансии подработка;6000;6;41;5;5;10;smena.yandex.ru
вакансии подработки в спб;1000000;4;25;1164;8;10;smena.yandex.ru
как заработать деньги в спб;683000;5;27;203;7;10;smena.yandex.ru
работа на вечер 3 4 часа;3000000;6;24;95;7;10;smena.yandex.ru
подработка студенту москва;629000;3;26;1823;7;10;smena.yandex.ru
подработка для студентов свободный график;1000000;5;41;575;8;10;smena.yandex.ru
сайт выполнения заданий;2000000;3;23;2553;7;10;smena.yandex.ru
работа в ночную смену москва;1000000;5;28;513;6;10;smena.yandex.ru
подработка после 18 00;2000000;4;22;141;7;10;smena.yandex.ru
вакансии в яндекс без опыта;2000000;5;27;620;8;10;smena.yandex.ru
подработка на лето барнаул;2000000;4;26;14;5;10;smena.yandex.ru
работа в санкт петербурге студентам;1000000;5;35;393;3;10;smena.yandex.ru
подработка по вечерам и выходным в москве;811000;7;41;9;3;10;smena.yandex.ru
работа для студента в казани;1000000;5;28;320;4;10;smena.yandex.ru
подработка от 4 часов;3000000;4;21;343;3;10;smena.yandex.ru
яндекс работа уфа вакансии;77000;4;26;17;4;10;smena.yandex.ru
удаленная подработка по вечерам;1000000;4;31;125;3;10;smena.yandex.ru
подработка на день челябинск;1000000;4;28;70;5;10;smena.yandex.ru
подработка стерлитамак с 14 лет;2000000;5;31;12;4;10;smena.yandex.ru
подработка студентам новосибирск;22000;3;32;360;4;10;smena.yandex.ru
работа ночью в москве для мужчин;2000000;6;32;100;3;10;smena.yandex.ru
делай задания и получай деньги;1000000;5;30;66;5;10;smena.yandex.ru
на четыре часа;4000000;3;14;10332;4;10;smena.yandex.ru
в вечернюю смену;3000000;3;16;1476;3;10;smena.yandex.ru
подработка в нижнем новгороде для студентов без опыта;36000;8;53;17;4;10;smena.yandex.ru
подработка в перми в свободное время для женщин;1000000;8;47;43;5;10;smena.yandex.ru
дополнительный заработок в спб в свободное время для мужчин;74000;9;59;6;3;10;smena.yandex.ru
заработок в выходные дни москва;2000000;5;31;1;0;10;smena.yandex.ru
халтура в краснодаре;203000;3;20;4;1;10;smena.yandex.ru
шабашка и подработка краснодаре;6000;4;31;9;2;10;smena.yandex.ru
вакансии для студентов на выходные;440000;5;34;7;0;10;smena.yandex.ru
сервис задания за деньги;775000;4;24;130;1;10;smena.yandex.ru
подработка в нижнем новгороде для студентов с ежедневной оплатой;1000000;9;64;2;0;10;smena.yandex.ru
работа по ночам в москве;1000000;5;24;71;2;10;smena.yandex.ru
как заработать деньги в самаре быстро;829000;6;37;2;1;10;smena.yandex.ru
работа в москве для студентов свободный график вечерняя работа;2000000;9;62;4;2;10;smena.yandex.ru
ищу подработку в воронеже;6000;4;25;26;1;10;smena.yandex.ru
работа в на вечер в москве;915000;6;26;623;2;10;smena.yandex.ru
челябинск подработка за наличку;87000;4;31;23;2;10;smena.yandex.ru
халтура подработка в екатеринбурге;357000;4;34;8;0;10;smena.yandex.ru
подработка в омске онлайн;2000000;4;25;4;2;10;smena.yandex.ru
работа в нижнем новгороде студентам;1000000;5;35;324;2;10;smena.yandex.ru
компании по подработке в москве;1000000;5;31;4;0;10;smena.yandex.ru
работа химки 14 лет;342000;4;19;60;0;10;smena.yandex.ru
вакансии казань подработки;1000000;3;26;614;0;10;smena.yandex.ru
быстрая работа челябинск;1000000;3;24;13;0;10;smena.yandex.ru
халтура на час;1000000;3;14;16;0;10;smena.yandex.ru
шабашки в омске;15000;3;15;31;0;10;smena.yandex.ru
где можно заработать в санкт петербурге;1000000;6;39;27;0;10;smena.yandex.ru
яндекс смена приложение отзывы;2000000;4;30;94;11;11;smena.yandex.ru
