"﻿""Ключевое слово""";Результатов в Яндексе;Слов;Символов;Частотность Весь мир;"""!Частотность !Весь !мир""";Позиция в выдаче Яндекса;split.yandex.ru
сплит яндекс;1000000;2;12;287337;93725;1;split.yandex.ru
личный кабинет яндекс сплит войти;2000000;5;33;2357;1271;1;split.yandex.ru
яндекс сплит это;2000000;3;16;9286;1477;1;split.yandex.ru
личный кабинет сплит;1000000;3;20;28442;2738;1;split.yandex.ru
яндекс сплит личный;2000000;3;19;25124;1306;1;split.yandex.ru
яндекс сплит что такое;1000000;4;22;7721;1950;1;split.yandex.ru
яндекс сплит личный кабинет войти;2000000;5;33;2357;1271;1;split.yandex.ru
сплит яндекс личный кабинет;1000000;4;27;23703;17599;1;split.yandex.ru
что такое яндекс сплит;453000;4;22;7768;1960;1;split.yandex.ru
яндекс сплит что это;517000;4;20;6272;2752;1;split.yandex.ru
сплит это яндекс;591000;3;16;9286;1477;1;split.yandex.ru
яндекс сплит личный кабинет;1000000;4;27;23703;17599;1;split.yandex.ru
сплит яндекс сплит личный кабинет;1000000;5;33;23703;3514;1;split.yandex.ru
сплит яндекс личный;1000000;3;19;25124;1306;1;split.yandex.ru
сплит личный кабинет;1000000;3;20;28442;2738;1;split.yandex.ru
яндекс сплит;1000000;2;12;286467;92941;1;split.yandex.ru
сплит оплата;1000000;2;12;20031;1199;1;split.yandex.ru
спит яндекс;597000;2;11;4029;294;1;split.yandex.ru
сплиты яндекс;488000;2;13;286132;451;1;split.yandex.ru
яндекс сплит партнеры;1000000;3;21;1803;647;1;split.yandex.ru
сплит личный кабинет вход;1000000;4;25;3143;345;1;split.yandex.ru
яндекс сплит что это такое;282000;5;26;1575;627;1;split.yandex.ru
сплит я;1000000;2;7;4015;313;1;split.yandex.ru
split yandex;168000;2;12;2868;909;1;split.yandex.ru
партнеры яндекс сплит;1000000;3;21;1784;646;1;split.yandex.ru
сплит яндекс как работает;1000000;4;25;2967;868;1;split.yandex.ru
сплит оплата яндекс;749000;3;19;6060;468;1;split.yandex.ru
яндекс сплит личный кабинет вход;1000000;5;32;2623;1146;1;split.yandex.ru
yandex split;139000;2;12;2868;909;1;split.yandex.ru
я сплит;1000000;2;7;3982;313;1;split.yandex.ru
яндекс споит;565000;2;12;1229;653;1;split.yandex.ru
сплит яндекс личный кабинет вход;1000000;5;32;2623;1146;1;split.yandex.ru
как подключить сплит яндекс;479000;4;27;1244;291;1;split.yandex.ru
сплит личный кабинет яндекс маркет;640000;5;34;340;211;1;split.yandex.ru
яндекс сплит аккаунт;708000;3;20;3086;230;1;split.yandex.ru
яндекс сплит для бизнеса;1000000;4;24;480;245;1;split.yandex.ru
сплит яндекс маркет личный кабинет;766000;5;34;340;211;1;split.yandex.ru
яндекс сплит войти;2000000;3;18;2736;240;1;split.yandex.ru
личный кабинет сплит яндекс маркет;886000;5;34;340;211;1;split.yandex.ru
яндекс долями;587000;2;13;2714;280;1;split.yandex.ru
яндекс сплит вход;1000000;3;17;2969;244;1;split.yandex.ru
яндекс сплит личный кабинет вход по номеру телефона войти;3000000;9;57;572;253;1;split.yandex.ru
аккаунт яндекс сплит;807000;3;20;3086;230;1;split.yandex.ru
яндекс сплит личный кабинет вход по номеру;2000000;7;42;1320;285;1;split.yandex.ru
яндекс спит;614000;2;11;3980;280;1;split.yandex.ru
яндекс маркет сплит личный кабинет;1000000;5;34;340;211;1;split.yandex.ru
сплит оплата частями личный кабинет;1000000;5;35;370;246;1;split.yandex.ru
долями яндекс;648000;2;13;2743;287;1;split.yandex.ru
yandex сплит;919000;2;12;587;208;1;split.yandex.ru
сплит от яндекса;562000;3;16;4279;144;1;split.yandex.ru
яндекс сплит подключить;551000;3;23;1863;162;1;split.yandex.ru
сплит яндекс подключить;619000;3;23;1886;168;1;split.yandex.ru
яндекс сплит как подключить на маркете;582000;6;38;243;161;1;split.yandex.ru
подключить сплит яндекс;504000;3;23;1886;168;1;split.yandex.ru
оформить сплит;855000;2;14;6805;149;1;split.yandex.ru
мой сплит;984000;2;9;1644;199;1;split.yandex.ru
подключить яндекс сплит;589000;3;23;1886;168;1;split.yandex.ru
сплит мой;925000;2;9;1630;188;1;split.yandex.ru
оформить яндекс сплит;1000000;3;21;3523;164;1;split.yandex.ru
яндекс сплит личный кабинет вход по номеру телефона;2000000;8;51;943;204;1;split.yandex.ru
скачать яндекс сплит;958000;3;20;610;190;1;split.yandex.ru
сплит оформить;1000000;2;14;6805;149;1;split.yandex.ru
яндекс сплит личный кабинет войти в личный кабинет;2000000;8;50;457;174;1;split.yandex.ru
сплит яндекс личный кабинет вход по номеру телефона;2000000;8;51;943;204;1;split.yandex.ru
яндекс оплата частями;1000000;3;21;1410;141;1;split.yandex.ru
сплит лк;778000;2;8;280;85;1;split.yandex.ru
мой яндекс сплит;1000000;3;16;638;97;1;split.yandex.ru
яндекс сплит кабинет;580000;3;20;23867;113;1;split.yandex.ru
сплит платежи яндекс;1000000;3;20;5638;94;1;split.yandex.ru
мой сплит яндекс;1000000;3;16;657;105;1;split.yandex.ru
лк сплит;824000;2;8;276;91;1;split.yandex.ru
яндекс сплит лк;525000;3;15;159;121;1;split.yandex.ru
сплит вход;713000;2;10;3680;108;1;split.yandex.ru
яндекс сплит как работает для покупателя;1000000;6;40;124;115;1;split.yandex.ru
сплит оплата личный кабинет;1000000;4;27;559;102;1;split.yandex.ru
яндекс сплит личный кабинет зарегистрироваться;1000000;5;46;132;129;1;split.yandex.ru
оплата сплитом;922000;2;14;19080;119;1;split.yandex.ru
яндекс сплит платежи;1000000;3;20;5599;92;1;split.yandex.ru
сплит яндекс кабинет;1000000;3;20;23867;113;1;split.yandex.ru
яндекс сплинт;469000;2;13;413;130;1;split.yandex.ru
покупки в сплит;968000;3;15;3163;83;1;split.yandex.ru
яндекс сплит личный кабинет вход по номеру телефона войти в личный кабинет;2000000;12;74;172;64;1;split.yandex.ru
яндекс сплит что;2000000;3;16;22356;69;1;split.yandex.ru
яндекс сплит кредит;1000000;3;19;1112;72;1;split.yandex.ru
split яндекс;417000;2;12;349;66;1;split.yandex.ru
яндекс салит;572000;2;12;218;72;1;split.yandex.ru
yandex split личный кабинет;849000;4;27;144;66;1;split.yandex.ru
сплит личный кабинет войти;2000000;4;26;2568;77;1;split.yandex.ru
сплит подключить;895000;2;16;3768;72;1;split.yandex.ru
yandex сплит личный кабинет;753000;4;27;93;74;1;split.yandex.ru
мой сплит яндекс личный кабинет;1000000;5;31;105;69;1;split.yandex.ru
подключить сплит;700000;2;16;3764;79;1;split.yandex.ru
сплит яндекс ру;1000000;3;15;168;75;1;split.yandex.ru
яндекс split;609000;2;12;349;66;1;split.yandex.ru
яндекс частями;1000000;2;14;20415;72;1;split.yandex.ru
яндекс сплин личный кабинет;1000000;4;27;120;82;1;split.yandex.ru
яндекс сплит регистрация;2000000;3;24;167;63;1;split.yandex.ru
сплитом;138000;1;7;1043382;43;1;split.yandex.ru
split yandex кабинет;296000;3;20;192;47;1;split.yandex.ru
сплит я яндекс;571000;3;14;1193;58;1;split.yandex.ru
сплит аккаунт;389000;2;13;4159;46;1;split.yandex.ru
сплит сайт;3000000;2;10;2486;49;1;split.yandex.ru
сплит кабинет;830000;2;13;29050;44;1;split.yandex.ru
сплит личный кабинет оплатить;1000000;4;29;272;60;1;split.yandex.ru
сплит от яндекс;373000;3;15;4279;49;1;split.yandex.ru
я сплит яндекс;2000000;3;14;1193;59;1;split.yandex.ru
кабинет сплит;741000;2;13;29383;48;1;split.yandex.ru
личный кабинет сплита;639000;3;21;28364;61;1;split.yandex.ru
яндекс сплит войти в личный кабинет;2000000;6;35;457;59;1;split.yandex.ru
сплит в яндексе;505000;3;15;46315;44;1;split.yandex.ru
split yandex ru;1000000;3;15;769;58;1;split.yandex.ru
яндекс слип;445000;2;11;284;63;1;split.yandex.ru
оформить сплит на яндекс маркет;663000;5;31;499;43;1;split.yandex.ru
сервис сплит яндекс;1000000;3;19;302;29;1;split.yandex.ru
яндекса сплит;442000;2;13;286197;32;1;split.yandex.ru
сплит ян;106000;2;8;78;36;1;split.yandex.ru
как зайти в личный кабинет яндекс сплит;1000000;7;39;35;32;1;split.yandex.ru
как подключить сплит яндекс маркет;575000;5;34;384;33;1;split.yandex.ru
яндекс доли;474000;2;11;2694;29;1;split.yandex.ru
яндекс селит;385000;2;12;110;41;1;split.yandex.ru
в сплит яндекс;3000000;3;14;46315;35;1;split.yandex.ru
как сделать сплит в яндекс маркет;1000000;6;33;177;37;1;split.yandex.ru
доли яндекс;552000;2;11;2845;32;1;split.yandex.ru
split yandex ru account;2000000;4;23;282;41;1;split.yandex.ru
яндекс плати частями;994000;3;20;298;40;1;split.yandex.ru
сплит яндекс маркет это;506000;4;23;1047;31;1;split.yandex.ru
яндекс рассрочка для интернет магазинов;2000000;5;39;51;37;1;split.yandex.ru
проверить сплит яндекс;806000;3;22;516;43;1;split.yandex.ru
сервис яндекс сплит;2000000;3;19;302;29;1;split.yandex.ru
сплит мой кабинет;904000;3;17;171;12;1;split.yandex.ru
яндекс сплин что это;437000;4;20;41;16;1;split.yandex.ru
как установить яндекс сплит;263000;4;27;50;19;1;split.yandex.ru
яндекс сплит личный кабинет вход по номеру телефона без пароля;3000000;10;62;154;16;1;split.yandex.ru
сплит система личный кабинет;2000000;4;28;64;19;1;split.yandex.ru
со сплитом;780000;2;10;10259;14;1;split.yandex.ru
как настроить сплит в яндекс маркете;571000;6;36;39;28;1;split.yandex.ru
яндекс слипт;439000;2;12;46;19;1;split.yandex.ru
яндекс сплит реклама;1000000;3;20;212;25;1;split.yandex.ru
оплата сплитом яндекс маркет;1000000;4;28;888;18;1;split.yandex.ru
сплит яндекса;449000;2;13;286467;28;1;split.yandex.ru
слипт;5000;1;5;393;27;1;split.yandex.ru
мой сплит яндекс личный;943000;4;23;120;15;1;split.yandex.ru
мои сплиты яндекс;356000;3;17;636;23;1;split.yandex.ru
я сплит личный кабинет;967000;4;22;33;28;1;split.yandex.ru
подключить сплит на яндекс маркете;1000000;5;34;269;12;1;split.yandex.ru
сплит яндекс что это такое;1000000;5;26;1575;627;2;split.yandex.ru
что такое сплит яндекс;552000;4;22;7721;1950;2;split.yandex.ru
split yandex account;432000;3;20;289;0;1;split.yandex.ru
сплит яндекс это;2000000;3;16;9286;1477;2;split.yandex.ru
яндекс сплит это что;2000000;4;20;6254;2710;2;split.yandex.ru
яндекс сплит как работает;1000000;4;25;2972;859;2;split.yandex.ru
яндекс сплит для продавца;1000000;4;25;60;9;1;split.yandex.ru
сплит яндекс маркет;1000000;3;19;40692;3556;2;split.yandex.ru
что такое платеж в сплит;127000;5;24;68;3;1;split.yandex.ru
сплит яндекс что это;454000;4;20;6254;2710;2;split.yandex.ru
split yandex ru личный кабинет;736000;5;30;33;10;1;split.yandex.ru
продукты сплитом;111000;2;16;1877;6;1;split.yandex.ru
как работает яндекс сплит;1000000;4;25;2967;868;2;split.yandex.ru
маркет сплит оплата;877000;3;19;927;3;1;split.yandex.ru
сплит на яндексе;556000;3;16;22982;11;1;split.yandex.ru
яндекс сплит это что такое;2000000;5;26;1575;627;2;split.yandex.ru
сплит яндекс как подключить;607000;4;27;1244;291;2;split.yandex.ru
сплит рассрочка;801000;2;15;5495;363;2;split.yandex.ru
оплата яндекс сплит;1000000;3;19;5994;462;2;split.yandex.ru
сплит оплатить;948000;2;14;25236;343;2;split.yandex.ru
что такое сплит в яндекс;554000;5;24;2576;437;2;split.yandex.ru
яндекс сплит как подключить;557000;4;27;1229;297;2;split.yandex.ru
сплит частями оплата;1000000;3;20;2490;536;2;split.yandex.ru
яндекс сплит рассрочка;1000000;3;22;2448;454;2;split.yandex.ru
рассрочка яндекс сплит;1000000;3;22;2445;466;2;split.yandex.ru
сплит что такое в яндекс;1000000;5;24;2576;437;2;split.yandex.ru
яндекс сплит магазины;1000000;3;21;4806;543;2;split.yandex.ru
яндекс сплит оплата;1000000;3;19;6060;468;2;split.yandex.ru
яндекс сплит магазины партнеры;1000000;4;30;712;301;2;split.yandex.ru
сплит рассрочка яндекс;1000000;3;22;2445;466;2;split.yandex.ru
сплит оплата частями;1000000;3;20;2601;546;2;split.yandex.ru
как подключить яндекс сплит;577000;4;27;1244;291;2;split.yandex.ru
яндекс сплит оплата частями;1000000;4;27;643;139;2;split.yandex.ru
как подключить сплит на яндекс маркете;694000;6;38;243;161;2;split.yandex.ru
сплит платежи;877000;2;13;11208;186;2;split.yandex.ru
как подключить яндекс сплит на маркете;665000;6;38;243;161;2;split.yandex.ru
сплит яндекс как оформить;552000;4;25;1523;166;2;split.yandex.ru
оплата частями яндекс;1000000;3;21;1385;142;2;split.yandex.ru
сплит партнеры;873000;2;14;2634;246;2;split.yandex.ru
как оформить яндекс сплит;628000;4;25;1523;166;2;split.yandex.ru
яндекс сплин;523000;2;12;1039;212;2;split.yandex.ru
яндекс сплит оформить;1000000;3;21;3523;164;2;split.yandex.ru
сплит система яндекс;2000000;3;20;1525;260;2;split.yandex.ru
яндекс банк сплит;1000000;3;17;1704;233;2;split.yandex.ru
яндекс частями оплата;1000000;3;21;1367;145;2;split.yandex.ru
сплит магазины партнеры;1000000;3;23;1084;196;2;split.yandex.ru
система сплит яндекс;926000;3;20;1550;272;2;split.yandex.ru
оплата частями яндекс сплит;2000000;4;27;643;139;2;split.yandex.ru
аккаунты яндекс сплит;824000;3;21;3086;92;2;split.yandex.ru
где посмотреть яндекс сплит;10000;4;27;1729;99;2;split.yandex.ru
яндекс сплит личный кабинет оплатить;1000000;5;36;198;105;2;split.yandex.ru
что такое сплит яндекс маркет;55000;5;29;2547;99;2;split.yandex.ru
как получить яндекс сплит;1000000;4;25;1150;102;2;split.yandex.ru
сплит для бизнеса;1000000;3;17;690;94;2;split.yandex.ru
сплит оплата яндекс маркет;1000000;4;26;883;117;2;split.yandex.ru
яндекс сплит это кредит;632000;4;23;540;105;2;split.yandex.ru
яндекс сплит телефон;2000000;3;20;4452;115;2;split.yandex.ru
яндекс сплит где работает;2000000;4;25;179;101;2;split.yandex.ru
сплит приложение;907000;2;16;2091;120;2;split.yandex.ru
яндекс маркет сплит оплата;1000000;4;26;883;117;2;split.yandex.ru
что такое сплит в яндексе;553000;5;25;2576;98;2;split.yandex.ru
оплата сплитом яндекс;577000;3;21;5994;110;2;split.yandex.ru
приложение сплит;513000;2;16;2119;122;2;split.yandex.ru
оплата в сплит;993000;3;14;4747;87;2;split.yandex.ru
как получить сплит на яндекс;106000;5;28;476;51;2;split.yandex.ru
сплит оплатить личный кабинет;822000;4;29;272;60;2;split.yandex.ru
приложение сплит скачать;939000;3;24;397;63;2;split.yandex.ru
как купить в сплит;701000;4;18;1781;59;2;split.yandex.ru
как сделать яндекс сплит;988000;4;24;882;62;2;split.yandex.ru
сплит банк;10000;2;10;2515;53;2;split.yandex.ru
как открыть яндекс сплит;77000;4;24;577;78;2;split.yandex.ru
яндекс сплит в каких магазинах действует;1000000;6;40;89;63;2;split.yandex.ru
слип яндекс;432000;2;11;288;64;2;split.yandex.ru
товары в сплит;1000000;3;14;3053;61;2;split.yandex.ru
как сделать сплит на яндекс маркете;725000;6;35;219;80;2;split.yandex.ru
сплит рассрочка что это;112000;4;23;133;68;2;split.yandex.ru
как подключить сплит в яндекс маркете;491000;6;37;89;55;2;split.yandex.ru
оплата частями яндекс маркет;1000000;4;28;196;63;2;split.yandex.ru
яндекс сплит посмотреть платежи;1000000;4;31;1370;85;2;split.yandex.ru
как оформить сплит в яндекс;714000;5;27;844;50;2;split.yandex.ru
реклама яндекс сплит;1000000;3;20;212;25;2;split.yandex.ru
платежная система сплит;1000000;3;23;99;27;2;split.yandex.ru
яндекс сплит рассрочка оформить;880000;4;31;181;31;2;split.yandex.ru
что за яндекс сплит;446000;4;19;983;26;2;split.yandex.ru
яндекс сплит лого;678000;3;17;37;28;2;split.yandex.ru
реклама сплит яндекс;1000000;3;20;212;25;2;split.yandex.ru
как подключить сплит на яндекс;494000;5;30;354;46;2;split.yandex.ru
как посмотреть сплит;522000;3;20;2422;29;2;split.yandex.ru
покупка в сплит что это;513000;5;23;95;38;2;split.yandex.ru
сплит продукты;885000;2;14;1893;27;2;split.yandex.ru
сайт сплит;225000;2;10;2486;49;2;split.yandex.ru
система платежей сплит;100000;3;22;201;41;2;split.yandex.ru
покупка яндекс сплит;1000000;3;20;2165;26;2;split.yandex.ru
покупка сплитом яндекс;1000000;3;22;2165;31;2;split.yandex.ru
yandex split что это;153000;4;20;280;49;2;split.yandex.ru
оформить сплит на яндекс;927000;4;24;783;25;2;split.yandex.ru
скачать яндекс сплит для андроид бесплатно;2000000;6;42;42;11;2;split.yandex.ru
как включить сплит на яндекс маркете;780000;6;36;16;12;2;split.yandex.ru
сплит что это такое на яндекс;222000;6;29;102;16;2;split.yandex.ru
рассрочка яндекс сплит что это;528000;5;30;22;12;2;split.yandex.ru
скачать яндекс сплит для андроид;895000;5;32;87;15;2;split.yandex.ru
яндекс сплит что это за банк;542000;6;28;13;11;2;split.yandex.ru
сплит покупки в рассрочку;1000000;4;25;94;22;2;split.yandex.ru
сплит деньги;331000;2;12;8858;16;2;split.yandex.ru
как оформить сплит яндекс маркет;726000;5;32;831;21;2;split.yandex.ru
покупка в сплит яндекс;1000000;4;22;995;13;2;split.yandex.ru
долями яндекс сплит;482000;3;19;161;22;2;split.yandex.ru
сплит оплата где работает;2000000;4;25;27;21;2;split.yandex.ru
в сплит яндекс маркет что это;550000;6;29;303;12;2;split.yandex.ru
яндекс маркет оплата сплитом;1000000;4;28;888;18;2;split.yandex.ru
рассрочка от яндекса;945000;3;20;748;23;2;split.yandex.ru
что такое сплит на яндексе;161000;5;26;810;11;2;split.yandex.ru
как оплатить сплит яндекс;733000;4;25;4450;590;3;split.yandex.ru
поддержка сплит яндекс;2000000;3;22;2782;997;3;split.yandex.ru
как активировать сплит яндекс маркет;535000;5;36;46;4;2;split.yandex.ru
как работает сплит яндекс;1000000;4;25;2967;868;3;split.yandex.ru
сплитуй от яндекса;412000;3;18;5;0;2;split.yandex.ru
яндекс сплит как оплатить;592000;4;25;4450;590;3;split.yandex.ru
мои сплиты яндекс маркет;574000;4;24;61;9;2;split.yandex.ru
покупки сплитом;939000;2;15;6260;2;2;split.yandex.ru
как получить сплит от яндекса;1000000;5;29;68;5;2;split.yandex.ru
яндекс маркет сплит;1000000;3;19;41168;3568;3;split.yandex.ru
как оформить сплит на яндекс;481000;5;28;301;9;2;split.yandex.ru
покупки со сплитом;1000000;3;18;164;6;2;split.yandex.ru
как оплатить яндекс сплит;632000;4;25;4450;590;3;split.yandex.ru
яндекс сплит системы;1000000;3;20;1535;4;2;split.yandex.ru
яндекс сплит что можно купить;237000;5;29;79;10;2;split.yandex.ru
рассрочка яндекс;1000000;2;16;14257;582;3;split.yandex.ru
яндекс сплит купить;1000000;3;19;8220;396;3;split.yandex.ru
яндекс рассрочка сплит;1000000;3;22;2445;466;3;split.yandex.ru
сплит карта яндекс;1000000;3;18;9943;490;3;split.yandex.ru
сплит яндекс оплата;1000000;3;19;5994;462;3;split.yandex.ru
яндекс сплит горячая линия;774000;4;26;1430;481;3;split.yandex.ru
купить яндекс сплит;1000000;3;19;8220;396;3;split.yandex.ru
оплатить яндекс сплит;1000000;3;21;11758;546;3;split.yandex.ru
яндекс карта сплит;1000000;3;18;9917;482;3;split.yandex.ru
оплатить сплит яндекс;1000000;3;21;11758;546;3;split.yandex.ru
яндекс оплата сплит;1000000;3;19;6060;468;3;split.yandex.ru
яндекс сплит оплатить;1000000;3;21;11758;546;3;split.yandex.ru
сплит яндекс оплатить;1000000;3;21;11758;546;3;split.yandex.ru
сплит яндекс рассрочка;1000000;3;22;2448;454;3;split.yandex.ru
оплата частями сплит;1000000;3;20;2490;536;3;split.yandex.ru
яндекс рассрочка;1000000;2;16;14254;576;3;split.yandex.ru
сплит яндекс купить;1000000;3;19;8220;396;3;split.yandex.ru
яндекс сплит как оформить;516000;4;25;1523;166;3;split.yandex.ru
яндекс сплит купить товары в рассрочку;1000000;6;38;235;185;3;split.yandex.ru
яндекс сплит условия;1000000;3;20;821;239;3;split.yandex.ru
как оплатить в сплит в яндекс маркете;607000;7;37;534;183;3;split.yandex.ru
сплит яндекс условия;1000000;3;20;820;238;3;split.yandex.ru
что такое сплит от яндекс маркет;593000;6;32;191;168;3;split.yandex.ru
сплит яндекс магазины партнеры;1000000;4;30;712;301;3;split.yandex.ru
условия яндекс сплит;1000000;3;20;820;238;3;split.yandex.ru
сплит как оплатить;688000;3;18;8693;256;3;split.yandex.ru
как оформить сплит в яндекс маркете;660000;6;35;616;235;3;split.yandex.ru
яндекс сплит партнеры магазины;1000000;4;30;712;301;3;split.yandex.ru
яндекс сплит система;2000000;3;20;1542;274;3;split.yandex.ru
яндекс сплит это кредит или нет;590000;6;31;210;171;3;split.yandex.ru
где можно оплатить яндекс сплит;2000000;5;31;715;246;3;split.yandex.ru
оплатить сплит;866000;2;14;25236;343;3;split.yandex.ru
как оформить сплит яндекс;551000;4;25;1522;164;3;split.yandex.ru
оплата сплитом что это;379000;4;22;879;87;3;split.yandex.ru
как купить в сплит на яндекс маркете;1000000;7;36;290;105;3;split.yandex.ru
приложение сплит яндекс;1000000;3;23;916;116;3;split.yandex.ru
яндекс маркет что такое сплит;439000;5;29;2547;99;3;split.yandex.ru
яндекс сплит скачать приложение;2000000;4;31;206;113;3;split.yandex.ru
яндекс сплит как пользоваться;56000;4;29;891;90;3;split.yandex.ru
купить в сплит яндекс маркет;1000000;5;28;1362;135;3;split.yandex.ru
яндекс сплит приложение;1000000;3;23;903;114;3;split.yandex.ru
сплит график платежей;389000;3;21;2329;126;3;split.yandex.ru
магазины с яндекс сплит;1000000;4;23;600;108;3;split.yandex.ru
сплит в яндекс маркете;1000000;4;22;20363;138;3;split.yandex.ru
как получить сплит;1000000;3;18;1842;134;3;split.yandex.ru
как оформить яндекс сплит в яндекс маркете;678000;7;42;616;98;3;split.yandex.ru
как открыть сплит в яндекс маркете;714000;6;34;177;119;3;split.yandex.ru
яндекс сплит баланс;553000;3;19;3477;162;3;split.yandex.ru
сплит рассрочка яндекс маркет;1000000;4;29;374;86;3;split.yandex.ru
сплит кредит;954000;2;12;2285;61;3;split.yandex.ru
яндекс сплит что это и как работает;1000000;7;35;438;66;3;split.yandex.ru
купить в сплит яндекс;1000000;4;21;3678;77;3;split.yandex.ru
яндекс маркет частями оплата;1000000;4;28;196;64;3;split.yandex.ru
сплит яндекс маркет как пользоваться;780000;5;36;397;70;3;split.yandex.ru
сплит долями;900000;2;12;979;61;3;split.yandex.ru
яндекс маркет сплит рассрочка;1000000;4;29;372;83;3;split.yandex.ru
купить в яндекс сплит;1000000;4;21;3678;77;3;split.yandex.ru
сплит на яндекс маркет;1000000;4;22;12390;77;3;split.yandex.ru
как получить сплит на яндекс маркете;1000000;6;36;302;66;3;split.yandex.ru
сплит яндекс маркет рассрочка;783000;4;29;372;83;3;split.yandex.ru
яндекс сплит партнеры список;2000000;4;28;408;82;3;split.yandex.ru
скачать приложение сплит;1000000;3;24;397;63;3;split.yandex.ru
сплит от яндекс маркета;1000000;4;23;890;77;3;split.yandex.ru
сплит покупки;1000000;2;13;6368;85;3;split.yandex.ru
сплит яндекс маркет что это;335000;5;27;819;58;3;split.yandex.ru
яндекс сплит купить товары;2000000;4;26;730;39;3;split.yandex.ru
как покупать в сплит на яндекс маркете;1000000;7;38;74;41;3;split.yandex.ru
сплит условия;1000000;2;13;1680;48;3;split.yandex.ru
что такое оплата в сплит;391000;5;24;190;40;3;split.yandex.ru
яндекс сплит финдозор;597000;3;21;132;45;3;split.yandex.ru
сплит на яндекс маркет что это;689000;6;30;254;39;3;split.yandex.ru
яндекс сплит договор;574000;3;20;554;56;3;split.yandex.ru
оплата долями яндекс;707000;3;20;238;46;3;split.yandex.ru
как получить сплит в яндексе;1000000;5;28;327;55;3;split.yandex.ru
сплит система платежей;1000000;3;22;201;41;3;split.yandex.ru
сплит приложение скачать;1000000;3;24;386;56;3;split.yandex.ru
договор яндекс сплит;533000;3;20;554;56;3;split.yandex.ru
yandex split что такое;981000;4;22;112;40;3;split.yandex.ru
как оплатить сплитом на яндекс маркете;681000;6;38;292;51;3;split.yandex.ru
яндекс маркет сплит что это;616000;5;27;819;58;3;split.yandex.ru
яндекс сплит условия предоставления;2000000;4;35;52;39;3;split.yandex.ru
сплит сервис яндекс;1000000;3;19;302;29;3;split.yandex.ru
где сплит в яндекс маркете;805000;5;26;459;31;3;split.yandex.ru
как включить сплит в яндекс маркете;799000;6;35;44;32;3;split.yandex.ru
сплит яндекс маркет как работает;1000000;5;32;1019;31;3;split.yandex.ru
сплит это яндекс маркет;13000;4;23;1047;31;3;split.yandex.ru
как работает сплит на яндекс;1000000;5;28;430;29;3;split.yandex.ru
как оформить сплит на яндекс маркет;700000;6;35;221;34;3;split.yandex.ru
как посмотреть сплит в яндекс;759000;5;29;699;32;3;split.yandex.ru
товары яндекс сплит;1000000;3;19;2439;34;3;split.yandex.ru
яндекс маркет сплит это;10000;4;23;1047;31;3;split.yandex.ru
как активировать сплит в яндекс маркете;591000;6;39;40;35;3;split.yandex.ru
яндекс сплит товары;1000000;3;19;2439;34;3;split.yandex.ru
как взять сплит на яндекс маркет;869000;6;32;106;30;3;split.yandex.ru
как взять в сплит в яндекс маркет;764000;7;33;144;32;3;split.yandex.ru
сплит яндекс маркет что это такое;1000000;6;33;243;38;3;split.yandex.ru
как купить через сплит яндекс маркет;1000000;6;36;58;28;3;split.yandex.ru
сплит в яндексе как это работает;1000000;6;32;62;19;3;split.yandex.ru
рассрочка от яндекс;944000;3;19;748;23;3;split.yandex.ru
как в яндекс маркете купить сплитом;1000000;6;35;439;25;3;split.yandex.ru
яндекс сплит кредит или нет;427000;5;27;238;22;3;split.yandex.ru
проверить сплит;1000000;2;15;1346;25;3;split.yandex.ru
условия сплит яндекс маркет;2000000;4;27;87;19;3;split.yandex.ru
рассрочка от яндекс сплит;885000;4;25;108;27;3;split.yandex.ru
как купить сплитом в яндекс маркете;1000000;6;35;439;25;3;split.yandex.ru
оплатить сплит яндекс маркет;1000000;4;28;2225;26;3;split.yandex.ru
яндекс split что такое;988000;4;22;29;24;3;split.yandex.ru
как работает сплит от яндекс маркет;98000;6;35;31;27;3;split.yandex.ru
yandex split что это такое;1000000;5;26;39;27;3;split.yandex.ru
сплит в яндексе это;456000;4;19;724;21;3;split.yandex.ru
как купить через яндекс сплит;879000;5;29;213;26;3;split.yandex.ru
как пользоваться сплитом на яндекс;710000;5;34;127;28;3;split.yandex.ru
условия сплита на яндекс маркете;1000000;5;32;30;18;3;split.yandex.ru
как покупать в яндекс маркете сплитом;801000;6;37;109;10;3;split.yandex.ru
как оплачивать сплитом в яндекс маркет;878000;6;38;534;13;3;split.yandex.ru
купить через яндекс сплит;736000;4;25;625;15;3;split.yandex.ru
сплит на яндекс маркете;1000000;4;23;12390;12;3;split.yandex.ru
как оформить сплит на яндекс маркет в приложении;1000000;8;48;14;13;3;split.yandex.ru
аккаунт яндекс маркет со сплитом;1000000;5;32;151;11;3;split.yandex.ru
как оформить сплит на яндекс маркете;700000;6;36;221;17;3;split.yandex.ru
сплит покупка частями;1000000;3;21;152;15;3;split.yandex.ru
купить с яндекс сплит;1000000;4;21;640;16;3;split.yandex.ru
яндекс в рассрочку;1000000;3;18;7803;13;3;split.yandex.ru
что за сплит на яндекс маркете;484000;6;30;51;17;3;split.yandex.ru
яндекс сплит как купить;1000000;4;23;1205;16;3;split.yandex.ru
как купить товар на яндекс маркете со сплитом;1000000;8;45;16;12;3;split.yandex.ru
как купить товар в сплит на яндекс маркете;1000000;8;42;50;15;3;split.yandex.ru
как на яндекс маркете оформить сплит;1000000;6;36;221;17;3;split.yandex.ru
как сделать чтобы появился сплит яндекс;1000000;6;39;40;10;3;split.yandex.ru
яндекс маркет частями;1000000;3;21;828;6;3;split.yandex.ru
как оформляется сплит в яндекс маркете;668000;6;38;10;8;3;split.yandex.ru
сплин карта;296000;2;11;178;8;3;split.yandex.ru
как на яндекс маркете купить сплитом;1000000;6;36;378;8;3;split.yandex.ru
как взять товар в сплит на яндекс маркете;105000;8;41;12;8;3;split.yandex.ru
как заказать сплитом в яндекс маркете;1000000;6;37;69;7;3;split.yandex.ru
яндекс сплит правила;3000000;3;20;68;9;3;split.yandex.ru
как купить на яндекс маркете со сплитом;1000000;7;39;33;8;3;split.yandex.ru
как оплачивается сплит в яндекс маркете;549000;6;39;12;9;3;split.yandex.ru
как заказать в сплит на яндекс маркете;927000;7;38;27;8;3;split.yandex.ru
яндекс маркет сплитом;485000;3;21;41805;9;3;split.yandex.ru
покупка сплитом яндекс маркет что это;699000;6;37;16;9;3;split.yandex.ru
как купить со сплитом на яндекс маркете;2000000;7;39;33;8;3;split.yandex.ru
я маркет сплит;2000000;3;14;469;9;3;split.yandex.ru
как оплачивать сплитом в яндекс;587000;5;31;1699;9;3;split.yandex.ru
как заплатить сплит на яндекс маркете;185000;6;37;37;6;3;split.yandex.ru
оплата сплита яндекс;1000000;3;20;5994;2;3;split.yandex.ru
какие товары можно купить в сплит на яндекс маркете;2000000;9;51;10;4;3;split.yandex.ru
яндекс сплит купить товары в рассрочку в москве;1000000;8;47;10;5;3;split.yandex.ru
как оформить в сплит на яндекс маркет;604000;7;37;101;4;3;split.yandex.ru
сплит скоро появится на карточке товара;806000;6;39;12;4;3;split.yandex.ru
как сплитануть в яндекс маркете;10000;5;31;3;2;3;split.yandex.ru
сплит в яндекс маркете условия;2000000;5;30;20;6;3;split.yandex.ru
покупка со сплитом;1000000;3;18;164;5;3;split.yandex.ru
оплата в сплит на яндекс маркете;1000000;6;32;129;6;3;split.yandex.ru
разбить в сплит яндекс что это;460000;6;30;7;4;3;split.yandex.ru
покупки в сплит что это такое;1000000;6;29;17;6;3;split.yandex.ru
как купить сплитом;1000000;3;18;2610;6;3;split.yandex.ru
яндекс маркет сплитом что это такое;1000000;6;35;243;3;3;split.yandex.ru
как покупать на яндекс маркете со сплитом;1000000;7;41;5;5;3;split.yandex.ru
клиент оформил сплит и оплатил первую часть;2000000;7;43;42;6;3;split.yandex.ru
что такое сплит в яндекс маркете и как;10000;8;38;318;2;3;split.yandex.ru
яндекс сплит поддержка телефон;2000000;4;30;906;226;4;split.yandex.ru
что такое сплит в яндекс маркете;559000;6;32;1590;800;4;split.yandex.ru
как купить товары в сплит на яндекс маркете;1000000;8;43;50;0;3;split.yandex.ru
горячая линия яндекс сплит;833000;4;26;1430;481;4;split.yandex.ru
поддержка яндекс сплит;2000000;3;22;2782;997;4;split.yandex.ru
сплит магазины;928000;2;14;12751;245;4;split.yandex.ru
сплитуйте на яндекс маркете;940000;4;27;104;1;3;split.yandex.ru
оформить оплату частями;1000000;3;23;601;0;3;split.yandex.ru
яндекс сплит купить товары в рассрочку в спб;1000000;8;44;4;0;3;split.yandex.ru
яндекс сплит поддержка;2000000;3;22;2782;997;4;split.yandex.ru
что такое оформить сплит;235000;4;24;35;1;3;split.yandex.ru
рассрочка от яндекс маркет сплит;992000;5;32;9;0;3;split.yandex.ru
как оплатить сплит;962000;3;18;8799;258;4;split.yandex.ru
яндекс оплата по частям;840000;4;23;86;0;3;split.yandex.ru
покупки в сплит что это;417000;5;23;95;2;3;split.yandex.ru
сплин яндекс;188000;2;12;1048;212;4;split.yandex.ru
где можно оплатить сплитом;1000000;4;26;1439;151;4;split.yandex.ru
сплит яндекс баланс;1000000;3;19;3477;162;4;split.yandex.ru
как работает сплит на яндекс маркете;1000000;6;36;340;171;4;split.yandex.ru
баланс яндекс сплит;829000;3;19;3477;162;4;split.yandex.ru
яндекс сплит техподдержка;1000000;3;25;613;163;4;split.yandex.ru
где можно платить сплитом;2000000;4;25;611;152;4;split.yandex.ru
что такое сплит на яндекс маркете;612000;6;33;627;183;4;split.yandex.ru
сплит яндекс это кредит или нет;487000;6;31;210;171;4;split.yandex.ru
как оформить сплит;203000;3;18;2659;174;4;split.yandex.ru
техподдержка яндекс сплит;716000;3;25;613;163;4;split.yandex.ru
яндекс сплит что это такое и как работает;1000000;8;41;340;183;4;split.yandex.ru
как оплатить яндекс сплит в яндекс маркете;670000;7;42;534;183;4;split.yandex.ru
баланс сплит яндекс;1000000;3;19;3477;162;4;split.yandex.ru
сплит как оформить;146000;3;18;2659;174;4;split.yandex.ru
яндекс сплит служба поддержки;1000000;4;29;414;189;4;split.yandex.ru
сплит маркет;973000;2;12;41753;150;4;split.yandex.ru
сплит яндекс где посмотреть платежи;2000000;5;35;794;102;4;split.yandex.ru
яндекс сплит горячая линия телефон;2000000;5;34;656;123;4;split.yandex.ru
что такое сплит в яндекс маркете и как пользоваться;728000;9;51;175;127;4;split.yandex.ru
яндекс сплит горячая линия бесплатный телефон;2000000;6;45;189;121;4;split.yandex.ru
баланс сплита яндекс;576000;3;20;3477;124;4;split.yandex.ru
как оплачивать яндекс сплит;796000;4;27;4450;118;4;split.yandex.ru
баланс сплит;938000;2;12;7558;135;4;split.yandex.ru
сплит оплата что это;315000;4;20;911;124;4;split.yandex.ru
яндекс сплит поддержка телефон техподдержки;2000000;5;43;213;132;4;split.yandex.ru
баланс яндекс сплита;650000;3;20;3477;124;4;split.yandex.ru
поддержка яндекс сплит номер телефона;2000000;5;37;238;145;4;split.yandex.ru
яндекс маркет купить в сплит;1000000;5;28;1362;135;4;split.yandex.ru
оплата сплит что это;262000;4;20;879;118;4;split.yandex.ru
яндекс сплит телефон горячей линии;2000000;5;34;656;128;4;split.yandex.ru
яндекс сплит номер телефона поддержка;3000000;5;37;238;145;4;split.yandex.ru
где посмотреть платежи яндекс сплит;2000000;5;35;794;102;4;split.yandex.ru
оплата яндекс сплит что это;640000;5;27;177;59;4;split.yandex.ru
как оплатить сплитом;986000;3;20;8693;66;4;split.yandex.ru
покупка в сплит;850000;3;15;3163;79;4;split.yandex.ru
яндекс маркет оплата частями;1000000;4;28;196;63;4;split.yandex.ru
как оплачивать сплит в яндекс маркете;833000;6;37;534;72;4;split.yandex.ru
как платить сплитом;177000;3;19;1832;63;4;split.yandex.ru
сплит магазин;1000000;2;13;12751;99;4;split.yandex.ru
сплит в яндекс маркете что это;567000;6;30;303;75;4;split.yandex.ru
яндекс сплит номер телефона;2000000;4;27;1726;90;4;split.yandex.ru
телефон поддержки яндекс сплит;2000000;4;30;906;71;4;split.yandex.ru
как платить яндекс сплит;205000;4;24;806;100;4;split.yandex.ru
что такое сплит в яндекс маркете и как он работает;417000;10;50;106;98;4;split.yandex.ru
яндекс сплит техподдержка телефон;2000000;4;33;392;63;4;split.yandex.ru
яндекс афиша сплит;1000000;3;18;534;85;4;split.yandex.ru
где работает яндекс сплит;2000000;4;25;179;101;4;split.yandex.ru
сплим;5000;1;5;1073;54;4;split.yandex.ru
как работает сплит яндекс маркет;1000000;5;32;1019;31;4;split.yandex.ru
что такое купить в сплит;589000;5;24;118;34;4;split.yandex.ru
яндекс сплит контакты;870000;3;21;81;37;4;split.yandex.ru
что значит сплит на яндекс маркете;688000;6;34;168;33;4;split.yandex.ru
как получить сплит в яндекс маркете;1000000;6;35;135;36;4;split.yandex.ru
сплит оплата частями что это;759000;5;28;117;32;4;split.yandex.ru
что значит сплит в яндекс маркет;789000;6;32;380;42;4;split.yandex.ru
сплит в яндекс маркете это;426000;5;26;420;36;4;split.yandex.ru
что значит купить в сплит;937000;5;25;74;41;4;split.yandex.ru
что такое покупка в сплит;549000;5;25;177;36;4;split.yandex.ru
как оформить сплит в яндекс маркете с телефона;1000000;8;46;84;44;4;split.yandex.ru
яндекс сплит какие магазины;1000000;4;27;1076;41;4;split.yandex.ru
яндекс плюс сплит;1000000;3;17;902;33;4;split.yandex.ru
сплит служба поддержки;1000000;3;22;494;40;4;split.yandex.ru
система оплаты сплит;1000000;3;20;570;47;4;split.yandex.ru
яндекс маркет сплит как работает;1000000;5;32;1019;31;4;split.yandex.ru
яндекс маркет как оформить сплит;626000;5;32;831;21;4;split.yandex.ru
яндекс маркет сплит оплата как работает;2000000;6;39;38;26;4;split.yandex.ru
как платить сплит в яндекс;467000;5;26;384;28;4;split.yandex.ru
как работает система сплит в яндекс маркет;2000000;7;42;51;26;4;split.yandex.ru
можно ли купить продукты в сплит;2000000;6;32;84;27;4;split.yandex.ru
какие магазины работают с яндекс сплит;2000000;6;38;42;22;4;split.yandex.ru
как платить сплитом на яндекс;539000;5;29;123;30;4;split.yandex.ru
что такое сплит от яндекса;364000;5;26;246;28;4;split.yandex.ru
как платить сплит в яндекс маркете;755000;6;34;99;29;4;split.yandex.ru
сплит в яндекс маркете что это такое;10000;7;36;65;26;4;split.yandex.ru
как покупать в сплит;625000;4;20;366;30;4;split.yandex.ru
как оплатить в сплит;803000;4;20;3274;29;4;split.yandex.ru
яндекс маркет покупки в сплит;758000;5;29;411;23;4;split.yandex.ru
как платить сплитом на яндекс маркете;282000;6;37;58;28;4;split.yandex.ru
что значит яндекс сплит;579000;4;23;789;31;4;split.yandex.ru
покупка в сплит яндекс маркет;1000000;5;29;411;21;4;split.yandex.ru
сплин яндекс маркет;606000;3;19;183;11;4;split.yandex.ru
условия сплита;1000000;2;14;1668;16;4;split.yandex.ru
яндекс справка сплит;464000;3;20;140;18;4;split.yandex.ru
сплит что это в яндекс маркет;543000;6;29;303;12;4;split.yandex.ru
как сплитовать на яндекс маркете;438000;5;32;28;16;4;split.yandex.ru
как подключить сплит на яндекс маркете через телефон;1000000;8;52;30;11;4;split.yandex.ru
сплит платежи что это;137000;4;21;133;19;4;split.yandex.ru
как взять сплит в яндекс маркете;805000;6;32;144;17;4;split.yandex.ru
как активировать яндекс сплит;112000;4;29;110;18;4;split.yandex.ru
оплата сплитом яндекс маркет что это;861000;6;36;30;16;4;split.yandex.ru
как пользоваться сплит в яндекс маркете;596000;6;39;224;19;4;split.yandex.ru
купить в сплит на яндекс маркете;2000000;6;32;685;19;4;split.yandex.ru
яндекс рассрочка оформить;935000;3;25;943;11;4;split.yandex.ru
яндекс сплит справка;629000;3;20;140;18;4;split.yandex.ru
как оплатить сплитом в яндекс маркете;584000;6;37;534;20;4;split.yandex.ru
оплата в сплит что это;297000;5;22;97;11;4;split.yandex.ru
как подключить сплит в яндекс маркете на телефоне;2000000;8;49;8;5;4;split.yandex.ru
как оплатить сплитом на яндекс;644000;5;30;563;7;4;split.yandex.ru
как оформить товар в сплит на яндекс маркете;1000000;8;44;13;8;4;split.yandex.ru
купить в сплит что это;674000;5;22;101;7;4;split.yandex.ru
как купить сплитом в яндекс маркете с телефона;215000;8;46;28;8;4;split.yandex.ru
яндекс сплит купить товары оплата частями;1000000;6;41;7;6;4;split.yandex.ru
сплит от яндекс маркета что это;525000;6;31;15;9;4;split.yandex.ru
как активировать сплит;83000;3;22;182;8;4;split.yandex.ru
купить через сплит на яндекс маркете;1000000;6;36;25;9;4;split.yandex.ru
купить сплитом в яндекс маркете;1000000;5;31;1362;8;4;split.yandex.ru
яндекс сплит личный кабинет лимит;908000;5;33;13;9;4;split.yandex.ru
как пользоваться сплитом на яндекс маркете с телефона;1000000;8;53;17;9;4;split.yandex.ru
что значит разбить в сплит яндекс маркет;600000;7;40;7;6;4;split.yandex.ru
что значит оформить сплит в яндекс маркете;746000;7;42;9;8;4;split.yandex.ru
как действует сплит в яндекс маркет;717000;6;35;15;10;4;split.yandex.ru
яндекс маркет интернет магазин сплит оплата;2000000;6;43;8;5;4;split.yandex.ru
что такое сплит в яндекс маркете и как пользоваться программой;1000000;10;62;6;0;4;split.yandex.ru
разбить в сплит;102000;3;15;121;2;4;split.yandex.ru
яндекс плейс личный кабинет;430000;4;27;3;3;4;split.yandex.ru
как купить в яндекс маркете со сплитом товар;2000000;8;44;1;1;4;split.yandex.ru
сплит что это такое простыми словами в яндекс;410000;8;45;7;3;4;split.yandex.ru
сплитануть на яндекс маркете;9000;4;28;8;1;4;split.yandex.ru
как заработать сплит в яндекс маркет;687000;6;36;6;5;4;split.yandex.ru
яндекс маркет покупка сплитом;1000000;4;29;581;3;4;split.yandex.ru
как оплатить товар сплитом в яндекс маркете;376000;7;43;16;4;4;split.yandex.ru
как купить товар в сплит яндекс маркет;1000000;7;38;67;2;4;split.yandex.ru
что такое оформить сплит в яндекс маркете;698000;7;41;6;5;4;split.yandex.ru
что такое оплата сплитом на яндекс маркете;676000;7;42;15;5;4;split.yandex.ru
товары в сплит от яндекс маркет;1000000;6;31;56;1;4;split.yandex.ru
сплитуем в яндекс маркете;539000;4;25;85;3;4;split.yandex.ru
как оплачивать сплит на яндекс;453000;5;30;563;5;4;split.yandex.ru
сплит яндекс как оплатить;677000;4;25;4450;590;5;split.yandex.ru
баланс сплита что это;132000;4;21;401;104;5;split.yandex.ru
баланс сплита яндекс что это;623000;5;28;251;144;5;split.yandex.ru
яндекс сплит график платежей;776000;4;28;1463;182;5;split.yandex.ru
яндекс сплит лимит;489000;3;18;2973;133;5;split.yandex.ru
что такое яндекс сплит и как им пользоваться;755000;8;44;202;171;5;split.yandex.ru
как работает яндекс сплит для покупателя;1000000;6;40;124;115;5;split.yandex.ru
мануал яндекс сплит;434000;3;19;677;243;5;split.yandex.ru
сплит поддержка;952000;2;15;3268;176;5;split.yandex.ru
служба поддержки яндекс сплит;957000;4;29;414;189;5;split.yandex.ru
маркет сплит;884000;2;12;41280;154;5;split.yandex.ru
баланс сплита;891000;2;13;7851;246;5;split.yandex.ru
как работает сплит в яндекс маркете;1000000;6;35;546;238;5;split.yandex.ru
сплит это кредит;160000;3;16;983;131;5;split.yandex.ru
яндекс сплит что это такое простыми словами;1000000;7;43;272;184;5;split.yandex.ru
купить яндекс сплит аккаунт;2000000;4;27;1418;521;5;split.yandex.ru
как получить сплит на яндекс маркете на новом аккаунте;2000000;9;54;110;98;5;split.yandex.ru
яндекс маркет товары в сплит;933000;5;28;704;35;5;split.yandex.ru
купить в сплит что это такое;1000000;6;28;67;48;5;split.yandex.ru
сплит покупка;1000000;2;13;6368;54;5;split.yandex.ru
как оплатить сплит яндекс маркет;689000;5;32;949;45;5;split.yandex.ru
как оплатить сплит в яндекс маркете;1000000;6;35;534;49;5;split.yandex.ru
сплит это в яндекс маркете;484000;5;26;420;36;5;split.yandex.ru
сплит яндекс афиша;935000;3;18;534;85;5;split.yandex.ru
сплит система оплаты;976000;3;20;599;51;5;split.yandex.ru
сплит это что в яндекс маркете;2000000;6;30;303;75;5;split.yandex.ru
как пользоваться сплитом на яндекс маркете;688000;6;42;89;49;5;split.yandex.ru
карта сплита яндекс;1000000;3;19;9839;91;5;split.yandex.ru
сплит где посмотреть платежи;1000000;4;28;1204;82;5;split.yandex.ru
что такое сплит на яндекс маркете и как это работает;402000;10;52;62;45;5;split.yandex.ru
где посмотреть платежи по сплит яндекс;2000000;6;38;147;73;5;split.yandex.ru
горячая линия сплит;1000000;3;19;1877;94;5;split.yandex.ru
товары в сплит яндекс маркет;1000000;5;28;704;35;5;split.yandex.ru
как оплачивать сплит на яндекс маркете;605000;6;38;292;14;5;split.yandex.ru
где можно расплатиться сплитом;1000000;4;30;188;18;5;split.yandex.ru
мои сплиты где посмотреть;1000000;4;25;49;22;5;split.yandex.ru
как покупать в сплит на яндекс маркете с телефона;2000000;9;49;18;17;5;split.yandex.ru
где смотреть сплит яндекс маркет;2000000;5;32;43;21;5;split.yandex.ru
купить со сплитом на яндекс маркете;2000000;6;35;79;16;5;split.yandex.ru
яндекс сплит что это такое простыми словами и как работает;1000000;10;58;43;32;5;split.yandex.ru
как оплатить сплит на яндекс маркете;1000000;6;36;292;21;5;split.yandex.ru
как использовать сплит в яндекс маркете;1000000;6;39;43;27;5;split.yandex.ru
купить через сплит;895000;3;18;1419;21;5;split.yandex.ru
яндекс сплит что это такое простыми;989000;6;35;309;32;5;split.yandex.ru
яндекс маркет в сплит;1000000;4;21;20363;30;5;split.yandex.ru
афиша сплит;674000;2;11;641;16;5;split.yandex.ru
сплит товары яндекс маркет;1000000;4;26;1108;26;5;split.yandex.ru
яндекс сплит служба поддержки телефон;2000000;5;37;130;33;5;split.yandex.ru
значок сплит в яндекс маркете;786000;5;29;39;12;5;split.yandex.ru
что значит оформить сплит;359000;4;25;50;3;5;split.yandex.ru
как платить сплитом на яндекс маркете через телефон;2000000;8;51;5;5;5;split.yandex.ru
как купить сплит на яндекс маркете;1000000;6;34;378;8;5;split.yandex.ru
сплит в яндекс маркете что;10000;5;26;4009;5;5;split.yandex.ru
что такое покупки в сплит;345000;5;25;177;6;5;split.yandex.ru
как получить сплит на яндекс маркете через телефон;1000000;8;50;5;4;5;split.yandex.ru
что такое покупка в сплит яндекс маркет;576000;7;39;32;10;5;split.yandex.ru
как пользоваться сплитом на яндекс маркете с телефона андроид;1000000;9;61;6;6;5;split.yandex.ru
оформить сплит что это значит;372000;5;29;29;9;5;split.yandex.ru
что такое сплин в яндекс маркете;10000;6;32;9;5;5;split.yandex.ru
оплата сплитом это;2000000;3;18;1226;11;5;split.yandex.ru
как воспользоваться сплитом на яндекс маркете;575000;6;45;16;10;5;split.yandex.ru
что такое сплит в яндекс маркете какой банк;776000;8;43;4;4;5;split.yandex.ru
оплата частями на яндекс маркете;1000000;5;32;74;8;5;split.yandex.ru
яндекс маркет со сплитом;1000000;4;24;783;11;5;split.yandex.ru
купить частями на яндекс маркете;1000000;5;32;66;3;5;split.yandex.ru
яндекс сплит купить смартфон в рассрочку без процентов;1000000;8;54;20;18;6;split.yandex.ru
покупка в сплит яндекс маркет как работает;1000000;7;42;27;25;6;split.yandex.ru
сплит оплата это;2000000;3;16;1355;70;6;split.yandex.ru
что такое оплата сплитом;292000;4;24;967;21;6;split.yandex.ru
что такое баланс сплита на яндекс;580000;6;33;222;58;6;split.yandex.ru
где найти сплит в яндекс маркете;1000000;6;32;51;19;6;split.yandex.ru
поддержка сплит;1000000;2;15;3337;179;6;split.yandex.ru
яндекс маркет сплиты;976000;3;20;41164;62;6;split.yandex.ru
что такое сплиты в яндекс маркете;621000;6;33;1590;74;6;split.yandex.ru
можно ли оплатить сплит баллами плюса;2000000;6;37;36;31;6;split.yandex.ru
купить аккаунт яндекс сплит;2000000;4;27;1418;521;6;split.yandex.ru
сплит где можно использовать;1000000;4;28;232;89;6;split.yandex.ru
как оплатить в яндекс маркете сплитом;594000;6;37;534;20;6;split.yandex.ru
где посмотреть сплит на яндекс маркете;2000000;6;38;134;74;6;split.yandex.ru
что такое сплитовать на яндекс маркете;409000;6;38;1;1;5;split.yandex.ru
сплит это рассрочка или нет;45000;5;27;28;18;6;split.yandex.ru
система оплаты частями;1000000;3;22;1059;2;6;split.yandex.ru
что такое сплит в яндекс маркете и как он работает для чайников;532000;12;63;7;5;6;split.yandex.ru
сплитить;3000;1;8;134;9;6;split.yandex.ru
как происходит оплата сплитом в яндекс маркете;350000;7;46;16;5;6;split.yandex.ru
покупка сплитом;778000;2;15;6260;8;6;split.yandex.ru
как сделать оплату частями;1000000;4;26;354;3;6;split.yandex.ru
сплит что это означает на яндекс маркет;630000;7;39;19;15;6;split.yandex.ru
как узнать сплит яндекс маркет;992000;5;30;209;8;6;split.yandex.ru
что значит купить в сплит на яндекс маркете;1000000;8;43;14;13;6;split.yandex.ru
как посмотреть свой сплит;456000;4;25;163;7;6;split.yandex.ru
яндекс маркет сплит как включить;856000;5;32;75;16;6;split.yandex.ru
яндекс маркет сплит купить;1000000;4;26;2028;14;6;split.yandex.ru
сплит узнать свой лимит;612000;4;23;134;4;6;split.yandex.ru
сплитуй;3000;1;7;1399;12;6;split.yandex.ru
как купить в сплит на яндекс маркете первый раз с телефона;2000000;11;58;19;17;6;split.yandex.ru
что такое сплитом на яндекс маркете;97000;6;35;627;0;6;split.yandex.ru
как использовать сплит;696000;3;22;334;15;7;split.yandex.ru
яндекс сплит купить смартфон в рассрочку;2000000;6;40;72;23;7;split.yandex.ru
оплата в сплит что значит;646000;5;25;139;80;7;split.yandex.ru
как позвонить в яндекс сплит;467000;5;28;112;21;7;split.yandex.ru
где найти сплит на яндекс маркете;2000000;6;33;62;30;7;split.yandex.ru
что означает сплит в яндекс маркете;563000;6;35;69;21;7;split.yandex.ru
сплит оплата что это такое;431000;5;26;285;146;7;split.yandex.ru
яндекс сплит где посмотреть график;163000;5;34;606;40;7;split.yandex.ru
как посмотреть сплит в яндекс маркете;1000000;6;37;300;107;7;split.yandex.ru
яндекс спит что это;528000;4;19;61;25;7;split.yandex.ru
что такое сплит оплата;430000;4;22;1029;246;7;split.yandex.ru
яндекс маркет долями;56000;3;20;463;132;7;split.yandex.ru
сплит товары;765000;2;12;5986;21;7;split.yandex.ru
оплата по частям;797000;3;16;6779;106;7;split.yandex.ru
оплата частями;1000000;2;14;52065;2001;7;split.yandex.ru
как выглядит значок сплит в яндекс маркете;655000;7;42;17;12;7;split.yandex.ru
по частям оплата;2000000;3;16;6737;108;8;split.yandex.ru
как поменять карту в яндекс сплит;1000000;6;33;58;2;7;split.yandex.ru
что значит оплата сплитом на яндекс маркете;985000;7;43;13;7;7;split.yandex.ru
что значит в сплит на маркете;300000;6;29;68;2;7;split.yandex.ru
яндекс сплит посмотреть лимит;783000;4;29;101;6;7;split.yandex.ru
сплит это кредит или нет;153000;5;24;340;112;8;split.yandex.ru
сервисы рассрочки для интернет магазинов;2000000;5;40;23;10;7;split.yandex.ru
кому доступен сплит на яндекс маркете;866000;6;37;7;6;7;split.yandex.ru
как купить телефон в сплит на яндекс маркете;2000000;8;44;28;9;7;split.yandex.ru
как купить телефон в сплит;2000000;5;26;63;3;7;split.yandex.ru
узнать баланс сплита яндекс;828000;4;27;106;11;7;split.yandex.ru
сплем;4000;1;5;1749;9;7;split.yandex.ru
яндекс сплит досрочное погашение;530000;4;32;304;166;8;split.yandex.ru
сплит займ;921000;2;10;116;9;7;split.yandex.ru
сплит какой банк;953000;3;16;308;11;7;split.yandex.ru
что значит оплата в сплит;474000;5;25;139;80;8;split.yandex.ru
что такое в сплит;20000;4;17;5266;66;9;split.yandex.ru
яндекс маркет со сплитом купить;1000000;5;31;249;0;8;split.yandex.ru
что значит покупка в сплит;166000;5;26;116;17;8;split.yandex.ru
яндекс сплит купить аккаунт;1000000;4;27;1418;521;9;split.yandex.ru
покупка в сплит что это значит;580000;6;30;15;12;8;split.yandex.ru
сплиь;3000;1;5;361;151;9;split.yandex.ru
яндекс сплит максимальная сумма;677000;4;31;124;31;8;split.yandex.ru
баланс сплита яндекс маркет;527000;4;27;1603;14;8;split.yandex.ru
как посмотреть сплит в яндекс маркете на телефоне;2000000;8;49;30;28;8;split.yandex.ru
как оформить сплит на яндекс маркет на 6 месяцев;2000000;9;48;28;5;8;split.yandex.ru
яндекс маркет оплата долями;883000;4;27;62;43;8;split.yandex.ru
где посмотреть сплит на яндекс маркете когда платить;2000000;8;52;30;30;8;split.yandex.ru
как отключить сплит яндекс;555000;4;26;1040;227;9;split.yandex.ru
как купить в сплит на яндекс маркете первый раз;2000000;9;47;37;18;8;split.yandex.ru
сплит яндекс маркет лимит;1000000;4;25;684;72;8;split.yandex.ru
сплиты яндекс маркет;1000000;3;20;41805;58;9;split.yandex.ru
оплата долями яндекс маркет;788000;4;27;62;43;10;split.yandex.ru
как оплатить сплит досрочно;966000;4;27;849;195;10;split.yandex.ru
баланс сплита что это такое;943000;5;27;58;9;9;split.yandex.ru
купить аккаунт яндекс маркет со сплитом;1000000;6;39;116;104;10;split.yandex.ru
сплитирование платежей;131000;2;22;5;3;9;split.yandex.ru
как узнать график платежей яндекс сплит;974000;6;39;81;59;10;split.yandex.ru
яндекс сплит какой банк;1000000;4;23;160;32;9;split.yandex.ru
yandex 5399 split moscow rus;222000;5;28;15;4;9;split.yandex.ru
купить телефон в сплит на яндекс маркете;2000000;7;40;58;20;9;split.yandex.ru
покупки в сплит это как;2000000;5;23;6;0;9;split.yandex.ru
как посмотреть баланс сплита на яндекс маркете;1000000;7;46;41;38;9;split.yandex.ru
как узнать баланс сплита на яндекс маркете;789000;7;42;33;21;9;split.yandex.ru
яндекс сплит айфон;919000;3;18;1593;104;10;split.yandex.ru
как найти сплит в яндекс маркете;1000000;6;32;76;15;9;split.yandex.ru
yandex 5399 split;159000;3;17;144;57;9;split.yandex.ru
узнать баланс сплита;987000;3;20;237;43;10;split.yandex.ru
что такое баланс сплита;134000;4;23;574;164;11;split.yandex.ru
как оформить сплит на 6 месяцев;2000000;6;31;51;3;10;split.yandex.ru
сервис рассрочки для интернет магазинов;2000000;5;39;23;9;10;split.yandex.ru
яндекс сплит купить товары в рассрочку в спб недорого;1000000;9;53;3;3;10;split.yandex.ru
как сплитовать на яндекс маркете с телефона;1000000;7;43;5;5;10;split.yandex.ru
оплата частями онлайн;2000000;3;21;561;0;10;split.yandex.ru
как посмотреть баланс сплита;999000;4;28;149;29;10;split.yandex.ru
оплата частями сайт;2000000;3;19;592;8;10;split.yandex.ru
сплит проверить лимит;203000;3;21;58;14;10;split.yandex.ru
оплата частями без банка;1000000;4;24;173;4;10;split.yandex.ru
можно ли досрочно погасить сплит на яндекс;1000000;7;42;308;36;10;split.yandex.ru
яндекс сплит можно ли оплатить раньше срока;1000000;7;43;41;19;10;split.yandex.ru
яндекс сплит какой банк оплачивает;689000;5;34;12;2;10;split.yandex.ru
спплит;2000;1;6;35;11;10;split.yandex.ru
оплатить частями;105000;2;16;29839;38;10;split.yandex.ru
что такое яндекс сплит как отключить;682000;6;36;106;48;11;split.yandex.ru
яндекс сплит всем ли одобряют;105000;5;29;64;20;11;split.yandex.ru
от чего зависит сплит в яндекс маркете;613000;7;38;36;16;11;split.yandex.ru
что такое сплит при покупке товара;474000;6;34;12;10;11;split.yandex.ru
