"﻿""Ключевое слово""";Результатов в Яндексе;Слов;Символов;Частотность Весь мир;"""!Частотность !Весь !мир""";Позиция в выдаче Яндекса;surveys.yandex.ru
яндекс взгляд;671000;2;13;2929;1293;1;surveys.yandex.ru
яндекс взгляд стоимость;769000;3;23;6;4;1;surveys.yandex.ru
что такое яндекс взгляд;240000;4;23;25;12;1;surveys.yandex.ru
яндекс опрос за деньги;976000;4;22;192;36;1;surveys.yandex.ru
статистика опроса;149000;2;17;3338;10;1;surveys.yandex.ru
яндекс взгляд создать опрос бесплатно;2000000;5;37;16;15;1;surveys.yandex.ru
яндекс взгляд цена;758000;3;18;13;7;1;surveys.yandex.ru
опросы яндекс за деньги;802000;4;23;172;67;1;surveys.yandex.ru
yandex survey;108000;2;13;804;16;1;surveys.yandex.ru
яндекс взгляд опрос;747000;3;19;403;48;1;surveys.yandex.ru
опросы яндекс взгляд;623000;3;20;447;12;1;surveys.yandex.ru
яндекс опросы за деньги;1000000;4;23;192;68;1;surveys.yandex.ru
яндекс взгляд создать опрос;1000000;4;27;85;61;1;surveys.yandex.ru
яндекс глаз;559000;2;11;5119;8;1;surveys.yandex.ru
яндекс взгляд это;2000000;3;17;171;40;1;surveys.yandex.ru
яндекс взгляд что это;960000;4;21;107;96;1;surveys.yandex.ru
yandex взгляд;263000;2;13;108;4;1;surveys.yandex.ru
опрос яндекс;634000;2;12;29226;3712;3;surveys.yandex.ru
варианты опросов;45000;2;16;21219;11;2;surveys.yandex.ru
онлайн опрос яндекс;2000000;3;19;843;19;2;surveys.yandex.ru
запустить опрос;193000;2;15;1168;9;2;surveys.yandex.ru
сайт для опроса;2000000;3;15;2635;17;2;surveys.yandex.ru
яндекс мнение;760000;2;13;1077;0;2;surveys.yandex.ru
как делать опрос;666000;3;16;3720;33;2;surveys.yandex.ru
опрос с вариантами ответов;143000;4;26;3198;18;2;surveys.yandex.ru
yandex опрос;271000;2;12;1508;22;2;surveys.yandex.ru
яндекс вопросы за деньги;2000000;4;24;66;12;2;surveys.yandex.ru
яндекс опросы онлайн;2000000;3;20;815;65;2;surveys.yandex.ru
опрос людей;773000;2;11;35221;22;2;surveys.yandex.ru
исследования онлайн опрос;1000000;3;25;270;3;2;surveys.yandex.ru
как удалить ответ в яндекс форме;2000000;6;32;151;21;2;surveys.yandex.ru
surveys yandex ru;1000000;3;17;691;3;1;surveys.yandex.ru
опросы яндекс;380000;2;13;29226;898;3;surveys.yandex.ru
что такое ux тестирование;592000;4;25;56;12;3;surveys.yandex.ru
опрос как выглядит;301000;3;18;666;17;3;surveys.yandex.ru
простой опрос;853000;2;13;2689;31;3;surveys.yandex.ru
быстрый опрос;552000;2;13;866;15;3;surveys.yandex.ru
онлайн опросы создать;2000000;3;21;6208;19;3;surveys.yandex.ru
как удалить ответы в яндекс формах;2000000;6;34;148;14;3;surveys.yandex.ru
онлайн опросник создать;2000000;3;23;724;152;3;surveys.yandex.ru
сравнить опрос;305000;2;14;575;20;3;surveys.yandex.ru
яндекс анкетирование;538000;2;20;542;61;3;surveys.yandex.ru
как удалить ответ в яндекс формах;2000000;6;33;151;18;3;surveys.yandex.ru
пройти опрос;493000;2;12;24210;277;3;surveys.yandex.ru
анкетирование яндекс;572000;2;20;681;83;3;surveys.yandex.ru
если анкета закрывается после скринирующих вопросов то какой статус следует поставить;2000000;11;85;18;15;3;surveys.yandex.ru
как удалить ответы в яндекс форме;1000000;6;33;174;55;3;surveys.yandex.ru
яндекс опросы;662000;2;13;29352;870;3;surveys.yandex.ru
2320 direct yandex ru;1000000;4;21;13;8;3;surveys.yandex.ru
мои опросы яндекс;1000000;3;17;116;35;4;surveys.yandex.ru
опрос составить;318000;2;15;23093;92;4;surveys.yandex.ru
соцопрос онлайн;2000000;2;15;16;0;3;surveys.yandex.ru
создание опросов;318000;2;16;6391;62;4;surveys.yandex.ru
яндекс опросник;580000;2;15;2670;563;4;surveys.yandex.ru
какие опросы бывают;870000;3;19;502;38;4;surveys.yandex.ru
яндекс формы как удалить ответы;1000000;5;31;284;3;3;surveys.yandex.ru
яндекс опрос;653000;2;12;29352;3662;4;surveys.yandex.ru
разместить опрос в интернете;819000;4;28;81;0;3;surveys.yandex.ru
опросник яндекс;544000;2;15;2736;553;4;surveys.yandex.ru
опрос в яндекс;582000;3;14;5945;4;3;surveys.yandex.ru
создания опроса;308000;2;15;6392;2;3;surveys.yandex.ru
провести опрос;546000;2;14;110929;55;4;surveys.yandex.ru
группа респондентов;423000;2;19;5535;0;3;surveys.yandex.ru
опросы в яндексе;473000;3;16;5945;4;3;surveys.yandex.ru
провести онлайн опрос;2000000;3;21;651;34;4;surveys.yandex.ru
создать опрос яндекс;1000000;3;20;13846;1339;5;surveys.yandex.ru
электронный опросник;417000;2;20;346;4;4;surveys.yandex.ru
info balance yandex ru;2000000;4;22;11;9;4;surveys.yandex.ru
система опроса;598000;2;14;6434;3;4;surveys.yandex.ru
проведен опрос;521000;2;14;110924;6;4;surveys.yandex.ru
опрос с процентами;26000;3;18;1307;2;4;surveys.yandex.ru
опросы пройти;5000;2;13;24635;22;4;surveys.yandex.ru
survey опросы;145000;2;13;1083;8;4;surveys.yandex.ru
сделать анкетирование для проекта;1000000;4;33;222;12;4;surveys.yandex.ru
онлайн вопрос создать;2000000;3;21;2881;5;4;surveys.yandex.ru
создать социологический опрос;623000;3;29;381;25;4;surveys.yandex.ru
опрос по теме;101000;3;13;14630;18;4;surveys.yandex.ru
как посмотреть результаты опроса;925000;4;32;1215;3;4;surveys.yandex.ru
опрос в яндексе;119000;3;15;5945;12;4;surveys.yandex.ru
сайт с опросами;2000000;3;15;981;33;4;surveys.yandex.ru
создать яндекс опрос;1000000;3;20;13846;1339;5;surveys.yandex.ru
провести опрос онлайн;2000000;3;21;651;34;5;surveys.yandex.ru
как сделать яндекс опрос;1000000;4;24;1651;88;5;surveys.yandex.ru
сделать яндекс опрос;611000;3;20;1798;101;5;surveys.yandex.ru
анкетирование сделать;710000;2;21;2755;67;5;surveys.yandex.ru
как создать яндекс опрос;1000000;4;24;2246;95;5;surveys.yandex.ru
голосование яндекс;458000;2;18;764;56;5;surveys.yandex.ru
опрос пройти;730000;2;12;24635;277;5;surveys.yandex.ru
сделать опрос яндекс;615000;3;20;1989;96;5;surveys.yandex.ru
создание опроса онлайн;2000000;3;22;1100;125;5;surveys.yandex.ru
создать опрос онлайн яндекс;2000000;4;27;552;91;5;surveys.yandex.ru
мои опросы;978000;2;10;32907;1000;5;surveys.yandex.ru
результаты опроса;1000000;2;17;109269;129;5;surveys.yandex.ru
яндекс опросы создать;970000;3;21;13036;59;5;surveys.yandex.ru
яндекс опрос сделать;1000000;3;20;1802;109;5;surveys.yandex.ru
яндекс создать опрос;1000000;3;20;13036;1300;5;surveys.yandex.ru
опросы создать;700000;2;14;64125;34;5;surveys.yandex.ru
пройдите анкетирование;679000;2;22;1952;4;5;surveys.yandex.ru
яндекс квоты;519000;2;12;98;13;5;surveys.yandex.ru
создание онлайн опросов;2000000;3;23;1100;16;5;surveys.yandex.ru
составление опроса;190000;2;18;1248;12;5;surveys.yandex.ru
опросс;3000000;1;6;293;16;5;surveys.yandex.ru
как начать опрос;69000;3;16;1107;7;5;surveys.yandex.ru
создание анкеты для опроса;328000;4;26;545;24;5;surveys.yandex.ru
ux тестирование что это;380000;4;23;44;16;5;surveys.yandex.ru
как выглядит опрос;267000;3;18;715;18;5;surveys.yandex.ru
создание опроса яндекс;876000;3;22;460;15;5;surveys.yandex.ru
провести анкетирование;459000;2;22;5805;32;5;surveys.yandex.ru
сделать опрос онлайн яндекс;1000000;4;27;71;22;5;surveys.yandex.ru
создай опрос;28000;2;12;64120;9;5;surveys.yandex.ru
можно ли удалить ответы в яндекс форме;2000000;7;38;34;18;5;surveys.yandex.ru
создать опросы;26000;2;14;64120;34;5;surveys.yandex.ru
социологические опросы пройти;870000;3;29;217;3;5;surveys.yandex.ru
яндекс опрос как создать;980000;4;24;1810;88;6;surveys.yandex.ru
создание онлайн опроса;1000000;3;22;1100;125;6;surveys.yandex.ru
https опрос онлайн;2000000;3;18;172;0;5;surveys.yandex.ru
создать опрос онлайн с результатами;2000000;5;35;411;96;6;surveys.yandex.ru
опрос онлайн;2000000;2;12;22564;1462;6;surveys.yandex.ru
составить опрос;460000;2;15;23788;91;6;surveys.yandex.ru
скринаут это;2000000;2;12;3;2;5;surveys.yandex.ru
онлайн опрос создать;900000;3;20;6208;1901;6;surveys.yandex.ru
неагрегированные;4000;1;16;94;0;5;surveys.yandex.ru
опрос сделать;782000;2;13;59036;497;6;surveys.yandex.ru
survey опрос;146000;2;12;1083;2;5;surveys.yandex.ru
опрос онлайн web surveys;2000000;4;24;9;0;5;surveys.yandex.ru
как создать опрос яндекс;972000;4;24;1827;91;6;surveys.yandex.ru
анкетирование пройти онлайн;1000000;3;27;53;0;5;surveys.yandex.ru
создать вопрос онлайн;2000000;3;21;2903;3;5;surveys.yandex.ru
как создать опрос в яндексе;1000000;5;27;1232;73;6;surveys.yandex.ru
как проводится опрос;223000;3;20;1323;8;6;surveys.yandex.ru
составление опроса онлайн;1000000;3;25;30;13;6;surveys.yandex.ru
сделать опросник онлайн;2000000;3;23;169;45;6;surveys.yandex.ru
создать вопросы онлайн;1000000;3;22;2903;12;6;surveys.yandex.ru
пройди опрос;724000;2;12;24210;32;6;surveys.yandex.ru
соц опрос онлайн создать;2000000;4;24;52;9;6;surveys.yandex.ru
как сделать опрос в яндексе;1000000;5;27;1174;62;6;surveys.yandex.ru
опрос прошла;560000;2;12;25216;36;6;surveys.yandex.ru
яндекс голосование;798000;2;18;652;52;6;surveys.yandex.ru
создать опрос в яндекс;403000;4;22;2059;15;6;surveys.yandex.ru
опросы в интернете;659000;3;18;11962;71;6;surveys.yandex.ru
опрос в яндексе как сделать;1000000;5;27;1033;59;6;surveys.yandex.ru
опрос на яндексе создать;942000;4;24;400;10;6;surveys.yandex.ru
сайт для создания опроса;2000000;4;24;467;47;6;surveys.yandex.ru
как сделать опрос онлайн;1000000;4;24;295;72;6;surveys.yandex.ru
делать опрос;565000;2;12;7725;7;6;surveys.yandex.ru
как создать онлайн опрос;2000000;4;24;292;45;7;surveys.yandex.ru
онлайн опросник;1000000;2;15;11295;123;7;surveys.yandex.ru
опросы онлайн;1000000;2;13;22564;1700;7;surveys.yandex.ru
как сделать опросник;684000;3;20;2957;99;7;surveys.yandex.ru
яндекс опрос создать бесплатно;2000000;4;30;1728;244;7;surveys.yandex.ru
составить опрос онлайн;1000000;3;22;252;70;7;surveys.yandex.ru
создавать опросы;280000;2;16;64120;4;6;surveys.yandex.ru
яндекс опрос создать;1000000;3;20;13036;1300;7;surveys.yandex.ru
ссылка для опроса;634000;3;17;1352;1;6;surveys.yandex.ru
опросник онлайн создать;2000000;3;23;724;152;7;surveys.yandex.ru
сайт онлайн опрос;3000000;3;17;355;4;6;surveys.yandex.ru
как делать опрос в яндексе;758000;5;26;50;2;6;surveys.yandex.ru
сделать онлайн опрос бесплатно;2000000;4;30;214;88;7;surveys.yandex.ru
создание соц опроса онлайн;2000000;4;26;2;1;6;surveys.yandex.ru
varioqub яндекс;327000;2;15;11;7;6;surveys.yandex.ru
опросы онлайн сайт;2000000;3;18;341;44;7;surveys.yandex.ru
создать соц опрос онлайн;2000000;4;24;52;9;7;surveys.yandex.ru
проходить опросы;356000;2;16;24211;13;7;surveys.yandex.ru
сгенерировать опрос;18000;2;19;129;16;7;surveys.yandex.ru
опросв;7000000;1;6;148;12;7;surveys.yandex.ru
сделать свой опрос онлайн;2000000;4;25;24;15;7;surveys.yandex.ru
яяд;3000;1;3;64;10;7;surveys.yandex.ru
пройти анкетирование;604000;2;20;1952;26;7;surveys.yandex.ru
типы опросов;548000;2;12;9827;15;7;surveys.yandex.ru
сервис опросов;1000000;2;14;2764;17;7;surveys.yandex.ru
исследование яндекс;512000;2;19;1679;13;7;surveys.yandex.ru
создать опрос в яндексе;1000000;4;23;2337;33;7;surveys.yandex.ru
скачать опрос;218000;2;13;2224;18;7;surveys.yandex.ru
количество респондентов;490000;2;23;1339;12;7;surveys.yandex.ru
как оформить опрос;322000;3;18;1985;17;7;surveys.yandex.ru
создание опросника;242000;2;18;1003;44;7;surveys.yandex.ru
700 анкетами;568000;2;12;121;9;7;surveys.yandex.ru
онлайн опросы;1000000;2;13;22564;1700;8;surveys.yandex.ru
программа опроса;182000;2;16;3853;0;7;surveys.yandex.ru
платформа опросов;391000;2;17;1920;2;7;surveys.yandex.ru
http опрос;107000;2;10;294;0;7;surveys.yandex.ru
сервис для опроса;850000;3;17;1266;1;7;surveys.yandex.ru
опросы;8000000;1;6;1044529;2818;8;surveys.yandex.ru
анкеты опросы;159000;2;13;18965;5;7;surveys.yandex.ru
размещение анкеты;234000;2;17;407;1;7;surveys.yandex.ru
https forms yandex ru surveys 10013508;1000000;6;38;4;4;7;surveys.yandex.ru
проведем соц опрос;915000;3;18;527;0;7;surveys.yandex.ru
создать бесплатный опрос;2000000;3;24;4804;6;7;surveys.yandex.ru
как правильно создать опрос;532000;4;27;86;5;7;surveys.yandex.ru
мой опрос;951000;2;9;33048;20120;8;surveys.yandex.ru
опрос на яндексе создать бесплатно;2000000;5;34;18;2;7;surveys.yandex.ru
как делать опросы;670000;3;17;3720;6;7;surveys.yandex.ru
анкеты яндекс;602000;2;13;8033;350;8;surveys.yandex.ru
как создать опрос в яндексе бесплатно;2000000;6;37;148;15;8;surveys.yandex.ru
сделать опрос бесплатно;2000000;3;23;448;24;8;surveys.yandex.ru
пройдите опрос;660000;2;14;24210;51;8;surveys.yandex.ru
бесплатные опросы;2000000;2;17;10058;22;8;surveys.yandex.ru
сделать онлайн опросник;2000000;3;23;169;45;8;surveys.yandex.ru
создание анкет;262000;2;14;2929;16;8;surveys.yandex.ru
создать форму для опроса;825000;4;24;4115;211;8;surveys.yandex.ru
как создать опрос онлайн;2000000;4;24;292;45;8;surveys.yandex.ru
опрос онлайн создать бесплатно с результатами;2000000;6;45;187;65;8;surveys.yandex.ru
прошел опрос;1000000;2;12;24212;43;8;surveys.yandex.ru
создание опроса;341000;2;15;6392;213;8;surveys.yandex.ru
создать опросник онлайн;1000000;3;23;750;154;8;surveys.yandex.ru
сайт для анкетирования;2000000;3;22;293;18;8;surveys.yandex.ru
проведение опроса;313000;2;17;17612;63;8;surveys.yandex.ru
сделать онлайн опрос;2000000;3;20;1098;309;8;surveys.yandex.ru
пройти анкету;698000;2;13;2980;15;8;surveys.yandex.ru
create survey;73000;2;13;102;1;8;surveys.yandex.ru
квотная;5000;1;7;3822;3;8;surveys.yandex.ru
бесплатный онлайн опрос;2000000;3;23;3344;6;8;surveys.yandex.ru
была ли статья полезна;1000000;4;22;92;3;8;surveys.yandex.ru
условия показа это;3000000;3;18;207;5;8;surveys.yandex.ru
создание опроса онлайн с результатом;2000000;5;36;43;1;8;surveys.yandex.ru
сайт для онлайн голосования которые сразу покажут результат;3000000;8;59;10;10;8;surveys.yandex.ru
опрос голосование онлайн;2000000;3;24;164;5;8;surveys.yandex.ru
сервис анкетирования;1000000;2;20;351;9;8;surveys.yandex.ru
проведя опрос;522000;2;13;110917;4;8;surveys.yandex.ru
сервис для создания опросов;1000000;4;27;618;11;8;surveys.yandex.ru
исследования яндекса;735000;2;20;1679;10;8;surveys.yandex.ru
опросник для;3000000;2;12;35736;2;8;surveys.yandex.ru
составление анкеты онлайн;1000000;3;25;17;7;8;surveys.yandex.ru
как сделать опрос на сайте;2000000;5;26;74;13;8;surveys.yandex.ru
опрос для сайта;382000;3;15;2617;0;8;surveys.yandex.ru
как провести опрос онлайн;722000;4;25;103;25;9;surveys.yandex.ru
создать опрос онлайн с результатами бесплатно;3000000;6;45;194;67;9;surveys.yandex.ru
онлайн голосование создать;1000000;3;26;411;150;9;surveys.yandex.ru
опроси;83000;1;6;115524;45;9;surveys.yandex.ru
создать анкетирование для проекта;1000000;4;33;149;80;9;surveys.yandex.ru
сайт опрос;2000000;2;10;11343;25;9;surveys.yandex.ru
опрос создать;655000;2;13;64125;3470;9;surveys.yandex.ru
опрос сделать онлайн бесплатно;3000000;4;30;208;88;9;surveys.yandex.ru
онлайн анкетирование;2000000;2;20;1892;178;9;surveys.yandex.ru
составить онлайн опрос;1000000;3;22;252;70;9;surveys.yandex.ru
опроси онлайн;1000000;2;13;342;0;8;surveys.yandex.ru
анкетирование онлайн;1000000;2;20;2090;200;9;surveys.yandex.ru
опрос пройден;667000;2;13;24635;40;9;surveys.yandex.ru
создать онлайн опросник;2000000;3;23;750;154;9;surveys.yandex.ru
опрос по сайту;1000000;3;14;2060;0;8;surveys.yandex.ru
опросы онлайн создать;2000000;3;21;6208;19;9;surveys.yandex.ru
сервис проведения опросов;1000000;3;25;237;1;9;surveys.yandex.ru
опрос мнений;478000;2;12;56845;5;9;surveys.yandex.ru
как создать опрос в интернете бесплатно;2000000;6;39;12;10;9;surveys.yandex.ru
социальные опросы онлайн;1000000;3;24;190;3;9;surveys.yandex.ru
составить опросник онлайн;2000000;3;25;19;7;9;surveys.yandex.ru
сайт для проведения опроса;2000000;4;26;86;3;9;surveys.yandex.ru
где сделать опрос;2000000;3;17;457;15;9;surveys.yandex.ru
создать опрос с результатом онлайн;2000000;5;34;363;8;9;surveys.yandex.ru
анализ анкетирования онлайн;2000000;3;27;76;11;9;surveys.yandex.ru
режим сценарий;322000;2;14;1687;6;9;surveys.yandex.ru
онлайн опросы бесплатно;1000000;3;23;3088;17;9;surveys.yandex.ru
что такое квотная выборка;10000;4;25;18;12;9;surveys.yandex.ru
социологические опросы онлайн;1000000;3;29;163;3;9;surveys.yandex.ru
проведение опросов онлайн;2000000;3;25;358;10;9;surveys.yandex.ru
онлайн опросники;513000;2;16;11295;19;9;surveys.yandex.ru
бесплатные опросники онлайн;2000000;3;27;1102;0;9;surveys.yandex.ru
как сделать свой опрос;861000;4;22;871;18;10;surveys.yandex.ru
опром;5000;1;5;1763;37;10;surveys.yandex.ru
опросник создать онлайн;2000000;3;23;724;152;10;surveys.yandex.ru
анкета для опроса;162000;3;17;8748;37;10;surveys.yandex.ru
ux тестирование;589000;2;15;1091;104;10;surveys.yandex.ru
создать анкеты;611000;2;14;12962;20;10;surveys.yandex.ru
онлайн опрос;2000000;2;12;22564;1462;10;surveys.yandex.ru
опросник онлайн;1000000;2;15;11295;123;10;surveys.yandex.ru
создать яндекс опрос бесплатно;2000000;4;30;1855;270;10;surveys.yandex.ru
создать опрос тест;862000;3;18;425;39;10;surveys.yandex.ru
опрос;1000000;1;5;1044529;7437;10;surveys.yandex.ru
опрос как сделать;815000;3;17;38927;405;10;surveys.yandex.ru
как провести опрос;552000;3;18;26030;26;10;surveys.yandex.ru
создать анкетирование;544000;2;21;1658;241;10;surveys.yandex.ru
маркетинговый анализ яндекса;532000;3;28;39;0;9;surveys.yandex.ru
анкеты пройти;516000;2;13;3261;11;10;surveys.yandex.ru
какой опрос можно провести;1000000;4;26;5372;8;11;surveys.yandex.ru
загрузить опрос;551000;2;15;130;0;10;surveys.yandex.ru
ответ в свободной форме;2000000;4;23;4062;3;10;surveys.yandex.ru
подсчет опроса;175000;2;14;294;0;10;surveys.yandex.ru
создать социологический опрос онлайн бесплатно;2000000;5;46;1;1;10;surveys.yandex.ru
создать анкету опрос;692000;3;20;1657;33;11;surveys.yandex.ru
проведение опросов;197000;2;18;17611;9;10;surveys.yandex.ru
онлайн опрос бесплатно без регистрации;3000000;5;38;235;2;10;surveys.yandex.ru
опрос мнения;338000;2;12;56845;7;10;surveys.yandex.ru
заказать онлайн опрос;1000000;3;21;15;1;10;surveys.yandex.ru
интерактивный опрос онлайн;431000;3;26;184;9;10;surveys.yandex.ru
поучаствовать в опросе;159000;3;22;192;8;10;surveys.yandex.ru
ux тестирование это;3000000;3;19;147;59;11;surveys.yandex.ru
опрос на любую тему;1000000;4;19;170;6;10;surveys.yandex.ru
создание вопросов;1000000;2;17;155199;10;10;surveys.yandex.ru
полевые данные это;2000000;3;18;2605;0;11;surveys.yandex.ru
