"﻿""Ключевое слово""";Результатов в Яндексе;Слов;Символов;Частотность Весь мир;"""!Частотность !Весь !мир""";Позиция в выдаче Яндекса;telemost.yandex.ru
телемост яндекс;567000;2;15;206236;138634;1;telemost.yandex.ru
яндекс телемост создать конференцию;1000000;4;35;1923;1456;1;telemost.yandex.ru
скачать телемост;482000;2;16;20011;3265;1;telemost.yandex.ru
телемост онлайн конференция;585000;3;27;7280;6476;1;telemost.yandex.ru
telemost;29000;1;8;37263;3241;1;telemost.yandex.ru
мост яндекс;1000000;2;11;7380;3339;1;telemost.yandex.ru
telemost yandex;87000;2;15;28550;1883;1;telemost.yandex.ru
телемост яндекс скачать;926000;3;23;15238;9826;1;telemost.yandex.ru
телемост скачать;482000;2;16;21147;3533;1;telemost.yandex.ru
скачать яндекс телемост;922000;3;23;14626;9388;1;telemost.yandex.ru
яндекс мост;828000;2;11;7469;3308;1;telemost.yandex.ru
телемост;28000;1;8;325664;76574;1;telemost.yandex.ru
яндекс телемост скачать;931000;3;23;15191;9793;1;telemost.yandex.ru
yandex telemost;119000;2;15;28550;1883;1;telemost.yandex.ru
яндекс телемост создать встречу;909000;4;31;7921;7010;1;telemost.yandex.ru
яндекс телемост;566000;2;15;204050;137375;1;telemost.yandex.ru
телемост яндекс создать конференцию;1000000;4;35;1721;1253;1;telemost.yandex.ru
телемост яндекс скачать бесплатно;2000000;4;33;2282;626;1;telemost.yandex.ru
приложение яндекс телемост скачать;2000000;4;34;1136;781;1;telemost.yandex.ru
яндекс телемост скачать приложение;1000000;4;34;1203;834;1;telemost.yandex.ru
скачать приложение яндекс телемост;1000000;4;34;1136;781;1;telemost.yandex.ru
телемост яндекс скачать приложение;2000000;4;34;1168;807;1;telemost.yandex.ru
яндекс телемост скачать бесплатно;2000000;4;33;2282;635;1;telemost.yandex.ru
https telemost yandex ru;2000000;4;24;22117;1036;1;telemost.yandex.ru
яндекс телемост приложение скачать;2000000;4;34;1203;834;1;telemost.yandex.ru
телемост яндекс что это;458000;4;23;1324;933;1;telemost.yandex.ru
видеоконференция онлайн;1000000;2;23;2568;793;1;telemost.yandex.ru
yandex телемост;130000;2;15;1844;1040;1;telemost.yandex.ru
telemost yandex ru https telemost yandex ru;1000000;7;43;23116;997;1;telemost.yandex.ru
яндекс телемост бесплатно скачать;1000000;4;33;2366;657;1;telemost.yandex.ru
яндекс телемост что это;572000;4;23;1273;912;1;telemost.yandex.ru
телемост это;2000000;2;12;3744;1058;1;telemost.yandex.ru
скачать яндекс телемост бесплатно;2000000;4;33;2282;626;1;telemost.yandex.ru
яндекс телемост скачать бесплатно на компьютер;2000000;6;46;521;437;1;telemost.yandex.ru
телемост яндекс онлайн;133000;3;22;1540;460;1;telemost.yandex.ru
яндекс телемост создать;936000;3;23;11161;474;1;telemost.yandex.ru
яндекс телемост скачать на компьютер бесплатно;2000000;6;46;540;455;1;telemost.yandex.ru
яндекс телемост скачать на компьютер;1000000;5;36;1122;472;1;telemost.yandex.ru
яндекс видеоконференция;856000;2;23;1226;438;1;telemost.yandex.ru
скачать яндекс телемост бесплатно на компьютер;2000000;6;46;615;503;1;telemost.yandex.ru
яндекс телемост онлайн;1000000;3;22;1622;473;1;telemost.yandex.ru
телемост яндекс скачать на компьютер;1000000;5;36;1202;479;1;telemost.yandex.ru
создать телемост яндекс;950000;3;23;11219;466;1;telemost.yandex.ru
я телемост;960000;2;10;1083;550;1;telemost.yandex.ru
видеоконференция яндекс;482000;2;23;1415;490;1;telemost.yandex.ru
создать яндекс телемост;770000;3;23;10756;450;1;telemost.yandex.ru
скачать телемост яндекс на компьютер;1000000;5;36;1202;479;1;telemost.yandex.ru
что такое телемост;7000;3;18;1572;562;1;telemost.yandex.ru
скачать яндекс телемост бесплатно на ноутбук;2000000;6;44;490;433;1;telemost.yandex.ru
создать телемост;68000;2;16;12658;342;1;telemost.yandex.ru
телепорт яндекс;5000;2;15;556;353;1;telemost.yandex.ru
телемост создать;586000;2;16;14170;368;1;telemost.yandex.ru
яндекс телепорт;563000;2;15;536;346;1;telemost.yandex.ru
телемос;5000000;1;7;440;357;1;telemost.yandex.ru
скачать телемост бесплатно;136000;3;26;3322;345;1;telemost.yandex.ru
яндекс телемост бесплатно;2000000;3;25;3776;413;1;telemost.yandex.ru
яндекс мит;803000;2;10;886;362;1;telemost.yandex.ru
онлайн конференция;2000000;2;18;25163;396;1;telemost.yandex.ru
яндекс мост конференция;951000;3;23;542;356;1;telemost.yandex.ru
яндекс телемост скачать на ноутбук бесплатно;2000000;6;44;469;415;1;telemost.yandex.ru
яндекс телемост войти;2000000;3;21;686;408;1;telemost.yandex.ru
телемост скачать бесплатно;2000000;3;26;3322;345;1;telemost.yandex.ru
телемост скачать бесплатно на компьютер;2000000;5;39;1039;384;1;telemost.yandex.ru
конференция онлайн;1000000;2;18;26555;418;1;telemost.yandex.ru
телемост яндекс приложение;1000000;3;26;2401;337;1;telemost.yandex.ru
яндекс встреча;791000;2;14;14109;282;1;telemost.yandex.ru
яндекс телемост это;2000000;3;19;1753;291;1;telemost.yandex.ru
телемост онлайн;1000000;2;15;9014;312;1;telemost.yandex.ru
online meeting;565000;2;14;3261;291;1;telemost.yandex.ru
telemost yandex скачать;617000;3;23;803;301;1;telemost.yandex.ru
телемост яндекс ру;2000000;3;18;466;282;1;telemost.yandex.ru
телемост создать встречу;758000;3;24;8508;324;1;telemost.yandex.ru
яндекс телемост ру;2000000;3;18;475;305;1;telemost.yandex.ru
яндекс конференция онлайн бесплатно;4000;4;35;344;319;1;telemost.yandex.ru
приложение яндекс телемост;1000000;3;26;2302;300;1;telemost.yandex.ru
трансляция яндекс;739000;2;17;4404;324;1;telemost.yandex.ru
яндекс телемост приложение;270000;3;26;2458;322;1;telemost.yandex.ru
телемост яндекс это;2000000;3;19;1805;290;1;telemost.yandex.ru
яндекс трансляция;869000;2;17;4305;316;1;telemost.yandex.ru
yandex telemost скачать;742000;3;23;828;328;1;telemost.yandex.ru
telemost yandex ru j;2000000;4;20;21377;269;1;telemost.yandex.ru
установить яндекс телемост;793000;3;26;994;211;1;telemost.yandex.ru
телемост приложение;907000;2;19;3392;225;1;telemost.yandex.ru
что такое яндекс телемост;825000;4;25;555;226;1;telemost.yandex.ru
яндекстелемост ру;1000000;2;17;375;222;1;telemost.yandex.ru
что такое телемост яндекс;601000;4;25;555;226;1;telemost.yandex.ru
установить телемост яндекс;926000;3;26;994;211;1;telemost.yandex.ru
яндекс конференция онлайн;2000000;3;25;1143;244;1;telemost.yandex.ru
приложение телемост;896000;2;19;3432;226;1;telemost.yandex.ru
видеоконференция онлайн бесплатно;2000000;3;33;556;234;1;telemost.yandex.ru
яндекс телемост установить;81000;3;26;1031;226;1;telemost.yandex.ru
яндекс звонок;802000;2;13;17999;257;1;telemost.yandex.ru
https telemost yandex ru j;2000000;5;26;19707;237;1;telemost.yandex.ru
яндекс созвон;565000;2;13;534;212;1;telemost.yandex.ru
яндекс телемост бесплатно онлайн;2000000;4;32;332;229;1;telemost.yandex.ru
онлайн конференция яндекс;2000000;3;25;1154;264;1;telemost.yandex.ru
telemost yandex ru скачать;2000000;4;26;422;207;1;telemost.yandex.ru
конференции онлайн;1000000;2;18;26555;172;1;telemost.yandex.ru
вкс яндекс телемост;786000;3;19;404;182;1;telemost.yandex.ru
приложение телемост скачать;903000;3;27;1530;192;1;telemost.yandex.ru
яндекс вкс телемост;354000;3;19;404;182;1;telemost.yandex.ru
вкс яндекс;468000;2;10;895;185;1;telemost.yandex.ru
создать встречу в яндекс телемост;1000000;5;33;373;175;1;telemost.yandex.ru
телемост приложение скачать;1000000;3;27;1598;201;1;telemost.yandex.ru
телемост яндекс скачать на телефон бесплатно;3000000;6;44;343;190;1;telemost.yandex.ru
телемост скачать приложение;1000000;3;27;1598;201;1;telemost.yandex.ru
связь яндекс;1000000;2;12;9330;182;1;telemost.yandex.ru
telemost yandex ru;1000000;3;18;29487;201;1;telemost.yandex.ru
скачать приложение телемост;1000000;3;27;1598;201;1;telemost.yandex.ru
яндекс связь;1000000;2;12;9396;177;1;telemost.yandex.ru
яндекс телемост бесплатно скачать на телефон;193000;6;44;369;198;1;telemost.yandex.ru
яндекс телемост скачать бесплатно на телефон;3000000;6;44;357;203;1;telemost.yandex.ru
яндекс мост создать встречу;1000000;4;27;234;171;1;telemost.yandex.ru
яндекс календарь телемост;582000;3;25;379;146;1;telemost.yandex.ru
телемост это что;2000000;3;16;1726;152;1;telemost.yandex.ru
яндекс телемост конференция;624000;3;27;3214;158;1;telemost.yandex.ru
яндекс трансляция онлайн;1000000;3;24;395;149;1;telemost.yandex.ru
телемост что это;2000000;3;16;1726;152;1;telemost.yandex.ru
яндекс телемост календарь;727000;3;25;379;146;1;telemost.yandex.ru
яндекс телемост подключиться;517000;3;28;765;163;1;telemost.yandex.ru
яндекс телемост создать ссылку;1000000;4;30;750;155;1;telemost.yandex.ru
онлайн конференции;2000000;2;18;25163;161;1;telemost.yandex.ru
телемост создать конференцию;671000;3;28;2045;152;1;telemost.yandex.ru
конференция яндекс телемост;661000;3;27;3057;164;1;telemost.yandex.ru
яндекс телемост что это такое;943000;5;29;185;162;1;telemost.yandex.ru
календарь яндекс телемост;675000;3;25;379;146;1;telemost.yandex.ru
телемост конференция;166000;2;20;10876;161;1;telemost.yandex.ru
яндекс вкс;621000;2;10;789;170;1;telemost.yandex.ru
создать ссылку яндекс телемост;2000000;4;30;727;146;1;telemost.yandex.ru
яндекс зум;374000;2;10;1157;109;1;telemost.yandex.ru
яндекстелемост ру скачать бесплатно;3000000;4;35;131;121;1;telemost.yandex.ru
яндекс телемост скачать на пк;1000000;5;29;142;130;1;telemost.yandex.ru
telemost скачать;558000;2;16;968;119;1;telemost.yandex.ru
яндекс телемост как работает;2000000;4;28;353;123;1;telemost.yandex.ru
яндекс телемост официальный сайт;2000000;4;32;144;110;1;telemost.yandex.ru
как работает яндекс телемост;1000000;4;28;403;133;1;telemost.yandex.ru
телемост от яндекс;569000;3;18;279;125;1;telemost.yandex.ru
как работает телемост яндекс;1000000;4;28;403;133;1;telemost.yandex.ru
телемост яндекс как работает;1000000;4;28;360;122;1;telemost.yandex.ru
яндекс встречи;897000;2;14;14109;139;1;telemost.yandex.ru
яндекс митинг;614000;2;13;260;133;1;telemost.yandex.ru
видеоконференция яндекс телемост;603000;3;32;361;116;1;telemost.yandex.ru
яндекс мост конференция скачать бесплатно;2000000;5;41;140;132;1;telemost.yandex.ru
скачать яндекс телемост на пк;1000000;5;29;156;143;1;telemost.yandex.ru
видео встреча;2000000;2;13;31725;109;1;telemost.yandex.ru
скачать приложение телемост на компьютер;1000000;5;40;142;87;1;telemost.yandex.ru
яндекс телемост запланировать встречу;900000;4;37;366;88;1;telemost.yandex.ru
скачать яндекс телемост для виндовс 7;2000000;6;37;109;93;1;telemost.yandex.ru
телемост ссылка;582000;2;15;2769;88;1;telemost.yandex.ru
видеосвязь онлайн;2000000;2;17;1125;90;1;telemost.yandex.ru
создать видеовстречу яндекс телемост;720000;4;36;131;88;1;telemost.yandex.ru
зум яндекс;431000;2;10;1119;102;1;telemost.yandex.ru
яндекс видеосвязь;846000;2;17;308;91;1;telemost.yandex.ru
яндекс видеоконференция телемост;569000;3;32;285;96;1;telemost.yandex.ru
yandex meet;157000;2;11;432;90;1;telemost.yandex.ru
веб конференция;310000;2;15;6028;105;1;telemost.yandex.ru
скачать телемост на компьютер;634000;4;29;1799;98;1;telemost.yandex.ru
ссылка телемост;548000;2;15;2769;88;1;telemost.yandex.ru
телемост скачать на компьютер;641000;4;29;1762;96;1;telemost.yandex.ru
яндекс телемост онлайн конференция;2000000;4;34;382;107;1;telemost.yandex.ru
яндекс телемост создать видеовстречу;894000;4;36;131;87;1;telemost.yandex.ru
видеоконференции онлайн;1000000;2;23;2568;77;1;telemost.yandex.ru
создать ссылку телемост;1000000;3;23;1029;80;1;telemost.yandex.ru
яндекс телеком;1000000;2;14;883;81;1;telemost.yandex.ru
телемост создать ссылку;693000;3;23;1029;80;1;telemost.yandex.ru
телемост скачать на пк;728000;4;22;245;80;1;telemost.yandex.ru
телемост что это такое;854000;4;22;329;77;1;telemost.yandex.ru
яндекс телемост ссылка;968000;3;22;1846;85;1;telemost.yandex.ru
скачать яндекс телемост на компьютер на русском бесплатно;3000000;8;57;95;81;1;telemost.yandex.ru
создать конференцию;670000;2;19;15689;81;1;telemost.yandex.ru
яндекс встречи онлайн;71000;3;21;306;80;1;telemost.yandex.ru
установить телемост;456000;2;19;1425;85;1;telemost.yandex.ru
видеосвязь яндекс;473000;2;17;308;84;1;telemost.yandex.ru
видеомост яндекс;473000;2;16;100;79;1;telemost.yandex.ru
yandex телемост скачать;676000;3;23;137;81;1;telemost.yandex.ru
телемост скачать приложение на компьютер;999000;5;40;151;85;1;telemost.yandex.ru
телемост установить;444000;2;19;1348;76;1;telemost.yandex.ru
создать яндекс встречу;1000000;3;22;8370;61;1;telemost.yandex.ru
видеоконференции яндекс;545000;2;23;1415;65;1;telemost.yandex.ru
онлайн совещание;2000000;2;16;2644;68;1;telemost.yandex.ru
яндекс телемост в браузере;585000;4;26;274;63;1;telemost.yandex.ru
видеозвонки яндекс;417000;2;18;455;67;1;telemost.yandex.ru
яндекс телемост что это как пользоваться;700000;6;40;90;62;1;telemost.yandex.ru
создать ссылку на яндекс телемост;1000000;5;33;447;74;1;telemost.yandex.ru
совещание онлайн;1000000;2;16;2857;68;1;telemost.yandex.ru
яндекс конференция создать;1000000;3;26;2112;70;1;telemost.yandex.ru
ссылка на телемост;606000;3;18;1271;65;1;telemost.yandex.ru
создать видеоконференцию онлайн бесплатно;2000000;4;41;89;74;1;telemost.yandex.ru
скачать телемост на пк;702000;4;22;235;73;1;telemost.yandex.ru
яндекс видеомост;597000;2;16;80;62;1;telemost.yandex.ru
стрим яндекс;414000;2;12;1362;69;1;telemost.yandex.ru
яндекс видео связь;3000000;3;18;369;75;1;telemost.yandex.ru
создать видеоконференцию;466000;2;24;1477;60;1;telemost.yandex.ru
яндекс телемост скачать приложение на компьютер;2000000;6;47;56;51;1;telemost.yandex.ru
телемост яндекс скачать приложение на компьютер;307000;6;47;63;53;1;telemost.yandex.ru
скачать яндекс телемост на телефон;2000000;5;34;447;56;1;telemost.yandex.ru
яндекс 360 телемост;634000;3;19;147;53;1;telemost.yandex.ru
яндекс собрание;575000;2;15;459;54;1;telemost.yandex.ru
программа телемост;756000;2;18;620;51;1;telemost.yandex.ru
яндекс телемост подключиться к конференции;503000;5;42;80;57;1;telemost.yandex.ru
платформа для общения онлайн;1000000;4;28;516;55;1;telemost.yandex.ru
яндекс мост скачать;975000;3;19;390;57;1;telemost.yandex.ru
яндекс телемост видеовстречи по ссылке;1000000;5;38;90;53;1;telemost.yandex.ru
яндекс телепорт видеоконференция;541000;3;32;66;58;1;telemost.yandex.ru
yandex most;276000;2;11;2748;57;1;telemost.yandex.ru
яндекс теле;726000;2;11;5506;51;1;telemost.yandex.ru
яндекс видеоконференции;507000;2;23;1226;56;1;telemost.yandex.ru
яндекс meet;611000;2;11;882;59;1;telemost.yandex.ru
yandex мост;563000;2;11;192;51;1;telemost.yandex.ru
telemost яндекс;566000;2;15;363;46;1;telemost.yandex.ru
яндекс трансляции;755000;2;17;4305;48;1;telemost.yandex.ru
яндекс видео звонок;2000000;3;19;205;49;1;telemost.yandex.ru
яндекс телемост вход;813000;3;20;223;47;1;telemost.yandex.ru
telemost yandex ru скачать бесплатно;2000000;5;36;97;48;1;telemost.yandex.ru
яндекс telemost;554000;2;15;363;46;1;telemost.yandex.ru
конференции онлайн бесплатно;2000000;3;28;1784;49;1;telemost.yandex.ru
видеосозвон;3000;1;11;430;49;1;telemost.yandex.ru
скачать телемост на ноутбук бесплатно;2000000;5;37;519;49;1;telemost.yandex.ru
видеовстречи;6000;1;12;5639;48;1;telemost.yandex.ru
телемост программа;770000;2;18;626;50;1;telemost.yandex.ru
телемост веб;131000;2;12;229;49;1;telemost.yandex.ru
https telemost yandex ru j 61648032944572;1000000;6;41;46;46;1;telemost.yandex.ru
яндекс видеозвонки;599000;2;18;420;49;1;telemost.yandex.ru
платформа яндекс телемост;734000;3;25;253;50;1;telemost.yandex.ru
онлайн конференции бесплатно;2000000;3;28;1790;46;1;telemost.yandex.ru
ссылка на телемост яндекс;1000000;4;25;904;42;1;telemost.yandex.ru
видеозвонок яндекс;508000;2;18;455;43;1;telemost.yandex.ru
что такое яндекс телемост и как им пользоваться;757000;8;47;87;44;1;telemost.yandex.ru
телемост календарь;160000;2;18;556;42;1;telemost.yandex.ru
yandex meeting;79000;2;14;436;44;1;telemost.yandex.ru
яндекс телемост скачать на мак;976000;5;30;47;42;1;telemost.yandex.ru
яндекс митинг онлайн;2000000;3;20;50;45;1;telemost.yandex.ru
трансляции яндекс;701000;2;17;4404;44;1;telemost.yandex.ru
яндекс телемост трансляция;764000;3;26;454;45;1;telemost.yandex.ru
яндекс тимс;556000;2;11;157;43;1;telemost.yandex.ru
трансляция яндекс телемост;93000;3;26;454;45;1;telemost.yandex.ru
собрание онлайн;1000000;2;15;33110;45;1;telemost.yandex.ru
календарь телемост;158000;2;18;556;42;1;telemost.yandex.ru
яндекс телемост возможности;854000;3;27;229;45;1;telemost.yandex.ru
создать встречу;366000;2;15;47209;45;1;telemost.yandex.ru
телемост запланировать встречу;347000;3;30;478;42;1;telemost.yandex.ru
яндекс встреча онлайн;2000000;3;21;306;37;1;telemost.yandex.ru
яндекс телеконференция;479000;2;22;51;38;1;telemost.yandex.ru
яндекс платформа для конференций;1000000;4;32;46;40;1;telemost.yandex.ru
http telemost yandex ru;1000000;4;23;316;38;1;telemost.yandex.ru
скачать яндекс телемост на андроид;947000;5;34;209;39;1;telemost.yandex.ru
телеконференция яндекс;573000;2;22;57;38;1;telemost.yandex.ru
онлайн конференция бесплатно;2000000;3;28;1790;41;1;telemost.yandex.ru
конференция онлайн бесплатно;2000000;3;28;1784;40;1;telemost.yandex.ru
яндекса телемост;426000;2;16;197522;41;1;telemost.yandex.ru
яндекс переговорка;543000;2;18;103;39;1;telemost.yandex.ru
видео встреча яндекс;3000000;3;20;349;41;1;telemost.yandex.ru
скачать приложение яндекс телемост бесплатно на ноутбук;2000000;7;55;41;41;1;telemost.yandex.ru
телемост как работает;1000000;3;21;449;38;1;telemost.yandex.ru
яндекс телемост веб;658000;3;19;129;40;1;telemost.yandex.ru
телемост подключиться;747000;2;21;1010;42;1;telemost.yandex.ru
яндекс зум конференция;641000;3;22;59;37;1;telemost.yandex.ru
телемост войти;2000000;2;14;820;33;1;telemost.yandex.ru
zoom yandex;144000;2;11;737;33;1;telemost.yandex.ru
программа яндекс телемост;1000000;3;25;286;36;1;telemost.yandex.ru
запланировать встречу в яндекс телемост;920000;5;39;192;33;1;telemost.yandex.ru
yandextelemost;820;1;14;108;35;1;telemost.yandex.ru
yandex zoom;126000;2;11;737;33;1;telemost.yandex.ru
яндекс телеметрия;494000;2;17;110;36;1;telemost.yandex.ru
яндекс видео встреча;3000000;3;20;353;35;1;telemost.yandex.ru
я телемост скачать;2000000;3;18;47;36;1;telemost.yandex.ru
видео встречи;3000000;2;13;31736;34;1;telemost.yandex.ru
создать видеоконференцию яндекс;925000;3;31;123;36;1;telemost.yandex.ru
яндекс видео конференция;2000000;3;24;214;36;1;telemost.yandex.ru
яндекс телемост программа;895000;3;25;260;33;1;telemost.yandex.ru
https telemost yandex;1000000;3;21;23285;36;1;telemost.yandex.ru
телемост яндекса;502000;2;16;190949;36;1;telemost.yandex.ru
видеочат яндекс;526000;2;15;404;32;1;telemost.yandex.ru
видеозвонки онлайн;1000000;2;18;2960;27;1;telemost.yandex.ru
яндекс телемост регистрация;2000000;3;27;262;28;1;telemost.yandex.ru
yandex ru телемост;1000000;3;18;399;29;1;telemost.yandex.ru
яндекс телепост;434000;2;15;30;28;1;telemost.yandex.ru
телемост yandex ru;1000000;3;18;399;29;1;telemost.yandex.ru
видеоконференция телемост;14000;2;25;505;28;1;telemost.yandex.ru
видеосвязь онлайн бесплатно без регистрации;2000000;5;43;45;31;1;telemost.yandex.ru
яндекс совещание;532000;2;16;222;29;1;telemost.yandex.ru
яндекс удаленный доступ;896000;3;23;1734;31;1;telemost.yandex.ru
яндекс общение онлайн;2000000;3;21;61;29;1;telemost.yandex.ru
удаленный доступ яндекс;844000;3;23;1744;32;1;telemost.yandex.ru
телемост бесплатно;1000000;2;18;5036;31;1;telemost.yandex.ru
yandextelemost exe;20000;2;18;41;28;1;telemost.yandex.ru
создать ссылку на телемост;1000000;4;26;556;31;1;telemost.yandex.ru
телемост видеоконференция;11000;2;25;445;32;1;telemost.yandex.ru
яндекс телемост зарегистрироваться;699000;3;34;58;27;1;telemost.yandex.ru
yandex talk;167000;2;11;181;22;1;telemost.yandex.ru
яндекс видеочат;567000;2;15;380;23;1;telemost.yandex.ru
яндекс телемост создать встречу заранее;1000000;5;39;27;24;1;telemost.yandex.ru
видеоконференция без регистрации;2000000;3;32;133;22;1;telemost.yandex.ru
телемост вход;630000;2;13;277;23;1;telemost.yandex.ru
платформа телемост;275000;2;18;354;22;1;telemost.yandex.ru
скачать приложение яндекс телемост бесплатно;3000000;5;44;177;25;1;telemost.yandex.ru
телемост яндекс скачать на телефон бесплатно без регистрации в хорошем качестве на русском языке;2000000;14;96;30;23;1;telemost.yandex.ru
видеовстречу;5000;1;12;5636;24;1;telemost.yandex.ru
яндекс конференции онлайн;2000000;3;25;1143;23;1;telemost.yandex.ru
ссылка на вкс;667000;3;13;550;26;1;telemost.yandex.ru
создать конференцию в яндекс телемост;1000000;5;37;112;25;1;telemost.yandex.ru
создать яндекс конференцию;1000000;3;26;1919;22;1;telemost.yandex.ru
яндекс телемост на пк;602000;4;21;238;24;1;telemost.yandex.ru
телемост яндекс скачать на телефон бесплатно без регистрации в хорошем;3000000;10;70;77;27;1;telemost.yandex.ru
yandex telemost download;306000;3;24;47;22;1;telemost.yandex.ru
яндекс talk;469000;2;11;357;19;1;telemost.yandex.ru
telemost download;218000;2;17;73;20;1;telemost.yandex.ru
яндекс телемост для компьютера;760000;4;30;85;21;1;telemost.yandex.ru
yandex видеоконференции;127000;2;23;47;20;1;telemost.yandex.ru
вкс yandex;131000;2;10;121;20;1;telemost.yandex.ru
яндекс совещание онлайн;1000000;3;23;23;19;1;telemost.yandex.ru
ян телемост;43000;2;11;30;21;1;telemost.yandex.ru
яндекс демонстрация экрана;606000;3;26;1729;20;1;telemost.yandex.ru
яндекс телепорт скачать;974000;3;23;32;21;1;telemost.yandex.ru
яндекс для конференций;461000;3;22;308;20;1;telemost.yandex.ru
яндекс телемост без регистрации;2000000;4;31;203;21;1;telemost.yandex.ru
скачать телемост на ноутбук;543000;4;27;604;21;1;telemost.yandex.ru
яндекс телемост установить приложение;1000000;4;37;38;20;1;telemost.yandex.ru
яндекс телемост веб версия;487000;4;26;35;21;1;telemost.yandex.ru
яндекс конференции приложение;1000000;3;29;52;21;1;telemost.yandex.ru
яндекс телемост купить;1000000;3;22;33;19;1;telemost.yandex.ru
ya телемост;71000;2;11;53;17;1;telemost.yandex.ru
видеоконференция бесплатно;1000000;2;26;2486;17;1;telemost.yandex.ru
яндекс телемост скачать на андроид бесплатно;2000000;6;44;151;18;1;telemost.yandex.ru
конференция в яндекс телемост;648000;4;29;579;17;1;telemost.yandex.ru
яндекс для видеоконференций;373000;3;27;118;18;1;telemost.yandex.ru
телемост скачать для windows;543000;4;28;281;17;1;telemost.yandex.ru
yandex вкс;147000;2;10;155;19;1;telemost.yandex.ru
видеозвонки без регистрации;1000000;3;27;1168;18;1;telemost.yandex.ru
яндекстелемост ру скачать;2000000;3;25;150;19;1;telemost.yandex.ru
скачать телемост на андроид;530000;4;27;276;18;1;telemost.yandex.ru
ссылка на вкс видеоконференцсвязь;677000;4;33;29;19;1;telemost.yandex.ru
яндекс zoom;522000;2;11;705;19;1;telemost.yandex.ru
яндекс видеозвонки телемост;415000;3;27;65;17;1;telemost.yandex.ru
скачать телемост на компьютер бесплатно на русском языке;2000000;8;56;20;18;1;telemost.yandex.ru
яндекс мост что это;583000;4;19;25;19;1;telemost.yandex.ru
yandex teleport;137000;2;15;25;16;1;telemost.yandex.ru
чат по ссылке;956000;3;13;4209;14;1;telemost.yandex.ru
видеоконференцсвязь яндекс;260000;2;26;77;14;1;telemost.yandex.ru
скачать телемост на телефон бесплатно;966000;5;37;426;15;1;telemost.yandex.ru
телемост для компьютера;115000;3;23;161;14;1;telemost.yandex.ru
телемост скачать бесплатно на телефон;2000000;5;37;426;15;1;telemost.yandex.ru
видеовстреч;4000;1;11;5649;14;1;telemost.yandex.ru
скачать программу яндекс телемост;1000000;4;33;66;16;1;telemost.yandex.ru
яндекс телемост организовать встречу;686000;4;36;42;15;1;telemost.yandex.ru
бесплатная видеоконференция через интернет;2000000;4;42;60;16;1;telemost.yandex.ru
телемост скачать на андроид;504000;4;27;273;15;1;telemost.yandex.ru
ссылка на видеоконференцию;658000;3;26;241;16;1;telemost.yandex.ru
яндекс видео встречи;3000000;3;20;353;16;1;telemost.yandex.ru
бесплатная видеоконференция;1000000;2;27;2486;14;1;telemost.yandex.ru
яндекс телемост скачать бесплатно на андроид;2000000;6;44;143;15;1;telemost.yandex.ru
яндекс почта телемост;1000000;3;21;287;16;1;telemost.yandex.ru
телемост яндекс ру войти;2000000;4;24;14;14;1;telemost.yandex.ru
яндекс телемост для windows;633000;4;27;556;12;1;telemost.yandex.ru
телемост скачать бесплатно на телефон андроид;1000000;6;45;97;13;1;telemost.yandex.ru
провести онлайн конференцию;2000000;3;27;357;13;1;telemost.yandex.ru
яндекс телемост на компьютер;241000;4;28;2310;13;1;telemost.yandex.ru
яндекс телемост описание;930000;3;24;53;13;1;telemost.yandex.ru
телемост в браузере;172000;3;19;366;12;1;telemost.yandex.ru
видеовстреча в яндекс;472000;3;21;219;13;1;telemost.yandex.ru
видеоконференции онлайн бесплатно;2000000;3;33;556;13;1;telemost.yandex.ru
яндекс видеозвонок онлайн;2000000;3;25;18;13;1;telemost.yandex.ru
яндекс телемост браузер;469000;3;23;379;13;1;telemost.yandex.ru
онлайн конференция без регистрации;2000000;4;34;212;13;1;telemost.yandex.ru
провести конференцию онлайн;2000000;3;27;357;13;1;telemost.yandex.ru
яндекс телемост yandex ru;2000000;4;25;279;13;1;telemost.yandex.ru
яндекс телемост скачать бесплатно на телефон без регистрации в хорошем качестве русском языке полную;4000;14;100;16;13;1;telemost.yandex.ru
yandex tele;425000;2;11;47;14;1;telemost.yandex.ru
яндекс телемост скачать для пк;1000000;5;30;24;12;1;telemost.yandex.ru
яндекс мост это;2000000;3;15;101;10;1;telemost.yandex.ru
программа телемост скачать;1000000;3;26;115;11;1;telemost.yandex.ru
конференц связь яндекс;1000000;3;22;45;11;1;telemost.yandex.ru
яндекс телеком скачать;677000;3;22;44;11;1;telemost.yandex.ru
яндекс мос;401000;2;10;2293;11;1;telemost.yandex.ru
яндекс телемост бесплатно на андроид скачать;1000000;6;44;145;10;1;telemost.yandex.ru
телемост яндекс скачать на телефон бесплатно на русском языке;3000000;9;61;63;12;1;telemost.yandex.ru
скачать яндекс телемост бесплатно на телефон андроид на русском;2000000;9;63;40;11;1;telemost.yandex.ru
скачать телемост на телефон;2000000;4;27;536;11;1;telemost.yandex.ru
телемост для windows;50000;3;20;686;11;1;telemost.yandex.ru
яндекс телемост windows;242000;3;23;755;12;1;telemost.yandex.ru
telemost ru;1000000;2;11;29809;11;1;telemost.yandex.ru
видеосвязь онлайн бесплатно;2000000;3;27;134;10;1;telemost.yandex.ru
яндекс встречи онлайн бесплатно;1000000;4;31;22;11;1;telemost.yandex.ru
яндекс телемост логотип;546000;3;23;20;12;1;telemost.yandex.ru
телемост веб версия;656000;3;19;58;10;1;telemost.yandex.ru
видео телемост;2000000;2;14;2224;8;1;telemost.yandex.ru
скачать программу телемост;990000;3;26;119;9;1;telemost.yandex.ru
телемост создать видеовстречу;138000;3;29;143;9;1;telemost.yandex.ru
яндекс meeting;614000;2;14;894;9;1;telemost.yandex.ru
телемост в яндексе;510000;3;18;10757;9;1;telemost.yandex.ru
видеозвонок через яндекс;398000;3;24;33;8;1;telemost.yandex.ru
яндекс телемост сайт;2000000;3;20;236;10;1;telemost.yandex.ru
yandex телемост что это;132000;4;23;10;9;1;telemost.yandex.ru
установить приложение телемост;1000000;3;30;58;9;1;telemost.yandex.ru
создать ссылку на вкс;1000000;4;21;128;9;1;telemost.yandex.ru
yandex встречи;446000;2;14;632;10;1;telemost.yandex.ru
телемост регистрация;1000000;2;20;340;10;1;telemost.yandex.ru
телемост яндекс ру скачать;2000000;4;26;14;9;1;telemost.yandex.ru
яндекс зум скачать;804000;3;18;23;9;1;telemost.yandex.ru
яндекс вебинар платформа;869000;3;24;32;10;1;telemost.yandex.ru
аналог зум от яндекса;532000;4;21;12;8;1;telemost.yandex.ru
яндекс митс;322000;2;11;11;7;1;telemost.yandex.ru
яндекс переговоры;438000;2;17;198;7;1;telemost.yandex.ru
ссылка на видеовстречу;560000;3;22;1931;8;1;telemost.yandex.ru
telemostsetup;316;1;13;41;7;1;telemost.yandex.ru
установить яндекс телемост на ноутбуке;910000;5;38;64;7;1;telemost.yandex.ru
провести онлайн встречу;2000000;3;23;391;7;1;telemost.yandex.ru
telemost yandex ru j 63729084122867;2000000;5;35;8;8;1;telemost.yandex.ru
яндекс мост онлайн;2000000;3;18;449;7;1;telemost.yandex.ru
видеозвонок в яндексе;469000;3;21;119;8;1;telemost.yandex.ru
телемост телеграм;991000;2;17;44;7;1;telemost.yandex.ru
телемост для виндовс;112000;3;20;326;8;1;telemost.yandex.ru
яндекс мост скачать бесплатно;2000000;4;29;155;8;1;telemost.yandex.ru
яндекс телемост что это за программа;821000;6;36;7;7;1;telemost.yandex.ru
телемост скачать приложение на андроид;1000000;5;38;98;8;1;telemost.yandex.ru
совещания онлайн;2000000;2;16;2857;8;1;telemost.yandex.ru
установить телемост на ноутбуке;538000;4;31;74;7;1;telemost.yandex.ru
яндекс телетекст;421000;2;16;11;5;1;telemost.yandex.ru
что такое яндекс мост;614000;4;21;10;6;1;telemost.yandex.ru
yandex call;190000;2;11;522;6;1;telemost.yandex.ru
видеоконференция в яндексе;419000;3;26;205;6;1;telemost.yandex.ru
http telemost yandex ru j 07648882725641;2000000;6;40;6;6;1;telemost.yandex.ru
яндекс трансляции онлайн;2000000;3;24;395;5;1;telemost.yandex.ru
телемост на пк;357000;3;14;334;7;1;telemost.yandex.ru
телемост войти в конференцию;2000000;4;28;125;6;1;telemost.yandex.ru
бесплатная конференция онлайн;2000000;3;29;1784;6;1;telemost.yandex.ru
яндекс тоннель;432000;2;14;136;6;1;telemost.yandex.ru
яндекс zoom конференция;583000;3;23;101;7;1;telemost.yandex.ru
сервис яндекс телемост;44000;3;22;404;7;1;telemost.yandex.ru
видеовстречи яндекс;471000;2;19;689;6;1;telemost.yandex.ru
яндекс телемост скачать windows;933000;4;31;268;6;1;telemost.yandex.ru
установить яндекс телемост на телефон;2000000;5;37;35;7;1;telemost.yandex.ru
яндекс как зум;463000;3;14;95;5;1;telemost.yandex.ru
яндекс аналог зум;424000;3;17;32;3;1;telemost.yandex.ru
конференция без регистрации;2000000;3;27;751;4;1;telemost.yandex.ru
яндекс телемост платная версия;734000;4;30;15;4;1;telemost.yandex.ru
яндекс телемост онлайн вход;2000000;4;27;91;4;1;telemost.yandex.ru
видеоконференция создать;562000;2;24;1647;4;1;telemost.yandex.ru
телемост программа для конференций;892000;4;34;7;3;1;telemost.yandex.ru
скачать приложение телемост на ноутбук;1000000;5;38;49;5;1;telemost.yandex.ru
web конференция;533000;2;15;331;4;1;telemost.yandex.ru
яндекс диск телемост;587000;3;20;224;4;1;telemost.yandex.ru
видеовстрече;6000;1;12;5639;4;1;telemost.yandex.ru
что за программа телемост;682000;4;25;15;5;1;telemost.yandex.ru
установить программу телемост;594000;3;29;25;5;1;telemost.yandex.ru
конференц связь онлайн;2000000;3;22;72;3;1;telemost.yandex.ru
yandex telemos;161000;2;14;22;4;1;telemost.yandex.ru
yandex трансляция;343000;2;17;185;5;1;telemost.yandex.ru
видеоконференцсвязь бесплатно;1000000;2;29;28;3;1;telemost.yandex.ru
https telemost yandex ru j 33505350198455;1000000;6;41;1;1;1;telemost.yandex.ru
видеоконференция через яндекс;377000;3;29;14;2;1;telemost.yandex.ru
телемост яндекс скачать на телефон бесплатно без регистрации;3000000;8;60;102;3;1;telemost.yandex.ru
что за программа яндекс телемост;986000;5;32;9;2;1;telemost.yandex.ru
телемост яндекс войти по ссылке;2000000;5;31;8;2;1;telemost.yandex.ru
видеосвязь через интернет;672000;3;25;229;2;1;telemost.yandex.ru
что такое телемост в яндексе;597000;5;28;15;3;1;telemost.yandex.ru
телемост яндекс скачать на телефон бесплатно без регистрации в хорошем качестве;3000000;11;79;50;2;1;telemost.yandex.ru
телемост приложение что это;965000;4;27;6;3;1;telemost.yandex.ru
телемост скачать приложение на андроид бесплатно;2000000;6;48;74;2;1;telemost.yandex.ru
аналог зума от яндекс;458000;4;21;12;3;1;telemost.yandex.ru
телемост на компьютере;253000;3;22;3247;3;1;telemost.yandex.ru
яндекс телемост скачать бесплатно на ноутбуке;2000000;6;45;444;2;1;telemost.yandex.ru
видеообщения;6000;1;12;630;3;1;telemost.yandex.ru
зум от яндекса;514000;3;14;31;3;1;telemost.yandex.ru
teleport яндекс;388000;2;15;1;1;1;telemost.yandex.ru
звонок яндекс;726000;2;13;19203;267;2;telemost.yandex.ru
яндекс телемост как пользоваться;707000;4;32;925;292;2;telemost.yandex.ru
конференция яндекс;680000;2;18;13600;2158;2;telemost.yandex.ru
конференции яндекс;636000;2;18;13600;291;2;telemost.yandex.ru
онлайн видеоконференция;1000000;2;23;2291;707;2;telemost.yandex.ru
как пользоваться яндекс телемост;619000;4;32;891;281;2;telemost.yandex.ru
разговор по видеосвязи онлайн;2000000;4;29;4;1;1;telemost.yandex.ru
яндекс конференция;1000000;2;18;12227;1919;2;telemost.yandex.ru
ссылка для участия в видеоконференции;349000;5;37;5;0;1;telemost.yandex.ru
яндекс звонки;612000;2;13;17995;433;2;telemost.yandex.ru
создать видеоконференцию онлайн;2000000;3;31;107;1;1;telemost.yandex.ru
tele мост;1000000;2;9;6;1;1;telemost.yandex.ru
телемост яндекс как пользоваться;707000;4;32;936;282;2;telemost.yandex.ru
организовать телемост в яндексе;359000;4;31;88;0;1;telemost.yandex.ru
онлайн конференции без регистрации;3000000;4;34;214;1;1;telemost.yandex.ru
яндекс телемост как пользоваться на компьютере;2000000;6;46;302;260;2;telemost.yandex.ru
яндекс телемост приложение для windows;1000000;5;38;124;97;2;telemost.yandex.ru
яндекс телемост ограничения;6000;3;27;584;100;2;telemost.yandex.ru
телем;61000;1;5;157987;154;2;telemost.yandex.ru
ограничения яндекс телемост;722000;3;27;564;99;2;telemost.yandex.ru
телемост яндекс демонстрация экрана;180000;4;35;1285;134;2;telemost.yandex.ru
приложение яндекс телемост для windows;1000000;5;38;124;97;2;telemost.yandex.ru
видеовстреча;5000;1;12;5635;213;2;telemost.yandex.ru
яндекс телемост демонстрация экрана;709000;4;35;1378;147;2;telemost.yandex.ru
видеозвонок онлайн;2000000;2;18;2956;190;2;telemost.yandex.ru
видео звонок онлайн бесплатно;3000000;4;29;337;128;2;telemost.yandex.ru
яндекс телемост установить на компьютер;1000000;5;39;350;214;2;telemost.yandex.ru
онлайн видеозвонок;1000000;2;18;2983;200;2;telemost.yandex.ru
телемост яндекс ограничения;294000;3;27;584;99;2;telemost.yandex.ru
установить яндекс телемост на компьютер;977000;5;39;310;173;2;telemost.yandex.ru
яндекс конференции;946000;2;18;12227;246;2;telemost.yandex.ru
установить яндекс телемост на компьютер бесплатно;2000000;6;49;79;77;2;telemost.yandex.ru
яндекс мост как это работает;2000000;5;28;43;43;2;telemost.yandex.ru
вкс телемост;26000;2;12;646;46;2;telemost.yandex.ru
теле яндекс;664000;2;11;5532;51;2;telemost.yandex.ru
телемост вкс;27000;2;12;590;44;2;telemost.yandex.ru
телемост яндекс скачать приложение на андроид бесплатно;2000000;7;55;72;46;2;telemost.yandex.ru
возможности яндекс телемост;1000000;3;27;272;43;2;telemost.yandex.ru
телескоп яндекс;562000;2;15;152;62;2;telemost.yandex.ru
бесплатные видеоконференции;1000000;2;27;2486;48;2;telemost.yandex.ru
темост;2000;1;6;106;56;2;telemost.yandex.ru
yandex конференция;236000;2;18;562;46;2;telemost.yandex.ru
яндекс телескоп;512000;2;15;150;65;2;telemost.yandex.ru
телемост яндекс скачать на телефон;4000;5;34;447;56;2;telemost.yandex.ru
демонстрация экрана в яндекс телемост;634000;5;37;717;43;2;telemost.yandex.ru
телемост демонстрация экрана;181000;3;28;1993;51;2;telemost.yandex.ru
телемост встреча;179000;2;16;12179;74;2;telemost.yandex.ru
запись яндекс телемост;730000;3;22;1804;42;2;telemost.yandex.ru
телемоста;25000;1;9;325685;21;2;telemost.yandex.ru
яндекс телемост поддержка;1000000;3;25;82;24;2;telemost.yandex.ru
яндекс общение;412000;2;14;1252;30;2;telemost.yandex.ru
яндекс линк;781000;2;11;1180;23;2;telemost.yandex.ru
как подключить яндекс телемост;582000;4;30;210;24;2;telemost.yandex.ru
яндекс скайп;292000;2;12;421;22;2;telemost.yandex.ru
яндекс телемост запись;1000000;3;22;1990;39;2;telemost.yandex.ru
как подключиться к яндекс телемост по ссылке;987000;7;44;49;25;2;telemost.yandex.ru
как сделать яндекс телемост;1000000;4;27;1207;37;2;telemost.yandex.ru
яндекс телемост трансляция экрана;815000;4;33;117;24;2;telemost.yandex.ru
яндекс телемост демонстрация экрана со звуком;1000000;6;45;48;40;2;telemost.yandex.ru
яндекс телемост ограничения по времени;993000;5;38;179;38;2;telemost.yandex.ru
яндекс телемост андроид;605000;3;23;415;22;2;telemost.yandex.ru
как создать ссылку на яндекс телемост;1000000;6;37;167;32;2;telemost.yandex.ru
яндекс толк конференция;690000;3;23;45;40;2;telemost.yandex.ru
как пользоваться яндекс телемост с компьютера;743000;6;45;40;21;2;telemost.yandex.ru
как создать ссылку яндекс телемост;1000000;5;34;268;14;2;telemost.yandex.ru
как скачать яндекс телемост на компьютер;1000000;6;40;25;17;2;telemost.yandex.ru
яндекс телемост условия использования;992000;4;37;22;18;2;telemost.yandex.ru
как установить яндекс телемост;842000;4;30;186;17;2;telemost.yandex.ru
как создать телемост;281000;3;20;1370;17;2;telemost.yandex.ru
как организовать видеоконференцию через интернет бесплатно;698000;6;58;16;16;2;telemost.yandex.ru
яндекс телемост техподдержка;603000;3;28;26;20;2;telemost.yandex.ru
яндекс телемост платный или бесплатный;2000000;5;38;26;18;2;telemost.yandex.ru
яндекс телемост для андроид;553000;4;27;62;19;2;telemost.yandex.ru
яндекс телемост установить на пк;1000000;5;32;19;17;2;telemost.yandex.ru
телемосты;34000;1;9;325664;20;2;telemost.yandex.ru
яндекс телемост стоимость;772000;3;25;38;20;2;telemost.yandex.ru
yandex telemost linux;128000;3;21;25;16;2;telemost.yandex.ru
яндекс телемост скачать приложение на андроид;795000;6;45;97;18;2;telemost.yandex.ru
телемосте;41000;1;9;325679;20;2;telemost.yandex.ru
яндекс трансляция экрана;344000;3;24;544;14;2;telemost.yandex.ru
яндекс телемост как подключиться;583000;4;32;198;10;2;telemost.yandex.ru
интернет конференция;707000;2;20;3930;11;2;telemost.yandex.ru
telemost yandex linux;143000;3;21;25;13;2;telemost.yandex.ru
звонки через яндекс;653000;3;19;667;11;2;telemost.yandex.ru
yandex звонки;311000;2;13;434;12;2;telemost.yandex.ru
как скачать телемост;526000;3;20;175;10;2;telemost.yandex.ru
как организовать телемост в яндексе;422000;5;35;66;13;2;telemost.yandex.ru
как создать телемост в яндекс;992000;5;29;497;13;2;telemost.yandex.ru
как подключиться к яндекс телемост;611000;5;34;143;13;2;telemost.yandex.ru
как скачать яндекс телемост на ноутбук;975000;6;38;12;12;2;telemost.yandex.ru
яндекс телемост на телефоне;2000000;4;27;753;14;2;telemost.yandex.ru
видеообщение через интернет;597000;3;27;49;13;2;telemost.yandex.ru
как сделать телемост;714000;3;20;2064;10;2;telemost.yandex.ru
как сделать телемост в яндексе;1000000;5;30;801;13;2;telemost.yandex.ru
яндекс телемост оффлайн установщик;557000;4;34;35;14;2;telemost.yandex.ru
yandex конференции;263000;2;18;562;10;2;telemost.yandex.ru
конференция в яндексе;509000;3;21;1643;5;2;telemost.yandex.ru
телемост инструкция;163000;2;19;159;7;2;telemost.yandex.ru
yandex telemost что это;9000;4;23;16;8;2;telemost.yandex.ru
яндекс телемост цена;2000000;3;20;22;6;2;telemost.yandex.ru
яндекс мост конференция как работает;1000000;5;36;7;7;2;telemost.yandex.ru
яндекс телемост android;522000;3;23;49;6;2;telemost.yandex.ru
как пользоваться яндекс телемост с ноутбука;26000;6;43;9;8;2;telemost.yandex.ru
video conference;2000000;2;16;610;7;2;telemost.yandex.ru
онлайн совещания;280000;2;16;2644;8;2;telemost.yandex.ru
yandex телемост linux;166000;3;21;7;7;2;telemost.yandex.ru
яндекс колл;518000;2;11;1851;8;2;telemost.yandex.ru
яндекс телемост сколько участников;841000;4;34;167;8;2;telemost.yandex.ru
яндекс телемост википедия;516000;3;25;6;6;2;telemost.yandex.ru
телемост linux;28000;2;14;113;8;2;telemost.yandex.ru
яндекс телемост приложение для компьютера;2000000;5;41;22;9;2;telemost.yandex.ru
яндекс телемост управление рабочим столом;234000;5;41;6;5;2;telemost.yandex.ru
яндекс телеком личный кабинет;985000;4;29;17;1;2;telemost.yandex.ru
как скачать телемост на компьютер;629000;5;33;30;2;2;telemost.yandex.ru
что за приложение телемост;892000;4;26;5;3;2;telemost.yandex.ru
скачать яндекс телемост на телефон бесплатно для андроид;1000000;8;56;2;2;2;telemost.yandex.ru
как скачать яндекс телемост;943000;4;27;89;3;2;telemost.yandex.ru
яндекс телемост что это такое простыми словами;1000000;7;46;1;1;2;telemost.yandex.ru
конференция с демонстрацией экрана;315000;4;34;136;4;2;telemost.yandex.ru
телемосты это;2000000;2;13;3744;3;2;telemost.yandex.ru
телемост для андроид;136000;3;20;72;3;2;telemost.yandex.ru
онлайн видеовызов;2000000;2;17;30;2;2;telemost.yandex.ru
как скачать телемост на ноутбук;415000;5;31;17;4;2;telemost.yandex.ru
приложение телемост что это;1000000;4;27;6;3;2;telemost.yandex.ru
видеоконференция скачать;474000;2;24;1423;2;2;telemost.yandex.ru
яндекс телемост ubuntu;520000;3;22;15;3;2;telemost.yandex.ru
яндекс телемост offline installer;213000;4;33;5;5;2;telemost.yandex.ru
услуги видеоконференции;1000000;2;23;97;0;2;telemost.yandex.ru
яндекс телемост запись встречи как записать;1000000;6;43;57;44;3;telemost.yandex.ru
яндекс телемост запись встречи;1000000;4;30;485;125;3;telemost.yandex.ru
онлайн общение через интернет;2000000;4;29;22;0;2;telemost.yandex.ru
яндекс телемост бесплатно как создать конференцию;497000;6;49;81;48;3;telemost.yandex.ru
звонки яндекс;648000;2;13;19203;443;3;telemost.yandex.ru
яндекс телемост скачать приложение на андроид бесплатно;2000000;7;55;72;46;3;telemost.yandex.ru
как создать телемост на яндекс;940000;5;30;218;0;2;telemost.yandex.ru
яндекс платформа;6000;2;16;27391;938;3;telemost.yandex.ru
как установить телемост на телефон;2000000;5;34;12;0;2;telemost.yandex.ru
видеоконференции;5000000;1;16;48445;277;3;telemost.yandex.ru
онлайн видеозвонки без регистрации;3000000;4;34;980;0;2;telemost.yandex.ru
телемост россия;1000000;2;15;302;0;2;telemost.yandex.ru
яндекс телемост для бизнеса;1000000;4;27;101;46;3;telemost.yandex.ru
яндекс телемост скачать приложение windows;712000;5;42;12;0;2;telemost.yandex.ru
приложение телемост для windows;1000000;4;31;127;0;2;telemost.yandex.ru
яндекс телемост ограничения бесплатной версии;2000000;5;45;50;44;3;telemost.yandex.ru
yandex zoom us;388000;3;14;244;19;3;telemost.yandex.ru
онлайн чат яндекс;2000000;3;17;5412;24;3;telemost.yandex.ru
как организовать конференцию в яндекс телемост;723000;6;46;30;30;3;telemost.yandex.ru
сервис видеозвонков;2000000;2;19;598;24;3;telemost.yandex.ru
звонок в яндекс;742000;3;15;2803;25;3;telemost.yandex.ru
яндекс телеметр;379000;2;15;22;21;3;telemost.yandex.ru
как установить яндекс телемост на компьютер;989000;6;43;40;37;3;telemost.yandex.ru
яндекс телемост сколько действует ссылка;1000000;5;40;80;26;3;telemost.yandex.ru
яндекс телемост скачать на андроид;923000;5;34;216;35;3;telemost.yandex.ru
яндекс телемост linux;577000;3;21;87;24;3;telemost.yandex.ru
как создать яндекс телемост;1000000;4;27;907;38;3;telemost.yandex.ru
телемост запись встречи;811000;3;23;712;36;3;telemost.yandex.ru
связь видео;3000000;2;11;30096;22;3;telemost.yandex.ru
конференция видео;3000000;2;17;8227;31;3;telemost.yandex.ru
сколько действует ссылка на яндекс телемост;831000;6;43;44;39;3;telemost.yandex.ru
телемост для бизнеса;1000000;3;20;136;16;3;telemost.yandex.ru
запись в яндекс телемост;839000;4;24;624;10;3;telemost.yandex.ru
вк телемост;1000000;2;11;81;11;3;telemost.yandex.ru
яндекс телемост как подключиться к видеовстрече;443000;6;47;23;13;3;telemost.yandex.ru
яндекс телемост скачать приложение на айфон;2000000;6;43;18;11;3;telemost.yandex.ru
общаться по видеосвязи;99000;3;22;1426;12;3;telemost.yandex.ru
яндекс телемост запись конференции;1000000;4;34;58;11;3;telemost.yandex.ru
яндекс телемост лого;735000;3;20;17;14;3;telemost.yandex.ru
телемост скачать бесплатно на телефон андроид русском;2000000;7;53;62;12;3;telemost.yandex.ru
проведение онлайн конференций;2000000;3;29;418;13;3;telemost.yandex.ru
телемост яндекс как пользоваться на телефоне;2000000;6;44;36;11;3;telemost.yandex.ru
видеозвонок онлайн бесплатно;2000000;3;28;134;14;3;telemost.yandex.ru
онлайн беседа;1000000;2;13;4962;13;3;telemost.yandex.ru
яндекс телемост возможности программы;1000000;4;37;13;11;3;telemost.yandex.ru
платформа для конференций;886000;3;25;571;13;3;telemost.yandex.ru
как создать конференцию в яндекс телемост;983000;6;41;65;14;3;telemost.yandex.ru
как зарегистрироваться в яндекс телемост;700000;5;40;11;9;3;telemost.yandex.ru
скайп в яндексе;350000;3;15;162;0;3;telemost.yandex.ru
видеозвонок онлайн бесплатно без регистрации;3000000;5;44;6;3;3;telemost.yandex.ru
яндекс телемост не устанавливается;589000;4;34;18;5;3;telemost.yandex.ru
телемост скачать бесплатно на телефон андроид русском языке без регистрации бесплатно полную версию;739000;13;99;1;1;3;telemost.yandex.ru
online конференция;1000000;2;18;251;4;3;telemost.yandex.ru
яндекс скайп онлайн;2000000;3;19;4;0;3;telemost.yandex.ru
яндекс телемост сколько по времени;1000000;5;34;95;9;3;telemost.yandex.ru
что такое яндекс телемост как пользоваться;604000;6;42;109;5;3;telemost.yandex.ru
как включить яндекс телемост;478000;4;28;952;6;3;telemost.yandex.ru
организация телемоста;911000;2;21;178;4;3;telemost.yandex.ru
ссылка на конференцию;38000;3;21;3300;9;3;telemost.yandex.ru
mail телемост;383000;2;13;53;7;3;telemost.yandex.ru
ошибка установки яндекс телемост не удалось скачать;89000;7;51;3;1;3;telemost.yandex.ru
запись в телемосте яндекс;1000000;4;25;580;6;3;telemost.yandex.ru
как установить яндекс телемост на ноутбуке;891000;6;42;12;9;3;telemost.yandex.ru
телемост скачать бесплатно на телефон андроид русском языке без регистрации;2000000;10;75;10;0;3;telemost.yandex.ru
как пользоваться телемостом на яндексе;675000;5;38;360;18;4;telemost.yandex.ru
видео конференция;23000;2;17;8227;31;4;telemost.yandex.ru
яндекс телемост инструкция;693000;3;26;143;42;4;telemost.yandex.ru
яндекс телемост как пользоваться с телефона;1000000;6;43;53;30;4;telemost.yandex.ru
яндекс телемост лимит участников;798000;4;32;75;35;4;telemost.yandex.ru
яндекс телемост ограничение по времени;1000000;5;38;162;26;4;telemost.yandex.ru
яндекс стрим;589000;2;12;1354;66;4;telemost.yandex.ru
яндекс удаленный доступ к компьютеру;865000;5;36;87;36;4;telemost.yandex.ru
видео звонки онлайн через интернет;3000000;5;34;75;45;4;telemost.yandex.ru
как работает телемост;688000;3;21;493;33;4;telemost.yandex.ru
яндекс телемост тарифы;1000000;3;22;285;104;4;telemost.yandex.ru
как создать встречу в яндекс телемост;1000000;6;37;156;65;4;telemost.yandex.ru
телемост как пользоваться;122000;3;25;965;29;4;telemost.yandex.ru
live yandex;356000;2;11;3082;43;4;telemost.yandex.ru
яндекс телемост moodle;384000;3;22;24;0;3;telemost.yandex.ru
организация видеоконференции через интернет;840000;4;43;41;17;4;telemost.yandex.ru
видеоконференции бесплатно;1000000;2;26;2486;67;5;telemost.yandex.ru
как установить телемост;355000;3;23;252;2;4;telemost.yandex.ru
телемост количество участников;777000;3;30;367;10;4;telemost.yandex.ru
видеосвязь бесплатно;1000000;2;20;1465;2;4;telemost.yandex.ru
видеозвонок без регистрации;1000000;3;27;1168;8;4;telemost.yandex.ru
платформы для видеоконференций;809000;3;30;788;96;5;telemost.yandex.ru
платформа для видеоконференций бесплатно;1000000;4;40;147;12;4;telemost.yandex.ru
яндекс гости;207000;2;12;2623;10;4;telemost.yandex.ru
видеозвонков;46000;1;12;110028;11;4;telemost.yandex.ru
яндекс телемост скачать на айфон;562000;5;32;33;7;4;telemost.yandex.ru
ссылка для подключения к видеоконференции;203000;5;41;40;13;4;telemost.yandex.ru
как пользоваться телемостом;174000;3;27;1006;12;4;telemost.yandex.ru
скачать видеоконференцию;515000;2;24;1271;0;4;telemost.yandex.ru
не удалось скачать яндекс телемост;999000;5;34;40;11;4;telemost.yandex.ru
видео беседы;3000000;2;12;4830;14;4;telemost.yandex.ru
видео конференц;2000000;2;15;6378;63;5;telemost.yandex.ru
яндекс телемост скачать apk;557000;4;27;22;13;5;telemost.yandex.ru
яндекс телемост настройки;741000;3;25;174;17;5;telemost.yandex.ru
телемост тарифы;696000;2;15;395;26;5;telemost.yandex.ru
как подключиться к видеоконференции по ссылке;659000;6;45;31;16;5;telemost.yandex.ru
как поменять имя в яндекс телемост;742000;6;34;27;21;5;telemost.yandex.ru
как создать видеовстречу в яндекс телемост;1000000;6;42;25;15;5;telemost.yandex.ru
яндекс телемост количество участников;1000000;4;37;279;36;5;telemost.yandex.ru
как пользоваться яндекс телемост с телефона;483000;6;43;47;22;5;telemost.yandex.ru
платформа для видеоконференций;967000;3;30;788;27;5;telemost.yandex.ru
яндекс телемост apk скачать;908000;4;27;25;17;5;telemost.yandex.ru
разговор онлайн;2000000;2;15;52219;43;5;telemost.yandex.ru
онлайн связь;2000000;2;12;90236;29;5;telemost.yandex.ru
яндекс телемост фон;446000;3;19;1791;16;5;telemost.yandex.ru
яндекс телемост запись экрана;1000000;4;29;174;26;5;telemost.yandex.ru
телемост яндекс сколько участников может быть;2000000;6;45;80;54;5;telemost.yandex.ru
телемост сколько человек вмещает;1000000;4;32;19;12;5;telemost.yandex.ru
яндекс телемост системные требования;763000;4;36;26;19;6;telemost.yandex.ru
веб конференции;264000;2;15;6028;42;6;telemost.yandex.ru
am net yandex ru;2000000;4;16;192;0;5;telemost.yandex.ru
лимит участников яндекс телемост;762000;4;32;75;35;6;telemost.yandex.ru
яндекс телемост как создать конференцию;1000000;5;39;254;87;6;telemost.yandex.ru
яндекс удаленный доступ к компьютеру скачать бесплатно;2000000;7;54;25;25;6;telemost.yandex.ru
не удалось скачать яндекс телемост ошибка;1000000;6;41;11;8;5;telemost.yandex.ru
платформа яндекс;7000;2;16;27485;862;6;telemost.yandex.ru
как запланировать конференцию в яндекс телемост;484000;6;47;9;6;5;telemost.yandex.ru
онлайн встречи;1000000;2;14;116020;42;6;telemost.yandex.ru
ссылка на встречу;681000;3;17;3862;10;5;telemost.yandex.ru
как работать с яндекс телемост;1000000;5;30;24;7;5;telemost.yandex.ru
как запланировать встречу в яндекс телемост;888000;6;43;98;35;6;telemost.yandex.ru
яндекс телемост как пользоваться с телефона андроид;2000000;7;51;4;4;5;telemost.yandex.ru
яндекс телемост сколько участников может быть бесплатной;2000000;7;56;12;10;5;telemost.yandex.ru
как изменить имя в яндекс телемост;1000000;6;34;22;11;6;telemost.yandex.ru
видео связи;3000000;2;11;31122;42;7;telemost.yandex.ru
видеоконференция;33000;1;16;48445;1022;7;telemost.yandex.ru
скачать конференция;6000;2;19;5043;3;6;telemost.yandex.ru
видеосвязи;80000;1;10;50494;79;7;telemost.yandex.ru
видеозвонки через браузер;181000;3;25;29;1;6;telemost.yandex.ru
онлайн разговор;1000000;2;15;52081;44;7;telemost.yandex.ru
проведение видеоконференций;254000;2;27;1381;6;6;telemost.yandex.ru
общаться через интернет;607000;3;23;1970;3;6;telemost.yandex.ru
запланировать встречу;66000;2;21;5593;4;6;telemost.yandex.ru
включи встречу;857000;2;14;8875;0;6;telemost.yandex.ru
яндекс телемост требования;623000;3;26;61;6;6;telemost.yandex.ru
как установить яндекс телемост на телефон;2000000;6;41;10;6;6;telemost.yandex.ru
яндекс телемост сколько участников может быть;2000000;6;45;92;63;7;telemost.yandex.ru
майл телемост;436000;2;13;6;3;6;telemost.yandex.ru
приложение конференция;1000000;2;22;2208;8;6;telemost.yandex.ru
чат звонки;483000;2;10;12280;27;7;telemost.yandex.ru
сервис видеоконференций;2000000;2;23;1630;39;8;telemost.yandex.ru
яндекс портал;912000;2;13;5646;157;8;telemost.yandex.ru
онлайн беседы;1000000;2;13;4962;2;7;telemost.yandex.ru
встречи онлайн;108000;2;14;119553;51;8;telemost.yandex.ru
встреча онлайн;2000000;2;14;119552;316;8;telemost.yandex.ru
онлайн собрание;2000000;2;15;34870;43;8;telemost.yandex.ru
яндекс телемост apk;562000;3;19;39;11;7;telemost.yandex.ru
видеоконференция с записью видео бесплатно;3000000;5;42;1;0;7;telemost.yandex.ru
видеозвонки чат;181000;2;15;2089;5;7;telemost.yandex.ru
чат звонок;487000;2;10;12283;185;8;telemost.yandex.ru
веб конференц связь;790000;3;19;244;12;7;telemost.yandex.ru
online приложение;546000;2;17;4278;7;7;telemost.yandex.ru
общение по видеосвязи;159000;3;21;1575;45;8;telemost.yandex.ru
платформа видеоконференций;959000;2;26;1015;5;7;telemost.yandex.ru
телемост картинка;250000;2;17;317;14;7;telemost.yandex.ru
яндекс вебинар;352000;2;14;672;37;8;telemost.yandex.ru
яндекс онлайн бесплатно;2000000;3;23;501712;43;9;telemost.yandex.ru
удаленная конференция;1000000;2;21;744;0;8;telemost.yandex.ru
видеоконференцию;51000;1;16;48455;10;8;telemost.yandex.ru
ндес;8000000;1;4;179;47;9;telemost.yandex.ru
t yandex ru;904000;3;11;6685;6;8;telemost.yandex.ru
yandex live;386000;2;11;3082;43;9;telemost.yandex.ru
яндекс программа для удаленного доступа;1000000;5;39;877;19;8;telemost.yandex.ru
чат звонки онлайн;2000000;3;17;361;7;8;telemost.yandex.ru
сервис видеоконференцсвязи;734000;2;26;194;17;8;telemost.yandex.ru
не удалось скачать яндекс телемост на компьютер;1000000;7;47;2;2;8;telemost.yandex.ru
общение через интернет;680000;3;22;2539;24;8;telemost.yandex.ru
яндекс телематика;265000;2;17;37;17;8;telemost.yandex.ru
видеообщение;4000;1;12;630;45;9;telemost.yandex.ru
как организовать телемост;166000;3;25;201;12;8;telemost.yandex.ru
яндекс телемост api;769000;3;19;59;36;8;telemost.yandex.ru
онлайн поговорить;415000;2;17;13004;34;9;telemost.yandex.ru
ядыкс;8000000;1;5;147;79;10;telemost.yandex.ru
чат звонков;449000;2;11;12251;3;9;telemost.yandex.ru
yandex streaming;124000;2;16;853;9;9;telemost.yandex.ru
общение в браузере;308000;3;18;110;1;9;telemost.yandex.ru
подключиться сейчас;4000000;2;19;2125;3;9;telemost.yandex.ru
включи встречи;631000;2;14;4227;0;9;telemost.yandex.ru
как создать встречу в телемосте;837000;5;31;203;23;9;telemost.yandex.ru
yandex shoot;124000;2;12;89;5;9;telemost.yandex.ru
yandex teams;19000;2;12;9506;11;9;telemost.yandex.ru
интернет конференции;849000;2;20;3930;3;9;telemost.yandex.ru
яндекс телемост как настроить;500000;4;29;288;27;9;telemost.yandex.ru
яндекс телемост когда появился;716000;4;30;22;16;9;telemost.yandex.ru
yandex ex ru;1000000;3;12;466;0;9;telemost.yandex.ru
площадка для общения;1000000;3;20;439;9;9;telemost.yandex.ru
платформы для конференций;5000;3;25;571;28;9;telemost.yandex.ru
телемост ограничения по количеству участников;979000;5;45;115;24;10;telemost.yandex.ru
яндекс телемост тарифы для бизнеса;1000000;5;34;26;19;10;telemost.yandex.ru
сервисы для видеозвонков;1000000;3;24;348;18;10;telemost.yandex.ru
как работать в яндекс телемост;2000000;5;30;103;17;10;telemost.yandex.ru
телем скачать;491000;2;13;704;9;10;telemost.yandex.ru
сайт для разговоров;2000000;3;19;2630;8;10;telemost.yandex.ru
запланированная встреча;396000;2;23;5530;8;10;telemost.yandex.ru
онлайн чат звонки;2000000;3;17;368;7;10;telemost.yandex.ru
яндекс 42;967000;2;9;3356;5;10;telemost.yandex.ru
сайт видеозвонков;2000000;2;17;474;3;10;telemost.yandex.ru
1zoom ru официальный сайт;3000000;4;25;3;3;10;telemost.yandex.ru
яндекс телемост количество участников максимальное;1000000;5;50;83;48;11;telemost.yandex.ru
yahdex;4000;1;6;268;14;11;telemost.yandex.ru
яндексhttps;4000;1;11;486;0;11;telemost.yandex.ru
