"﻿""Ключевое слово""";Результатов в Яндексе;Слов;Символов;Частотность Весь мир;"""!Частотность !Весь !мир""";Позиция в выдаче Яндекса;wordstat.yandex.com
yandex trend;330000;2;12;941;12;1;wordstat.yandex.com
где посмотреть поисковые запросы яндекс;1000000;5;39;43;13;2;wordstat.yandex.com
яндекс частота поисковых запросов;787000;4;33;50;15;2;wordstat.yandex.com
как посмотреть сколько запросов по ключевым словам в яндексе;1000000;9;60;21;21;2;wordstat.yandex.com
счетчик запросов яндекса по словам;1000000;5;34;16;15;2;wordstat.yandex.com
яндекс поиск по запросам;2000000;4;24;1003;16;2;wordstat.yandex.com
как узнать сколько было запросов в яндексе по словам;1000000;9;52;17;14;2;wordstat.yandex.com
топ поисковых запросов яндекс;2000000;4;29;113;41;2;wordstat.yandex.com
узнать количество запросов;1000000;3;26;1477;20;2;wordstat.yandex.com
запросы в яндексе по ключевым словам;245000;6;36;483;39;2;wordstat.yandex.com
количество запросов по ключевым словам в яндексе;1000000;7;48;149;16;2;wordstat.yandex.com
посмотреть запросы в яндексе по словам;1000000;6;38;297;54;2;wordstat.yandex.com
яндекс топ поисковых запросов;2000000;4;29;122;40;2;wordstat.yandex.com
аналитика по запросам яндекс;786000;4;28;63;14;2;wordstat.yandex.com
проверить поисковые запросы яндекс;862000;4;34;95;30;2;wordstat.yandex.com
yandex trending;210000;2;15;941;4;1;wordstat.yandex.com
проверить запросы;598000;2;17;17610;12;2;wordstat.yandex.com
подбор поисковых запросов яндекс;59000;4;32;10;5;2;wordstat.yandex.com
запросы яндекса по словам;945000;4;25;2822;8;2;wordstat.yandex.com
запрос по словам в яндексе;788000;5;26;1777;9;2;wordstat.yandex.com
где посмотреть поисковые запросы;1000000;4;32;130;6;2;wordstat.yandex.com
проверить запросы в яндексе по ключевому слову;1000000;7;46;34;8;2;wordstat.yandex.com
яндекс поисковые запросы по словам;951000;5;34;241;5;2;wordstat.yandex.com
просмотр поисковых запросов яндекс;1000000;4;34;18;11;2;wordstat.yandex.com
проверить количество запросов в яндексе по словам;441000;7;49;56;8;2;wordstat.yandex.com
поиск по запросам в яндекс;2000000;5;26;405;10;2;wordstat.yandex.com
как узнать запросы в яндексе по словам статистика;796000;8;49;36;8;2;wordstat.yandex.com
поиск по словам статистика яндекс;2000000;5;33;59;12;2;wordstat.yandex.com
яндекс запросы по ключевым;884000;4;26;1185;11;2;wordstat.yandex.com
посмотреть популярные запросы яндекс;4000;4;36;142;6;2;wordstat.yandex.com
посмотреть поисковые запросы яндекс;994000;4;35;191;10;2;wordstat.yandex.com
рейтинг поисковых запросов яндекс;146000;4;33;35;12;2;wordstat.yandex.com
статистика по словам яндекс;1000000;4;27;1040;4;2;wordstat.yandex.com
как проверить количество запросов в яндексе по ключевым словам;2000000;9;62;30;29;3;wordstat.yandex.com
подбор слов статистика;680000;3;22;46;0;2;wordstat.yandex.com
оценка поисковых запросов;553000;3;25;106;2;2;wordstat.yandex.com
яндекс запросы по ключевым словам статистика;784000;6;44;284;40;3;wordstat.yandex.com
проверка количества запросов;685000;3;28;109;2;2;wordstat.yandex.com
запросы по ключевым словам яндекс статистика;1000000;6;44;294;31;3;wordstat.yandex.com
поиск по запросу яндекс;868000;4;23;936;3;2;wordstat.yandex.com
как узнать сколько результатов нашлось в яндексе;2000000;7;48;3;2;2;wordstat.yandex.com
yandex keyword planner;134000;3;22;2;2;2;wordstat.yandex.com
частота запросов ключевых слов;708000;4;30;17;0;2;wordstat.yandex.com
проверка ключевых запросов;506000;3;26;146;3;2;wordstat.yandex.com
запрос яндекс статистика по ключевым словам;884000;6;43;283;3;2;wordstat.yandex.com
поисковый запрос яндекс;751000;3;23;7434;36;3;wordstat.yandex.com
посмотреть количество поисковых запросов;891000;4;40;39;2;2;wordstat.yandex.com
сервис ключевых запросов;1000000;3;24;169;4;2;wordstat.yandex.com
рейтинг запросов;610000;2;16;1632;24;3;wordstat.yandex.com
аналитик запросов;368000;2;17;2954;2;3;wordstat.yandex.com
проверить запрос;173000;2;16;17610;5;3;wordstat.yandex.com
число запросов;470000;2;14;10529;8;3;wordstat.yandex.com
посмотреть популярность запросов;679000;3;32;50;5;3;wordstat.yandex.com
посмотреть статистику запросов;768000;3;30;674;7;3;wordstat.yandex.com
проверить ключевые запросы;958000;3;26;271;4;3;wordstat.yandex.com
статистика яндекса по запросам;432000;4;30;3993;14;3;wordstat.yandex.com
запросы на яндекс;28000;3;17;8005;7;3;wordstat.yandex.com
топ поисковые запросы яндекс;2000000;4;28;113;12;3;wordstat.yandex.com
проверить популярность запросов;659000;3;31;42;7;3;wordstat.yandex.com
статистика яндекс запросов по ключевым словам;1000000;6;45;296;15;3;wordstat.yandex.com
посмотреть сколько запросов в яндексе как по ключевым словам;1000000;9;60;13;13;3;wordstat.yandex.com
проверка популярности запросов;441000;3;30;21;4;3;wordstat.yandex.com
посмотреть количество запросов;1000000;3;30;984;9;3;wordstat.yandex.com
поиск по запросам ключевых слов яндекс;2000000;6;38;58;18;3;wordstat.yandex.com
список поисковых запросов;1000000;3;25;847;1;3;wordstat.yandex.com
проверка поисковых запросов;510000;3;27;186;13;6;wordstat.yandex.com
статистика популярности;40000;2;23;2521;6;5;wordstat.yandex.com
проверить количество запросов;911000;3;29;424;14;4;wordstat.yandex.com
количество запросов в месяц;935000;4;27;606;6;5;wordstat.yandex.com
проверить поисковые запросы;633000;3;27;425;8;4;wordstat.yandex.com
частота запросов онлайн;1000000;3;23;6;0;5;wordstat.yandex.com
как посмотреть самые популярные запросы в яндексе по товарам;2000000;9;60;2;0;3;wordstat.yandex.com
рейтинг поисковых запросов;941000;3;26;158;13;4;wordstat.yandex.com
сколько запросов;421000;2;16;43972;17;4;wordstat.yandex.com
подобрать запросы;407000;2;17;2478;8;4;wordstat.yandex.com
частотность употребления слов онлайн;2000000;4;36;7;0;3;wordstat.yandex.com
анализ по запросам в яндексе;816000;5;28;139;0;3;wordstat.yandex.com
рейтинг запросов в интернете;940000;4;28;28;5;5;wordstat.yandex.com
яндекс аналитика по запросам;650000;4;28;55;15;4;wordstat.yandex.com
популярные запросы на яндекс;1000000;4;28;96;1;3;wordstat.yandex.com
как посмотреть запросы;726000;3;22;10361;8;6;wordstat.yandex.com
частота поисковых запросов;353000;3;26;162;20;11;wordstat.yandex.com
как посмотреть количество результатов поиска в яндексе;2000000;7;54;27;25;9;wordstat.yandex.com
запросы в поисковике;401000;3;20;3569;4;7;wordstat.yandex.com
запросы поиска;1000000;2;14;39858;5;9;wordstat.yandex.com
сервис для ключевых слов;1000000;4;24;244;0;7;wordstat.yandex.com
как посмотреть количество запросов;835000;4;34;588;13;10;wordstat.yandex.com
проверка частоты запросов поисковых слов;877000;5;40;2;2;6;wordstat.yandex.com
исследование поисковых запросов;356000;3;31;135;1;7;wordstat.yandex.com
подбор поисковых запросов;16000;3;25;146;6;7;wordstat.yandex.com
как узнать поисковый запрос;585000;4;27;293;4;8;wordstat.yandex.com
рейтинг запросов в поисковиках;801000;4;30;9;5;6;wordstat.yandex.com
запросы пользователей в поисковой системе;2000000;5;41;955;0;6;wordstat.yandex.com
поиск ключевых слов онлайн;2000000;4;26;75;2;9;wordstat.yandex.com
как посмотреть поисковые запросы;703000;4;32;440;5;7;wordstat.yandex.com
как проверить количество запросов;838000;4;33;144;6;6;wordstat.yandex.com
как посмотреть сколько результатов поиска найдено в яндекс;2000000;8;58;7;5;11;wordstat.yandex.com
