"﻿""Ключевое слово""";Результатов в Яндексе;Слов;Символов;Частотность Весь мир;"""!Частотность !Весь !мир""";Позиция в выдаче Яндекса;zapravki.yandex.ru
заправки яндекс;1000000;2;15;44253;8403;1;zapravki.yandex.ru
заправки приложение;1000000;2;19;14877;157;1;zapravki.yandex.ru
заправки яндекс скидки;1000000;3;22;3953;170;1;zapravki.yandex.ru
акции яндекс заправки;561000;3;21;1307;267;1;zapravki.yandex.ru
яндекс заправки приложение;1000000;3;26;2030;170;1;zapravki.yandex.ru
яндекс топливо;673000;2;14;2100;186;1;zapravki.yandex.ru
приложение яндекс заправки;1000000;3;26;2044;160;1;zapravki.yandex.ru
заправка яндекс;971000;2;15;44261;2047;1;zapravki.yandex.ru
яндекс заправки скидки;1000000;3;22;4531;214;1;zapravki.yandex.ru
яндекс заправки скачать;1000000;3;23;1342;295;1;zapravki.yandex.ru
топливо яндекс;469000;2;14;2098;179;1;zapravki.yandex.ru
яндекс заправка;1000000;2;15;45123;2075;1;zapravki.yandex.ru
скачать яндекс заправки;983000;3;23;1371;296;1;zapravki.yandex.ru
приложение заправки яндекс;1000000;3;26;2044;160;1;zapravki.yandex.ru
яндекс заправки акции;2000000;3;21;1322;275;1;zapravki.yandex.ru
яндекс заправки;1000000;2;15;45112;8210;1;zapravki.yandex.ru
мойка яндекс;1000000;2;12;2158;153;1;zapravki.yandex.ru
яндекс заправка что это;578000;4;23;406;46;1;zapravki.yandex.ru
заправка онлайн;1000000;2;15;2505;65;1;zapravki.yandex.ru
яндекс заправки приложение скачать;2000000;4;34;679;89;1;zapravki.yandex.ru
онлайн заправка;2000000;2;15;2510;64;1;zapravki.yandex.ru
заправки приложение скачать;1000000;3;27;4801;70;1;zapravki.yandex.ru
яндекс заправка скидка;1000000;3;22;4535;48;1;zapravki.yandex.ru
яндекс заправка скачать;942000;3;23;1342;117;1;zapravki.yandex.ru
яндекс мойки;1000000;2;12;2090;71;1;zapravki.yandex.ru
приложение яндекс заправки скачать;2000000;4;34;708;101;1;zapravki.yandex.ru
заправ;7000000;1;6;2599;69;1;zapravki.yandex.ru
яндекс заправки скидка;1000000;3;22;4551;128;1;zapravki.yandex.ru
скачать яндекс заправка;963000;3;23;1371;113;1;zapravki.yandex.ru
яндекс заправки скидки на топливо;531000;5;33;393;54;1;zapravki.yandex.ru
яндекс заправки скачать приложение;1000000;4;34;679;89;1;zapravki.yandex.ru
яндекс мойка;940000;2;12;2090;142;1;zapravki.yandex.ru
яндекс мойка автомашин;1000000;3;22;66;46;1;zapravki.yandex.ru
яндекс заправка как работает;1000000;4;28;540;36;1;zapravki.yandex.ru
заправки онлайн;2000000;2;15;2505;36;1;zapravki.yandex.ru
яндекс заправки что это;522000;4;23;406;40;1;zapravki.yandex.ru
заправка яндекс заправка скидка;1000000;4;31;4644;36;1;zapravki.yandex.ru
яндекс заправки акция;1000000;3;21;1322;37;1;zapravki.yandex.ru
яндекс заправка акции;1000000;3;21;1307;36;1;zapravki.yandex.ru
яндекс заправки красноярск;481000;3;26;75;42;1;zapravki.yandex.ru
кэшбэк яндекс заправки;583000;3;22;334;40;1;zapravki.yandex.ru
яндекс заправки кэшбэк;572000;3;22;282;41;1;zapravki.yandex.ru
яндекс заправка скачать приложение;2000000;4;34;684;36;1;zapravki.yandex.ru
заправка со скидкой через яндекс навигатор;2000000;6;42;80;43;1;zapravki.yandex.ru
яндекс азс;1000000;2;10;1560;41;1;zapravki.yandex.ru
скачать яндекс заправка приложение;1000000;4;34;679;36;1;zapravki.yandex.ru
заправка через яндекс;622000;3;21;2597;40;1;zapravki.yandex.ru
заправка через яндекс навигатор со скидкой;2000000;6;42;80;43;1;zapravki.yandex.ru
скачать приложение яндекс заправка;784000;4;34;679;36;1;zapravki.yandex.ru
эвакуатор яндекс такси;1000000;3;22;78;28;1;zapravki.yandex.ru
автомойка яндекс;895000;2;16;877;29;1;zapravki.yandex.ru
акция яндекс заправки;1000000;3;21;1148;31;1;zapravki.yandex.ru
yandex fuel;144000;2;11;273;29;1;zapravki.yandex.ru
яндекс бензин;519000;2;13;1774;30;1;zapravki.yandex.ru
яндекс заправки улан удэ;584000;4;24;51;28;1;zapravki.yandex.ru
яндекс заправки что это такое и как работает;1000000;8;44;50;34;1;zapravki.yandex.ru
яндекс заправки лукойл;1000000;3;22;277;31;1;zapravki.yandex.ru
что такое яндекс заправки и как это работает;850000;8;44;50;34;1;zapravki.yandex.ru
яндекс заправки челябинск;747000;3;25;45;29;1;zapravki.yandex.ru
яндекс заправки екатеринбург;625000;3;28;59;35;1;zapravki.yandex.ru
что такое яндекс заправки;574000;4;25;166;34;1;zapravki.yandex.ru
яндекс заправки новосибирск;809000;3;27;64;28;1;zapravki.yandex.ru
yandex заправки;710000;2;15;162;33;1;zapravki.yandex.ru
онлайн заправки;2000000;2;15;2510;35;1;zapravki.yandex.ru
яндекс такси эвакуатор;1000000;3;22;78;28;1;zapravki.yandex.ru
автомойки яндекс;1000000;2;16;877;21;1;zapravki.yandex.ru
яндекс заправки электромобилей;1000000;3;30;87;23;1;zapravki.yandex.ru
лукойл яндекс заправки;1000000;3;22;265;25;1;zapravki.yandex.ru
яндекс заправки как это работает;2000000;5;32;288;22;1;zapravki.yandex.ru
акции яндекс заправки сейчас;3000000;4;28;39;25;1;zapravki.yandex.ru
яндекс заправки уфа;742000;3;19;58;22;1;zapravki.yandex.ru
яндекс заправки как работает;1000000;4;28;540;27;1;zapravki.yandex.ru
яндекс заправки ижевск;635000;3;22;33;25;1;zapravki.yandex.ru
яндекс зарядки для электромобилей;332000;4;33;70;26;1;zapravki.yandex.ru
скидка на топливо яндекс заправка;1000000;5;33;369;24;1;zapravki.yandex.ru
приложение заправка;1000000;2;19;15239;27;1;zapravki.yandex.ru
яндекс заправки в крыму;529000;4;23;46;27;1;zapravki.yandex.ru
заправка приложение;1000000;2;19;14879;22;1;zapravki.yandex.ru
сервис заправки;2000000;2;15;2656;26;1;zapravki.yandex.ru
яндекс заправки иркутск;677000;3;23;58;27;1;zapravki.yandex.ru
бонусы яндекс заправки;605000;3;22;467;21;1;zapravki.yandex.ru
яндекс заправки тула;453000;3;20;17;17;1;zapravki.yandex.ru
оплата заправки через яндекс;1000000;4;28;234;18;1;zapravki.yandex.ru
яндекс заправки владивосток;628000;3;27;55;18;1;zapravki.yandex.ru
яндекс заправки список азс;1000000;4;26;54;18;1;zapravki.yandex.ru
яндекс заправки приморский край;626000;4;31;22;18;1;zapravki.yandex.ru
яндекс заправки какие заправки входят;3000000;5;37;52;17;1;zapravki.yandex.ru
яндекс автомойка;1000000;2;16;804;19;1;zapravki.yandex.ru
яндекс заправка приложение;1000000;3;26;2030;18;1;zapravki.yandex.ru
яндекс заправки тюмень;417000;3;22;41;19;1;zapravki.yandex.ru
яндекс го заправки;1000000;3;18;103;18;1;zapravki.yandex.ru
яндекс заправки это;2000000;3;19;560;20;1;zapravki.yandex.ru
как работают яндекс заправки;2000000;4;28;575;19;1;zapravki.yandex.ru
яндекс заправки брянск;490000;3;22;26;18;1;zapravki.yandex.ru
приложение для заправки авто со скидками;2000000;6;40;42;19;1;zapravki.yandex.ru
яндекс заправки скачать бесплатно;2000000;4;33;368;20;1;zapravki.yandex.ru
что такое яндекс заправка;550000;4;25;161;17;1;zapravki.yandex.ru
яндекс эвакуатор онлайн;2000000;3;23;18;14;1;zapravki.yandex.ru
яндекс заправки ярославль;399000;3;25;29;14;1;zapravki.yandex.ru
бесконтактная заправка;827000;2;22;282;15;1;zapravki.yandex.ru
яндекс заправки самара;698000;3;22;30;14;1;zapravki.yandex.ru
яндекс заправки бонусы;1000000;3;22;469;15;1;zapravki.yandex.ru
яндекс заправки чебоксары;619000;3;25;20;14;1;zapravki.yandex.ru
онлайн заправка бензином;2000000;3;24;107;16;1;zapravki.yandex.ru
яндекс заправки томск;470000;3;21;23;15;1;zapravki.yandex.ru
яндекс заправки саратов;684000;3;23;33;16;1;zapravki.yandex.ru
яндекс заправки мурманск;551000;3;24;18;14;1;zapravki.yandex.ru
яндекс заправки в хабаровске;700000;4;28;25;16;1;zapravki.yandex.ru
яндекс заправки карта азс;2000000;4;25;77;16;1;zapravki.yandex.ru
яндекс заправки пермь;726000;3;21;25;14;1;zapravki.yandex.ru
как в яндекс заправках заправиться до полного бака;1000000;8;50;19;15;1;zapravki.yandex.ru
яндекс эвакуатор приложение;2000000;3;27;41;16;1;zapravki.yandex.ru
яндекс заправки тольятти;594000;3;24;19;14;1;zapravki.yandex.ru
оплата заправки через приложение;2000000;4;32;106;10;1;zapravki.yandex.ru
яндекс бензин приложение;1000000;3;24;75;10;1;zapravki.yandex.ru
яндекс заправки какие азс подключены;547000;5;36;27;11;1;zapravki.yandex.ru
приложения заправки;96000;2;19;15236;10;1;zapravki.yandex.ru
яндекс заправки хабаровск;614000;3;25;48;11;1;zapravki.yandex.ru
скидка на топливо в яндекс навигаторе;844000;6;37;37;10;1;zapravki.yandex.ru
яндекс заправки омск;305000;3;20;24;12;1;zapravki.yandex.ru
яндекс заправки пенза;528000;3;21;20;11;1;zapravki.yandex.ru
яндекс заправки казань;335000;3;22;27;12;1;zapravki.yandex.ru
яндекс заправки киров;438000;3;21;17;10;1;zapravki.yandex.ru
заправка со скидкой через яндекс;1000000;5;32;162;13;1;zapravki.yandex.ru
яндекс электрозаправки;551000;2;22;67;12;1;zapravki.yandex.ru
яндекс заправки смоленск;363000;3;24;16;10;1;zapravki.yandex.ru
яндекс заправки кемерово;485000;3;24;13;11;1;zapravki.yandex.ru
яндекс заправки онлайн;64000;3;22;53;14;1;zapravki.yandex.ru
яндекс заправки в севастополе;250000;4;29;15;10;1;zapravki.yandex.ru
яндекс заправки скидки и бонусы;498000;5;31;89;8;1;zapravki.yandex.ru
яндекс мойки самообслуживания;1000000;3;29;58;9;1;zapravki.yandex.ru
заправиться онлайн;1000000;2;18;470;9;1;zapravki.yandex.ru
яндекс заправки тамбов;559000;3;22;14;8;1;zapravki.yandex.ru
яндекс заправка хабаровск;588000;3;25;45;9;1;zapravki.yandex.ru
яндекс запр;439000;2;11;34;8;1;zapravki.yandex.ru
заправка через яндекс заправки;1000000;4;30;2572;9;1;zapravki.yandex.ru
оплата топлива не выходя из машины;1000000;6;34;17;9;1;zapravki.yandex.ru
yandex заправка;669000;2;15;162;9;1;zapravki.yandex.ru
яндекс заправки благовещенск;197000;3;28;10;9;1;zapravki.yandex.ru
яндекс скидка на топливо;1000000;4;24;571;9;1;zapravki.yandex.ru
яндекс заправки рязань;494000;3;22;13;9;1;zapravki.yandex.ru
яндекс заправки выгода;1000000;3;22;81;8;1;zapravki.yandex.ru
яндекс заправки оренбург;542000;3;24;16;9;1;zapravki.yandex.ru
скидка на топливо яндекс;824000;4;24;560;9;1;zapravki.yandex.ru
яндекс заправки какие скидки;1000000;4;28;130;8;1;zapravki.yandex.ru
яндекс заправки белгород;56000;3;24;13;5;1;zapravki.yandex.ru
топливо со скидкой;1000000;3;18;199;6;1;zapravki.yandex.ru
яндекс заправки волгоград;470000;3;25;17;7;1;zapravki.yandex.ru
яндекс заправка акция;1000000;3;21;1307;6;1;zapravki.yandex.ru
программа заправки;1000000;2;18;787;6;1;zapravki.yandex.ru
яндекс заправки краснодар;690000;3;25;19;5;1;zapravki.yandex.ru
заправка онлайн яндекс;2000000;3;22;47;7;1;zapravki.yandex.ru
яндекс заправки условия;1000000;3;23;88;6;1;zapravki.yandex.ru
яндекс заправки кэшбэк за заправку;437000;5;34;44;7;1;zapravki.yandex.ru
яндекс заправки череповец;521000;3;25;6;6;1;zapravki.yandex.ru
заправка с яндекс;874000;3;17;1409;7;1;zapravki.yandex.ru
эвакуатор в яндекс такси;1000000;4;24;19;7;1;zapravki.yandex.ru
скидка на бензин в яндекс;747000;5;25;112;6;1;zapravki.yandex.ru
яндекс плюс заправки;1000000;3;20;223;7;1;zapravki.yandex.ru
приложение для заправок;1000000;3;23;4840;8;1;zapravki.yandex.ru
скидки при заправке через яндекс навигатор;1000000;6;42;25;5;1;zapravki.yandex.ru
как заправиться со скидкой через яндекс;2000000;6;39;78;2;1;zapravki.yandex.ru
как оплатить заправку;828000;3;21;2501;3;1;zapravki.yandex.ru
яндекс заправки баллы;450000;3;21;732;3;1;zapravki.yandex.ru
яндекс заправки официальный сайт;2000000;4;32;118;3;1;zapravki.yandex.ru
приложение заправок;1000000;2;19;15236;3;1;zapravki.yandex.ru
баллы яндекс заправки;625000;3;21;776;2;1;zapravki.yandex.ru
яндекс заправка тюмень;617000;3;22;37;5;1;zapravki.yandex.ru
заправка программа;715000;2;18;871;3;1;zapravki.yandex.ru
заправка на роснефти через приложение яндекс;1000000;6;44;8;4;1;zapravki.yandex.ru
приложения заправок;44000;2;19;15488;3;1;zapravki.yandex.ru
заправиться через яндекс навигатор со скидкой;1000000;6;45;24;5;1;zapravki.yandex.ru
яндекс заправки липецк;429000;3;22;8;4;1;zapravki.yandex.ru
заправляться не выходя из машины;1000000;5;32;173;3;1;zapravki.yandex.ru
оплатить заправку;846000;2;17;5046;4;1;zapravki.yandex.ru
яндекс заправщик;875000;2;16;111;5;1;zapravki.yandex.ru
приложение для заправки автомобиля;2000000;4;34;71;2;1;zapravki.yandex.ru
заправиться за баллы яндекс плюс;1000000;5;32;12;0;1;zapravki.yandex.ru
заправиться со скидкой от яндекса;2000000;5;33;2;0;1;zapravki.yandex.ru
бесконтактная заправка яндекс;946000;3;29;41;1;1;zapravki.yandex.ru
яндекс плюс заправка;1000000;3;20;223;0;1;zapravki.yandex.ru
акция на яндекс заправках;1000000;4;25;240;1;1;zapravki.yandex.ru
бесконтактные заправки;698000;2;22;302;0;1;zapravki.yandex.ru
zapravki yandex ru;1000000;3;18;29;2;1;zapravki.yandex.ru
яндекс заправки как пользоваться скидкой;852000;5;40;18;1;1;zapravki.yandex.ru
заправки яндекс ру;2000000;3;18;10;1;1;zapravki.yandex.ru
сервис для заправки автомобилей;2000000;4;31;6;0;1;zapravki.yandex.ru
яндекс заправки курск;490000;3;21;17;2;1;zapravki.yandex.ru
приложение для оплаты заправки не выходя из машины;2000000;8;50;1;1;1;zapravki.yandex.ru
приложения для заправки авто;2000000;4;28;212;0;1;zapravki.yandex.ru
заправка на азс онлайн;2000000;4;22;21;1;1;zapravki.yandex.ru
яндекс навигатор акции заправки;1000000;4;31;17;2;1;zapravki.yandex.ru
скидка на бензин в яндекс навигаторе;834000;6;36;12;0;1;zapravki.yandex.ru
скачать приложение яндекс заправки;2000000;4;34;710;99;2;zapravki.yandex.ru
скидки на топливо на заправках;901000;5;30;670;115;2;zapravki.yandex.ru
яндекс зарядка;558000;2;14;5128;177;2;zapravki.yandex.ru
скидки на заправках;494000;3;19;4350;108;2;zapravki.yandex.ru
скидка на заправку;865000;3;18;4350;142;2;zapravki.yandex.ru
яндекс эвакуатор москва;1000000;3;23;235;104;2;zapravki.yandex.ru
яндекс эвакуатор;1000000;2;16;1894;496;2;zapravki.yandex.ru
приложение заправки;1000000;2;19;15236;159;2;zapravki.yandex.ru
скидки яндекс заправки;1000000;3;22;4295;197;2;zapravki.yandex.ru
скидка яндекс заправки;759000;3;22;4295;116;2;zapravki.yandex.ru
заправки;6000000;1;8;1505098;2138;2;zapravki.yandex.ru
эвакуатор яндекс;1000000;2;16;1894;496;2;zapravki.yandex.ru
как заправляться через яндекс заправки;549000;5;38;476;107;2;zapravki.yandex.ru
заправка бензина;810000;2;16;51311;178;2;zapravki.yandex.ru
заправка в навигаторе скидки яндекс;1000000;5;35;23;0;1;zapravki.yandex.ru
как заправиться через яндекс заправки;581000;5;37;476;85;2;zapravki.yandex.ru
яндекс карта заправки;2000000;3;21;3182;37;2;zapravki.yandex.ru
заправиться со скидкой;857000;3;22;444;41;2;zapravki.yandex.ru
яндекс заправки телефон;2000000;3;23;625;45;2;zapravki.yandex.ru
яндекс заправки на карте;2000000;4;24;661;40;2;zapravki.yandex.ru
приложение для зарядки электромобиля москва;1000000;5;43;81;43;2;zapravki.yandex.ru
яндекс заправки карта;2000000;3;21;3182;37;2;zapravki.yandex.ru
яндекс зарядки;548000;2;14;5129;58;2;zapravki.yandex.ru
скидки на яндекс заправках;1000000;4;26;1857;43;2;zapravki.yandex.ru
яндекс заправки астрахань;524000;3;25;70;51;2;zapravki.yandex.ru
карта яндекс заправки;2000000;3;21;3040;41;2;zapravki.yandex.ru
скидки на топливо;916000;3;17;2476;64;2;zapravki.yandex.ru
скидки на заправку;1000000;3;18;4350;54;2;zapravki.yandex.ru
заправиться через яндекс;577000;3;24;1261;39;2;zapravki.yandex.ru
скидка яндекс заправка;1000000;3;22;4555;49;2;zapravki.yandex.ru
заправки скачать приложение;1000000;3;27;4811;68;2;zapravki.yandex.ru
как заправиться через яндекс заправки со скидкой;1000000;7;48;64;36;2;zapravki.yandex.ru
скидки на заправку через яндекс навигатор;817000;6;41;95;23;2;zapravki.yandex.ru
топливная карта яндекс;1000000;3;22;245;26;2;zapravki.yandex.ru
яндекс заправки роснефть;1000000;3;24;886;30;2;zapravki.yandex.ru
яндекс заправки скачать приложение на андроид бесплатно на русском с официального сайта;2000000;12;87;99;25;2;zapravki.yandex.ru
приложение азс;1000000;2;14;18918;29;2;zapravki.yandex.ru
яндекс заправка скидки;1000000;3;22;4535;25;2;zapravki.yandex.ru
скидки на бензин яндекс заправки;1000000;5;32;154;34;2;zapravki.yandex.ru
яндекс топливная карта;1000000;3;22;275;30;2;zapravki.yandex.ru
азс приложение;1000000;2;14;18248;31;2;zapravki.yandex.ru
приложение для эвакуаторов;954000;3;26;192;28;2;zapravki.yandex.ru
скачать заправка;521000;2;16;10064;34;2;zapravki.yandex.ru
скидка на заправку яндекс;1000000;4;25;1857;33;2;zapravki.yandex.ru
скачать приложение яндекс заправки бесплатно;2000000;5;44;343;25;2;zapravki.yandex.ru
заправки яндекс карты;2000000;3;21;3040;30;2;zapravki.yandex.ru
яндекс карты заправки;1000000;3;21;3182;36;2;zapravki.yandex.ru
яндекс про заправки;859000;3;19;711;22;2;zapravki.yandex.ru
яндекс топливные карты;2000000;3;22;275;18;2;zapravki.yandex.ru
топливные карты яндекс;1000000;3;22;278;19;2;zapravki.yandex.ru
какие заправки входят в яндекс заправки;3000000;6;39;31;20;2;zapravki.yandex.ru
заправки яндекс про;2000000;3;19;739;19;2;zapravki.yandex.ru
приложение для вызова эвакуатора;2000000;4;32;24;20;2;zapravki.yandex.ru
скидки в яндекс заправках;1000000;4;25;1007;18;2;zapravki.yandex.ru
заправки ру;793000;2;11;306;21;2;zapravki.yandex.ru
заправка топливом автомобиля через яндекс;614000;5;41;25;20;2;zapravki.yandex.ru
яндекс карты азс;2000000;3;16;496;21;2;zapravki.yandex.ru
скидка на заправку через яндекс навигатор;1000000;6;41;101;20;2;zapravki.yandex.ru
приложение для заправки авто топливом не выходя из машины;2000000;9;57;30;22;2;zapravki.yandex.ru
яндекс заправки ульяновск;550000;3;25;30;21;2;zapravki.yandex.ru
заправка не выходя из машины;1000000;5;28;299;18;2;zapravki.yandex.ru
скидка на заправку яндекс заправка;1000000;5;34;1992;20;2;zapravki.yandex.ru
яндекс заправки номер телефона;228000;4;30;102;22;2;zapravki.yandex.ru
заправка через приложение;1000000;3;25;1743;17;2;zapravki.yandex.ru
заправка яндекс навигатор;1000000;3;25;737;10;2;zapravki.yandex.ru
яндекс заправки орел;571000;3;20;12;10;2;zapravki.yandex.ru
как заправиться за баллы яндекс плюс;732000;6;36;12;12;2;zapravki.yandex.ru
яндекс заправки петрозаводск;581000;3;28;17;10;2;zapravki.yandex.ru
яндекс заправки скачать приложение на андроид бесплатно на русском с официального сайта бесплатно;3000000;13;97;95;11;2;zapravki.yandex.ru
карта яндекс заправок;1000000;3;21;3040;10;2;zapravki.yandex.ru
как заправляться через яндекс заправки со скидкой;2000000;7;49;62;14;2;zapravki.yandex.ru
приложения для заправки на азс;2000000;5;30;122;11;2;zapravki.yandex.ru
скидка на яндекс заправка;1000000;4;25;1857;13;2;zapravki.yandex.ru
оплата топлива онлайн;2000000;3;21;94;11;2;zapravki.yandex.ru
как подключить яндекс заправки;1000000;4;30;151;14;2;zapravki.yandex.ru
яндекс заправка скачать приложение андроид бесплатно на русском полную версию с официального сайта;4000000;13;98;13;13;2;zapravki.yandex.ru
приложения азс;790000;2;14;18918;10;2;zapravki.yandex.ru
заправки со скидкой на топливо;931000;5;30;18;12;2;zapravki.yandex.ru
яндекс карты заправка;1000000;3;21;3184;17;2;zapravki.yandex.ru
как пользоваться яндекс заправкой через приложение яндекс;1000000;7;57;54;10;2;zapravki.yandex.ru
как заправляться через яндекс навигатор на заправках со скидкой;2000000;9;63;6;6;2;zapravki.yandex.ru
оплатить заправку онлайн;2000000;3;24;157;8;2;zapravki.yandex.ru
заправка через яндекс навигатор;1000000;4;31;349;9;2;zapravki.yandex.ru
яндекс заправки ростов на дону;848000;5;30;15;8;2;zapravki.yandex.ru
заправка не выходя из машины приложение;2000000;6;39;51;8;2;zapravki.yandex.ru
как заправляться через приложение яндекс заправки;2000000;6;49;51;7;2;zapravki.yandex.ru
скачать заправку;549000;2;16;10061;9;2;zapravki.yandex.ru
яндекс заправки башнефть скачать;901000;4;32;33;9;2;zapravki.yandex.ru
как заправить через яндекс заправки;531000;5;35;159;9;2;zapravki.yandex.ru
скидка при заправке через яндекс навигатор;1000000;6;42;25;8;2;zapravki.yandex.ru
яндекс про заправка;998000;3;19;668;9;2;zapravki.yandex.ru
яндекс заправки в нижнем новгороде;825000;5;34;15;9;2;zapravki.yandex.ru
как заправиться через приложение яндекс заправки;2000000;6;48;51;7;2;zapravki.yandex.ru
яндекс заправки логотип;495000;3;23;13;9;2;zapravki.yandex.ru
яндекс навигатор заправка;1000000;3;25;799;9;2;zapravki.yandex.ru
бонусы за заправку;993000;3;18;1049;6;2;zapravki.yandex.ru
как работает яндекс заправка через навигатор;1000000;6;44;3;3;2;zapravki.yandex.ru
как заправить машину на заправке через приложение яндекс;1000000;8;56;19;3;2;zapravki.yandex.ru
скидки в приложении заправки;2000000;4;28;193;4;2;zapravki.yandex.ru
как заправиться на яндекс баллы;394000;5;31;11;3;2;zapravki.yandex.ru
яндекс заправки красноярск роснефть;479000;4;35;9;3;2;zapravki.yandex.ru
карты лояльности в яндекс заправках;1000000;5;35;578;3;2;zapravki.yandex.ru
бензин со скидкой через приложение;2000000;5;34;8;5;2;zapravki.yandex.ru
оплата топлива через яндекс;1000000;4;27;53;4;2;zapravki.yandex.ru
какие заправки подключены к яндекс заправкам;694000;6;44;25;4;2;zapravki.yandex.ru
оплата за бензин через приложение яндекс;2000000;6;40;5;3;2;zapravki.yandex.ru
яндекс навигатор заправки;1000000;3;25;784;5;2;zapravki.yandex.ru
акция заправка через яндекс навигатор;1000000;5;37;9;4;2;zapravki.yandex.ru
приложение электрозаправок;864000;2;26;171;3;2;zapravki.yandex.ru
заправка в яндекс навигаторе;1000000;4;28;199;4;2;zapravki.yandex.ru
как потратить баллы яндекс плюс на заправку автомобиля;867000;8;54;5;5;2;zapravki.yandex.ru
яндекс заправки вконтакте;608000;3;25;6;2;2;zapravki.yandex.ru
яндекс заправки иркутск роснефть;648000;4;32;8;0;2;zapravki.yandex.ru
яндекс заправки со скидкой;2000000;4;26;248;1;2;zapravki.yandex.ru
как платить в яндекс заправки через сбп;369000;7;39;1;1;2;zapravki.yandex.ru
заправка через телефон;2000000;3;22;161;1;2;zapravki.yandex.ru
заправка с яндекс навигатором;747000;4;29;39;1;2;zapravki.yandex.ru
оплата бензина через яндекс навигатор;934000;5;37;5;0;2;zapravki.yandex.ru
как заправиться через яндекс заправки инструкция;624000;6;48;10;2;2;zapravki.yandex.ru
как заказать эвакуатор через яндекс;1000000;5;35;4;1;2;zapravki.yandex.ru
заправка через навигатор;719000;3;24;402;2;2;zapravki.yandex.ru
яндекс навигатор заправки акция;1000000;4;31;17;1;2;zapravki.yandex.ru
как оплатить азс не выходя из машины;1000000;7;36;19;2;2;zapravki.yandex.ru
азс казани на яндекс ру;2000000;5;23;2;2;2;zapravki.yandex.ru
яндекс заправки энгельс;412000;3;23;4;1;2;zapravki.yandex.ru
приложение для заправки на азс;1000000;5;30;133;2;2;zapravki.yandex.ru
как оплатить бензин через яндекс;577000;5;32;58;2;2;zapravki.yandex.ru
подключить эвакуатор к яндекс;1000000;4;29;6;0;2;zapravki.yandex.ru
зарядки яндекс;494000;2;14;5232;60;3;zapravki.yandex.ru
яндекс заправки приложение скачать на андроид;2000000;6;45;385;133;3;zapravki.yandex.ru
скидки на бензин приложение;2000000;4;27;41;0;2;zapravki.yandex.ru
заправка бензин;764000;2;15;51312;86;3;zapravki.yandex.ru
яндекс заправка что это и как работает;2000000;7;38;239;158;3;zapravki.yandex.ru
онлайн азс;2000000;2;10;1403;67;3;zapravki.yandex.ru
карта лояльности в яндекс заправки;1000000;5;34;578;0;2;zapravki.yandex.ru
заправка через приложение яндекс навигатор;1000000;5;42;25;0;2;zapravki.yandex.ru
яндекс заправки как установить;785000;4;30;35;0;2;zapravki.yandex.ru
скачать яндекс заправки на андроид приложение;2000000;6;45;378;136;3;zapravki.yandex.ru
заправка по яндекс навигатору;671000;4;29;65;0;2;zapravki.yandex.ru
заправки с бонусами;833000;3;19;275;0;2;zapravki.yandex.ru
скидки на азс;928000;3;13;1161;82;3;zapravki.yandex.ru
приложение вызова эвакуатора;2000000;3;28;33;0;2;zapravki.yandex.ru
яндекс заправки сбп;1000000;3;19;141;0;2;zapravki.yandex.ru
приложение для заправки авто;1000000;4;28;203;60;3;zapravki.yandex.ru
скидка на азс;872000;3;13;1161;21;3;zapravki.yandex.ru
заправки скачать;478000;2;16;10053;28;3;zapravki.yandex.ru
техподдержка яндекс заправки;658000;3;28;122;35;3;zapravki.yandex.ru
скачать заправки;528000;2;16;10061;25;3;zapravki.yandex.ru
заправка скачать;548000;2;16;9725;30;3;zapravki.yandex.ru
как заправлять машину через яндекс заправки;837000;6;43;73;23;3;zapravki.yandex.ru
как заправиться через яндекс;539000;4;28;856;40;3;zapravki.yandex.ru
яндекс заправка роснефть;871000;3;24;886;30;3;zapravki.yandex.ru
яндекс заправки скачать приложение на андроид бесплатно на русском;3000000;9;66;164;36;3;zapravki.yandex.ru
как работает яндекс заправка;984000;4;28;575;29;3;zapravki.yandex.ru
яндекс заправки горячая линия телефон;2000000;5;37;188;43;3;zapravki.yandex.ru
заправка со скидкой;2000000;3;19;665;37;3;zapravki.yandex.ru
яндекс заправки служба поддержки;2000000;4;32;85;25;3;zapravki.yandex.ru
как заправляться через яндекс;415000;4;29;856;36;3;zapravki.yandex.ru
эвакуатор приложение;1000000;2;20;474;43;3;zapravki.yandex.ru
приложение электрозаправки;921000;2;26;170;21;3;zapravki.yandex.ru
как заправить машину на заправке через приложение;1000000;7;49;153;12;3;zapravki.yandex.ru
как заправить машину через яндекс заправку;896000;6;42;73;14;3;zapravki.yandex.ru
как оплатить заправку яндекс баллами;1000000;5;36;65;15;3;zapravki.yandex.ru
яндекс заправка скачать приложение андроид бесплатно на русском;3000000;8;63;167;13;3;zapravki.yandex.ru
яндекс заправки скачать приложение на айфон;2000000;6;43;49;14;3;zapravki.yandex.ru
заправка через яндекс навигатор со скидкой как пользоваться;2000000;8;59;13;13;3;zapravki.yandex.ru
яндекс заправки газпромнефть;1000000;3;28;148;16;3;zapravki.yandex.ru
как списать бонусы роснефть в яндекс заправках;551000;7;46;23;14;3;zapravki.yandex.ru
как заправляться на яндекс заправках через приложение;560000;7;53;19;15;3;zapravki.yandex.ru
оплата бензина через яндекс;922000;4;27;64;14;3;zapravki.yandex.ru
как заправить полный бак через яндекс заправки;1000000;7;46;45;17;3;zapravki.yandex.ru
приложение для заправки;1000000;3;23;4840;16;3;zapravki.yandex.ru
скидки на бензин для физических лиц;1000000;6;35;23;13;3;zapravki.yandex.ru
яндекс заправка поддержка;1000000;3;25;388;15;3;zapravki.yandex.ru
скидки на заправки;908000;3;18;4350;17;3;zapravki.yandex.ru
яндекс заправки как пользоваться роснефть;537000;5;41;27;10;3;zapravki.yandex.ru
приложение с электрозаправками;961000;3;30;14;6;3;zapravki.yandex.ru
заправка для электромобиля;744000;3;26;1365;7;3;zapravki.yandex.ru
яндекс заправки добавить карту лояльности;2000000;5;41;491;8;3;zapravki.yandex.ru
программа для заправки на азс;1000000;5;29;14;7;3;zapravki.yandex.ru
татнефть яндекс заправки;1000000;3;24;249;8;3;zapravki.yandex.ru
оплата бензина через приложение;2000000;4;31;59;7;3;zapravki.yandex.ru
яндекс заправка башнефть скачать бесплатно;2000000;5;42;26;9;3;zapravki.yandex.ru
как заправляться яндекс заправкой;385000;4;33;789;8;3;zapravki.yandex.ru
оплата топлива через яндекс навигатор;1000000;5;37;17;9;3;zapravki.yandex.ru
яндекс заправка скачать на айфон приложение;2000000;6;43;41;7;3;zapravki.yandex.ru
яндекс заправки скачать приложение на айфон бесплатно;3000000;7;53;22;9;3;zapravki.yandex.ru
приложение для азс;562000;3;18;1807;9;3;zapravki.yandex.ru
оплата заправки через яндекс навигатор;746000;5;38;12;7;3;zapravki.yandex.ru
яндекс заправки как добавить карту лояльности;2000000;6;45;392;8;3;zapravki.yandex.ru
как потратить яндекс баллы на заправке;1000000;6;38;36;10;3;zapravki.yandex.ru
как зарядить электромобиль в москве приложение;1000000;6;46;6;6;3;zapravki.yandex.ru
как называется мобильное приложение для оплаты топлива онлайн;2000000;8;61;11;2;3;zapravki.yandex.ru
азс для электромобилей;659000;3;22;63;3;3;zapravki.yandex.ru
яндекс заправка скачать приложение андроид бесплатно на русском полную версию;2000000;10;77;17;4;3;zapravki.yandex.ru
как заправиться на баллы яндекс плюс;639000;6;36;6;3;3;zapravki.yandex.ru
приложение для заправки электромобиля;1000000;4;37;44;4;3;zapravki.yandex.ru
приложение заправки электромобилей;2000000;3;34;66;2;3;zapravki.yandex.ru
как заправиться через яндекс навигатор со скидкой;1000000;7;49;22;5;3;zapravki.yandex.ru
яндекс заправки клинцы;444000;3;22;4;4;3;zapravki.yandex.ru
заправиться через яндекс навигатор;45000;4;34;117;5;3;zapravki.yandex.ru
яндекс заправки спб;873000;3;19;75;4;3;zapravki.yandex.ru
скачать приложение заправка;1000000;3;27;4801;6;3;zapravki.yandex.ru
скачать яндекс заправки на андроид приложение бесплатно без регистрации на русском;2000000;11;82;7;5;3;zapravki.yandex.ru
яндекс навигатор заправка со скидкой;2000000;5;36;93;3;3;zapravki.yandex.ru
яндекс карты мойка;1000000;3;18;147;4;3;zapravki.yandex.ru
яндекс газ;515000;2;10;2523;6;3;zapravki.yandex.ru
заправка навигатор;691000;2;18;1002;2;3;zapravki.yandex.ru
заправка;7000000;1;8;1505303;4570;4;zapravki.yandex.ru
приложение яндекс заправки скачать бесплатно на телефон;3000000;7;55;56;0;3;zapravki.yandex.ru
яндекс такси эвакуация;1000000;3;22;3;0;3;zapravki.yandex.ru
заправка в навигаторе скидки;770000;4;28;31;0;3;zapravki.yandex.ru
как оплачивать через яндекс заправка;627000;5;36;159;0;3;zapravki.yandex.ru
яндекс навигатор заправки как пользоваться;437000;5;42;26;0;3;zapravki.yandex.ru
бензин приложение для мобильного;1000000;4;32;5;0;3;zapravki.yandex.ru
азс на яндекс картах;2000000;4;20;161;0;3;zapravki.yandex.ru
как оплатить топливо в яндекс навигаторе;589000;6;40;2;0;3;zapravki.yandex.ru
как заправлять машину через яндекс;876000;5;34;113;0;3;zapravki.yandex.ru
оплата через навигатор;954000;3;22;165;1;3;zapravki.yandex.ru
как зарегистрироваться на яндекс заправки;690000;5;41;6;0;3;zapravki.yandex.ru
бесконтактная оплата на азс;884000;4;27;30;0;3;zapravki.yandex.ru
заправка по навигатору со скидкой;1000000;5;33;2;0;3;zapravki.yandex.ru
как платить через яндекс заправки;538000;5;33;29;1;3;zapravki.yandex.ru
поддержка яндекс заправки;1000000;3;25;385;104;4;zapravki.yandex.ru
добавить карту лояльности в яндекс заправки;66000;6;43;404;14;4;zapravki.yandex.ru
электрозаправки приложение;1000000;2;26;167;20;4;zapravki.yandex.ru
яндекс заправки техподдержка;1000000;3;28;126;39;4;zapravki.yandex.ru
скачать яндекс заправки на андроид;973000;5;34;408;16;4;zapravki.yandex.ru
яндекс заправка горячая линия;1000000;4;29;385;26;4;zapravki.yandex.ru
электро азс;327000;2;11;91;14;4;zapravki.yandex.ru
мойка на заправке;454000;3;17;587;54;4;zapravki.yandex.ru
яндекс заправки приложение скачать на андроид бесплатно на русском;3000000;9;66;171;38;4;zapravki.yandex.ru
электро заправка;725000;2;16;1660;48;4;zapravki.yandex.ru
заправки электромобилей;502000;2;23;4763;25;4;zapravki.yandex.ru
заправк;7000000;1;7;287;59;4;zapravki.yandex.ru
скидка на бензин;812000;3;16;1540;52;4;zapravki.yandex.ru
rnazs yandex fuel;143000;3;17;63;15;4;zapravki.yandex.ru
телефон яндекс заправки;2000000;3;23;636;41;4;zapravki.yandex.ru
скидка на топливо;862000;3;17;2476;74;4;zapravki.yandex.ru
приложение для эвакуатора;1000000;3;25;192;13;4;zapravki.yandex.ru
сайт заправки;2000000;2;13;3099;6;4;zapravki.yandex.ru
как заправиться через яндекс карты;1000000;5;34;35;7;4;zapravki.yandex.ru
скидка на заправки;918000;3;18;4350;8;4;zapravki.yandex.ru
бесконтактная оплата топлива;1000000;3;28;63;7;4;zapravki.yandex.ru
как заправиться на яндекс заправке;523000;5;34;206;8;4;zapravki.yandex.ru
яндекс заправки номер телефона поддержки;2000000;5;40;19;6;4;zapravki.yandex.ru
яндекс заправки как привязать карту лояльности;1000000;6;46;132;11;4;zapravki.yandex.ru
как заправляться на яндекс заправках;521000;5;36;200;8;4;zapravki.yandex.ru
яндекс заправки уфа башнефть;548000;4;28;14;10;4;zapravki.yandex.ru
как оплатить яндекс заправку;608000;4;28;442;7;4;zapravki.yandex.ru
как пользоваться яндекс заправкой через приложение яндекс навигатор;2000000;8;67;12;11;4;zapravki.yandex.ru
яндекс карты автомойка;2000000;3;22;122;10;4;zapravki.yandex.ru
электро автозаправка;372000;2;20;15;7;4;zapravki.yandex.ru
аправка;4000;1;7;170;8;4;zapravki.yandex.ru
карта лояльности татнефть в яндекс заправки;52000;6;43;98;12;4;zapravki.yandex.ru
как заправиться через навигатор яндекс со скидкой;1000000;7;49;22;5;4;zapravki.yandex.ru
яндекс заправки скачать приложение на андроид;2000000;6;45;385;133;5;zapravki.yandex.ru
яндекс заправки через яндекс про;501000;5;32;137;0;4;zapravki.yandex.ru
как заправиться со скидкой через яндекс навигатор;2000000;7;49;20;1;4;zapravki.yandex.ru
как заправить через яндекс навигатор;489000;5;36;25;0;4;zapravki.yandex.ru
как подключить карту лояльности в яндекс заправках;1000000;7;50;2;0;4;zapravki.yandex.ru
как добавить карту лояльности в яндекс заправки;2000000;7;47;339;137;5;zapravki.yandex.ru
как оплачивать бензин через яндекс;650000;5;34;58;4;4;zapravki.yandex.ru
яндекс заправки татнефть карта лояльности;1000000;5;41;144;1;4;zapravki.yandex.ru
как заправить машину через яндекс;406000;5;33;113;3;4;zapravki.yandex.ru
как оплатить баллами роснефть в яндекс заправках;589000;7;48;4;0;4;zapravki.yandex.ru
яндекс заправки контакты служба поддержки;2000000;5;41;6;5;4;zapravki.yandex.ru
оплата заправки через яндекс навигатор со скидкой;2000000;7;49;4;4;4;zapravki.yandex.ru
зарядка яндекс;7000;2;14;5038;157;5;zapravki.yandex.ru
как заправляться через яндекс карты;2000000;5;35;35;3;4;zapravki.yandex.ru
бонусы на заправках;151000;3;19;5080;5;4;zapravki.yandex.ru
яндекс заправки поддержка;2000000;3;25;388;101;5;zapravki.yandex.ru
приложение для зарядки электромобиля;946000;4;36;339;22;5;zapravki.yandex.ru
яндекс заправки техподдержка телефон;899000;4;36;55;27;5;zapravki.yandex.ru
яндекс услуги эвакуатор;10000;3;23;156;43;5;zapravki.yandex.ru
бензин со скидкой;1000000;3;17;168;25;5;zapravki.yandex.ru
яндекс заправка скачать приложение андроид;1000000;5;42;438;28;5;zapravki.yandex.ru
служба поддержки яндекс заправки;977000;4;32;85;25;5;zapravki.yandex.ru
записаться на мойку машины через интернет;1000000;6;41;79;62;5;zapravki.yandex.ru
эвакуатор яндекс услуги;1000000;3;23;156;43;5;zapravki.yandex.ru
ооо яндекс заправки;2000000;3;19;127;45;5;zapravki.yandex.ru
яндекс заправки поддержка телефон;3000000;4;33;149;28;5;zapravki.yandex.ru
акции на заправках;868000;3;18;1889;65;5;zapravki.yandex.ru
как добавить карту лояльности в яндекс заправки татнефть;2000000;8;56;52;45;5;zapravki.yandex.ru
как заправляться через яндекс заправки на роснефть;478000;7;50;52;25;5;zapravki.yandex.ru
записаться на мойку;322000;3;19;831;44;5;zapravki.yandex.ru
скидки на бензин;791000;3;16;1540;79;5;zapravki.yandex.ru
яндекс заправка башнефть;542000;3;24;283;19;5;zapravki.yandex.ru
как заправиться через навигатор яндекс;520000;5;38;69;5;5;zapravki.yandex.ru
приложение для поиска зарядки электромобилей;2000000;5;44;7;7;5;zapravki.yandex.ru
привязать карту лояльности к яндекс заправки;1000000;6;44;56;8;5;zapravki.yandex.ru
как заправиться онлайн;1000000;3;22;315;7;5;zapravki.yandex.ru
яндекс заправки татнефть;1000000;3;24;255;8;5;zapravki.yandex.ru
как оплачивать бензин не выходя из машины;315000;7;41;78;6;5;zapravki.yandex.ru
приложение для зарядки электромобилей;1000000;4;37;360;17;5;zapravki.yandex.ru
акции заправки;940000;2;14;4353;8;5;zapravki.yandex.ru
поддержка яндекс заправки номер телефона;3000000;5;40;19;12;5;zapravki.yandex.ru
как платить на заправке не выходя из машины;753000;8;43;10;7;5;zapravki.yandex.ru
как заправляться со скидкой на заправках;1000000;6;40;59;17;5;zapravki.yandex.ru
как заправиться со скидкой;527000;4;26;273;13;5;zapravki.yandex.ru
яндекс заправки и лукойл;1000000;4;24;13;7;5;zapravki.yandex.ru
как оплатить бензин через яндекс навигатор на заправке;781000;8;54;14;12;5;zapravki.yandex.ru
приложение эвакуатор москва;2000000;3;27;51;18;5;zapravki.yandex.ru
заправка скачать бесплатно;1000000;3;26;2484;5;5;zapravki.yandex.ru
добавить бонусную карту в яндекс заправки;2000000;6;41;24;0;5;zapravki.yandex.ru
танкер яндекс заправка;615000;3;22;29;1;5;zapravki.yandex.ru
эвакуатор приложения;950000;2;20;474;2;5;zapravki.yandex.ru
яндекс заправки горячая линия 8800;1000000;5;34;1;0;5;zapravki.yandex.ru
яндекс заправка техподдержка телефон;2000000;4;36;55;2;5;zapravki.yandex.ru
приложения заправок электромобилей;1000000;3;34;69;0;5;zapravki.yandex.ru
как оплачивать бензин через яндекс навигатор;715000;6;44;19;3;5;zapravki.yandex.ru
как платить на азс с телефона;2000000;6;29;6;2;5;zapravki.yandex.ru
приложение зарядки электромобилей;1000000;3;33;380;3;5;zapravki.yandex.ru
как заправляться онлайн;2000000;3;23;315;2;5;zapravki.yandex.ru
приложение для электрозаправок в россии;2000000;5;39;5;4;5;zapravki.yandex.ru
заправки электро;648000;2;16;1626;3;5;zapravki.yandex.ru
яндекс заправки как пользоваться лукойл;526000;5;39;2;0;5;zapravki.yandex.ru
как заправлять машину через приложение;1000000;5;38;241;3;5;zapravki.yandex.ru
номер яндекс заправки;1000000;3;21;166;5;5;zapravki.yandex.ru
яндекс заправки как пользоваться роснефть заправка;1000000;6;50;25;0;5;zapravki.yandex.ru
как заправляться через яндекс навигатор;550000;5;39;69;15;6;zapravki.yandex.ru
яндекс заправки телефон поддержки;2000000;4;33;149;42;6;zapravki.yandex.ru
скачать приложение заправки;1000000;3;27;4801;70;6;zapravki.yandex.ru
акции на топливо;1000000;3;16;583;33;6;zapravki.yandex.ru
заправка для электромобилей;824000;3;27;1365;62;6;zapravki.yandex.ru
ннк заправка приложение;1000000;3;23;116;17;6;zapravki.yandex.ru
яндекс заправки горячая линия;1000000;4;29;385;140;6;zapravki.yandex.ru
электрозарядки;7000000;1;14;4993;63;6;zapravki.yandex.ru
заправка электромобилей;400000;2;23;4763;80;6;zapravki.yandex.ru
яндекс эвакуатор спб;825000;3;20;71;55;6;zapravki.yandex.ru
горячая линия яндекс заправки;984000;4;29;402;143;6;zapravki.yandex.ru
приложение заправить авто;2000000;3;25;442;89;6;zapravki.yandex.ru
приложение для заказа эвакуатора;6000;4;32;31;17;6;zapravki.yandex.ru
заправки для электромобилей;402000;3;27;1365;78;6;zapravki.yandex.ru
заправить авто;744000;2;14;8870;380;6;zapravki.yandex.ru
ближайшая заправка от моего местоположения;1000000;5;42;351;13;6;zapravki.yandex.ru
приложение с эвакуаторами;1000000;3;25;13;1;6;zapravki.yandex.ru
зарядная карта;932000;2;14;2445;2;6;zapravki.yandex.ru
яндекс заправка башнефть как пользоваться;671000;5;41;36;4;6;zapravki.yandex.ru
скидки на заправку топливом;850000;4;27;670;2;6;zapravki.yandex.ru
включи заправку;1000000;2;15;1322;3;6;zapravki.yandex.ru
заправка для электрокара;813000;3;24;76;1;6;zapravki.yandex.ru
заправки акции;1000000;2;14;4353;8;6;zapravki.yandex.ru
заправы;3000;1;7;1926;3;6;zapravki.yandex.ru
электронные заправки для автомобилей;1000000;4;36;14;4;6;zapravki.yandex.ru
баллы азс;844000;2;9;1508;3;6;zapravki.yandex.ru
как оплатить заправку не выходя из машины;1000000;7;41;105;11;6;zapravki.yandex.ru
азс бонусы;658000;2;10;4556;8;6;zapravki.yandex.ru
яндекс буксир;444000;2;13;34;1;6;zapravki.yandex.ru
яндекс заправки телефон горячей;2000000;4;31;198;4;6;zapravki.yandex.ru
как заправиться не выходя из машины;426000;6;35;127;13;6;zapravki.yandex.ru
как заправить машину через яндекс навигатор;571000;6;43;2;0;6;zapravki.yandex.ru
плачу за бензин;143000;3;15;864;16;7;zapravki.yandex.ru
почему нет скидки на яндекс заправке;1000000;6;36;118;20;7;zapravki.yandex.ru
электрозарядка;7000000;1;14;4993;37;7;zapravki.yandex.ru
заправка ру;2000000;2;11;306;19;7;zapravki.yandex.ru
как добавить карты лояльности в яндекс заправки;2000000;7;47;339;29;7;zapravki.yandex.ru
яндекс заправки башнефть как пользоваться;599000;5;41;28;17;7;zapravki.yandex.ru
электро заправка для машин;470000;4;26;332;83;7;zapravki.yandex.ru
заправь авто;6000;2;12;8864;37;7;zapravki.yandex.ru
яндекс заправки телефон горячей линии;2000000;5;37;188;45;7;zapravki.yandex.ru
электрическая заправка;794000;2;22;1705;23;7;zapravki.yandex.ru
заправка ближайшая;409000;2;18;11628;1397;7;zapravki.yandex.ru
заправки поблизости;578000;2;19;637;62;7;zapravki.yandex.ru
заказы на эвакуатор приложение;12000;4;30;25;18;7;zapravki.yandex.ru
приложение эвакуатор;1000000;2;20;456;43;7;zapravki.yandex.ru
заправка для электрокаров;783000;3;25;76;0;6;zapravki.yandex.ru
электрические заправки;771000;2;22;1705;16;7;zapravki.yandex.ru
горячая линия яндекс заправки телефон;230000;5;37;203;50;8;zapravki.yandex.ru
приложение для электрозаправок;871000;3;30;41;5;7;zapravki.yandex.ru
электрозарядных станций;107000;2;23;1974;8;7;zapravki.yandex.ru
как подключить карту лояльности к яндекс заправкам;427000;7;50;12;4;7;zapravki.yandex.ru
электромобиль яндекс;1000000;2;20;473;7;7;zapravki.yandex.ru
заправка азс;797000;2;12;13847;130;8;zapravki.yandex.ru
электромобиль заправка;820000;2;22;4639;9;7;zapravki.yandex.ru
как оплатить заправку через яндекс навигатор;760000;6;44;29;8;7;zapravki.yandex.ru
rnazs yandex fuel что это;89000;5;25;20;9;7;zapravki.yandex.ru
приложения для заправки автомобиля;1000000;4;34;71;7;7;zapravki.yandex.ru
как привязать карту лояльности в яндекс заправки;1000000;7;48;78;10;7;zapravki.yandex.ru
мойка возле меня;704000;3;16;21;9;7;zapravki.yandex.ru
заправка авто рядом со мной;2000000;5;27;52;2;7;zapravki.yandex.ru
приложение для электромобилей;1000000;3;29;787;9;7;zapravki.yandex.ru
приложение для зарядки авто;1000000;4;27;65;10;7;zapravki.yandex.ru
скачать яндекс заправки на андроид приложение бесплатно;3000000;7;55;225;46;8;zapravki.yandex.ru
бонусы азс;900000;2;10;4593;8;8;zapravki.yandex.ru
приложения для электромобилей;1000000;3;29;787;10;8;zapravki.yandex.ru
приложения для зарядки электромобиля;978000;4;36;354;16;8;zapravki.yandex.ru
как заправляться не выходя из машины;724000;6;36;127;10;8;zapravki.yandex.ru
яндекс эвакуатор екатеринбург;281000;3;29;16;13;8;zapravki.yandex.ru
приложение для зарядки автомобиля;1000000;4;33;55;9;8;zapravki.yandex.ru
как привязать карту лояльности в яндекс заправки татнефть;1000000;8;57;23;20;8;zapravki.yandex.ru
скидки на бензин спб;412000;4;20;19;15;8;zapravki.yandex.ru
скачать азс;378000;2;11;12165;19;8;zapravki.yandex.ru
заправки авто;1000000;2;13;16534;11;8;zapravki.yandex.ru
заправка через яндекс про;1000000;4;25;138;23;8;zapravki.yandex.ru
скидки азс;902000;2;10;1723;19;8;zapravki.yandex.ru
как заправляться со скидкой;1000000;4;27;267;9;8;zapravki.yandex.ru
как оплачивать заправку не выходя из машины;691000;7;43;105;18;8;zapravki.yandex.ru
станции зарядки электромобилей;887000;3;30;2411;27;8;zapravki.yandex.ru
яндекс заправки телефон поддержки для клиентов;3000000;6;46;10;6;8;zapravki.yandex.ru
как списать баллы роснефть через яндекс заправки;666000;7;48;56;40;9;zapravki.yandex.ru
приложение с зарядками для электрокаров;551000;5;39;1;0;8;zapravki.yandex.ru
эвакуатор в яндекс навигаторе;412000;4;29;9;0;8;zapravki.yandex.ru
азс скачать бесплатно;55000;3;21;3211;0;8;zapravki.yandex.ru
как заправлять машину через яндекс навигатор;478000;6;44;2;0;8;zapravki.yandex.ru
записаться на мойку машины;1000000;4;26;212;46;9;zapravki.yandex.ru
приложения для зарядки авто;2000000;4;27;61;3;8;zapravki.yandex.ru
яндекс заправки телефон горячей линии позвонить;2000000;6;47;7;0;8;zapravki.yandex.ru
как заправиться через яндекс про на андроиде;324000;7;44;2;2;8;zapravki.yandex.ru
приложение станции зарядки электромобилей;1000000;4;41;2;0;8;zapravki.yandex.ru
как заправиться через яндекс навигатор;809000;5;38;69;5;8;zapravki.yandex.ru
скачать приложение яндекс заправки бесплатно на андроид последняя версия;3000000;9;72;8;2;8;zapravki.yandex.ru
телефон яндекс заправки горячая линия;2000000;5;37;199;47;9;zapravki.yandex.ru
электрозаправочная;8000000;1;18;591;1;8;zapravki.yandex.ru
электрические зарядки;626000;2;21;7267;5;8;zapravki.yandex.ru
топливо онлайн;1000000;2;14;8607;34;9;zapravki.yandex.ru
как заправиться через приложение яндекс про;1000000;6;43;9;4;9;zapravki.yandex.ru
яндекс заправка башнефть как пользоваться приложением;2000000;6;53;7;7;9;zapravki.yandex.ru
электро зарядка;812000;2;15;2931;12;9;zapravki.yandex.ru
как оплатить яндекс навигатор для автомобиля;887000;6;44;6;6;9;zapravki.yandex.ru
как использовать промокод в яндекс заправке;540000;6;43;48;11;9;zapravki.yandex.ru
бензозаправка рядом;235000;2;19;130;5;9;zapravki.yandex.ru
яндекс заправка телефон горячей линии;2000000;5;37;188;18;9;zapravki.yandex.ru
azs online;1000000;2;10;176;11;9;zapravki.yandex.ru
яндекс услуги эвакуатор москва;970000;4;30;17;13;9;zapravki.yandex.ru
как добавить бонусную карту в яндекс заправки;2000000;7;45;22;8;9;zapravki.yandex.ru
электро зарядки;11000;2;15;2931;19;9;zapravki.yandex.ru
приложение для электромобилей зарядки;1000000;4;37;354;18;9;zapravki.yandex.ru
электрическая заправка автомобиля;104000;3;33;137;5;9;zapravki.yandex.ru
приложение зарядок для электромобилей;1000000;4;37;360;13;9;zapravki.yandex.ru
акции на бензин;974000;3;15;515;19;9;zapravki.yandex.ru
заправка ближайшие;769000;2;18;11628;4;9;zapravki.yandex.ru
мойка приложение;843000;2;16;1338;13;10;zapravki.yandex.ru
скачать приложение азс;1000000;3;22;8169;23;10;zapravki.yandex.ru
4 рубля с литра яндекс;3000000;5;22;21;0;9;zapravki.yandex.ru
зарядка электромобиль;788000;2;21;25441;20;10;zapravki.yandex.ru
электрозаправка;6000000;1;15;10129;157;10;zapravki.yandex.ru
заправка бензином;872000;2;17;51312;16;10;zapravki.yandex.ru
заправить электромобиль;726000;2;23;832;1;9;zapravki.yandex.ru
ближайшая заправка;966000;2;18;11628;1397;10;zapravki.yandex.ru
карта заправок скачать;1000000;3;22;767;0;9;zapravki.yandex.ru
заправки азс;455000;2;12;13844;33;10;zapravki.yandex.ru
заправки на моем пути;1000000;4;21;13;2;9;zapravki.yandex.ru
заправка через яндекс таксометр;394000;4;31;2;0;9;zapravki.yandex.ru
карта с заправками по маршруту;1000000;5;30;36;17;10;zapravki.yandex.ru
яндекс про как заправиться;847000;4;26;202;0;9;zapravki.yandex.ru
приложение для поиска электрозаправок;2000000;4;37;4;3;9;zapravki.yandex.ru
приложение для зарядки электромобиля в россии;2000000;6;45;18;7;10;zapravki.yandex.ru
заправка бензин ближайшая;435000;3;25;211;14;11;zapravki.yandex.ru
ближайший заправка;996000;2;18;11628;67;11;zapravki.yandex.ru
бесплатная заправка;10000;2;19;4020;2;10;zapravki.yandex.ru
заправка карта;1000000;2;14;51688;56;11;zapravki.yandex.ru
как заправляться через навигатор;81000;4;32;83;1;10;zapravki.yandex.ru
ближайшие заправки рядом со мной;1000000;5;32;708;22;11;zapravki.yandex.ru
программа для зарядки электромобилей;905000;4;36;14;5;10;zapravki.yandex.ru
как заправлять машину через яндекс про;730000;6;38;10;1;10;zapravki.yandex.ru
приложение с зарядными станциями для электромобилей;1000000;6;51;14;2;10;zapravki.yandex.ru
бонусные программы заправок;53000;3;27;65;0;10;zapravki.yandex.ru
заправка карты;290000;2;14;51680;6;10;zapravki.yandex.ru
акции бензин;861000;2;12;849;4;10;zapravki.yandex.ru
заправка поблизости;693000;2;19;637;43;11;zapravki.yandex.ru
заправка рф;984000;2;11;736;2;10;zapravki.yandex.ru
скидка на первую заправку яндекс заправки;2000000;6;41;29;6;10;zapravki.yandex.ru
приложения для заправки автомобиля с телефона;2000000;6;45;16;11;11;zapravki.yandex.ru
автомойка на заправке;714000;3;21;266;9;11;zapravki.yandex.ru
заправь машину;1000000;2;14;44219;5;11;zapravki.yandex.ru
робомойка тула адреса;89000;3;21;4;4;11;zapravki.yandex.ru
запись в автомойку;1000000;3;18;189;3;11;zapravki.yandex.ru
как заправляться на заправке через яндекс навигатор;892000;7;51;15;0;11;zapravki.yandex.ru
